clean_path,noisy_path,text
Dataset/clean/000000.tif,Dataset/noisy/000000.tif,॥
Dataset/clean/000001.tif,Dataset/noisy/000001.tif,॥
Dataset/clean/000002.tif,Dataset/noisy/000002.tif,॥
Dataset/clean/000003.tif,Dataset/noisy/000003.tif,तात्कालिक
Dataset/clean/000004.tif,Dataset/noisy/000004.tif,चरपला
Dataset/clean/000005.tif,Dataset/noisy/000005.tif,नि
Dataset/clean/000006.tif,Dataset/noisy/000006.tif,८७१४०
Dataset/clean/000007.tif,Dataset/noisy/000007.tif,ऋणानिदिनद
Dataset/clean/000008.tif,Dataset/noisy/000008.tif,)
Dataset/clean/000009.tif,Dataset/noisy/000009.tif,२७१४०
Dataset/clean/000010.tif,Dataset/noisy/000010.tif,य्या
Dataset/clean/000011.tif,Dataset/noisy/000011.tif,दि
Dataset/clean/000012.tif,Dataset/noisy/000012.tif,3
Dataset/clean/000013.tif,Dataset/noisy/000013.tif,2144
Dataset/clean/000014.tif,Dataset/noisy/000014.tif,त्र्यंर्ध
Dataset/clean/000015.tif,Dataset/noisy/000015.tif,रात्रिप्रमाणं
Dataset/clean/000016.tif,Dataset/noisy/000016.tif,२७
Dataset/clean/000017.tif,Dataset/noisy/000017.tif,४०
Dataset/clean/000018.tif,Dataset/noisy/000018.tif,१1१
Dataset/clean/000019.tif,Dataset/noisy/000019.tif,अयनांशाः
Dataset/clean/000020.tif,Dataset/noisy/000020.tif,२
Dataset/clean/000021.tif,Dataset/noisy/000021.tif,तत्रसा
Dataset/clean/000022.tif,Dataset/noisy/000022.tif,लग्नं
Dataset/clean/000023.tif,Dataset/noisy/000023.tif,साध्यं
Dataset/clean/000024.tif,Dataset/noisy/000024.tif,दिना
Dataset/clean/000025.tif,Dataset/noisy/000025.tif,त्या
Dataset/clean/000026.tif,Dataset/noisy/000026.tif,तत्कालार्क
Dataset/clean/000027.tif,Dataset/noisy/000027.tif,तस्मात्
Dataset/clean/000028.tif,Dataset/noisy/000028.tif,2191
Dataset/clean/000029.tif,Dataset/noisy/000029.tif,य
Dataset/clean/000030.tif,Dataset/noisy/000030.tif,21
Dataset/clean/000031.tif,Dataset/noisy/000031.tif,22
Dataset/clean/000032.tif,Dataset/noisy/000032.tif,भोग्य
Dataset/clean/000033.tif,Dataset/noisy/000033.tif,कालः
Dataset/clean/000034.tif,Dataset/noisy/000034.tif,युतं
Dataset/clean/000035.tif,Dataset/noisy/000035.tif,कलं
Dataset/clean/000036.tif,Dataset/noisy/000036.tif,काल
Dataset/clean/000037.tif,Dataset/noisy/000037.tif,सर्व
Dataset/clean/000038.tif,Dataset/noisy/000038.tif,जंग
Dataset/clean/000039.tif,Dataset/noisy/000039.tif,सर्वजंतुनां
Dataset/clean/000040.tif,Dataset/noisy/000040.tif,या
Dataset/clean/000041.tif,Dataset/noisy/000041.tif,॥
Dataset/clean/000042.tif,Dataset/noisy/000042.tif,भावः
Dataset/clean/000043.tif,Dataset/noisy/000043.tif,जा
Dataset/clean/000044.tif,Dataset/noisy/000044.tif,तो
Dataset/clean/000045.tif,Dataset/noisy/000045.tif,राशि
Dataset/clean/000046.tif,Dataset/noisy/000046.tif,मीन
Dataset/clean/000047.tif,Dataset/noisy/000047.tif,कुंभ
Dataset/clean/000048.tif,Dataset/noisy/000048.tif,मकर
Dataset/clean/000049.tif,Dataset/noisy/000049.tif,धन
Dataset/clean/000050.tif,Dataset/noisy/000050.tif,कन्या
Dataset/clean/000051.tif,Dataset/noisy/000051.tif,सिंह
Dataset/clean/000052.tif,Dataset/noisy/000052.tif,कर्क
Dataset/clean/000053.tif,Dataset/noisy/000053.tif,मिथुन
Dataset/clean/000054.tif,Dataset/noisy/000054.tif,वृषभ
Dataset/clean/000055.tif,Dataset/noisy/000055.tif,मेघ
Dataset/clean/000056.tif,Dataset/noisy/000056.tif,मं
Dataset/clean/000057.tif,Dataset/noisy/000057.tif,के
Dataset/clean/000058.tif,Dataset/noisy/000058.tif,333
Dataset/clean/000059.tif,Dataset/noisy/000059.tif,जा
Dataset/clean/000060.tif,Dataset/noisy/000060.tif,५५
Dataset/clean/000061.tif,Dataset/noisy/000061.tif,भावनिर्णय
Dataset/clean/000062.tif,Dataset/noisy/000062.tif,इत्यादि
Dataset/clean/000063.tif,Dataset/noisy/000063.tif,ता
Dataset/clean/000064.tif,Dataset/noisy/000064.tif,वा
Dataset/clean/000065.tif,Dataset/noisy/000065.tif,तनुभाव
Dataset/clean/000066.tif,Dataset/noisy/000066.tif,जा
Dataset/clean/000067.tif,Dataset/noisy/000067.tif,साध
Dataset/clean/000068.tif,Dataset/noisy/000068.tif,तू
Dataset/clean/000069.tif,Dataset/noisy/000069.tif,दशम
Dataset/clean/000070.tif,Dataset/noisy/000070.tif,बोधपूर्व
Dataset/clean/000071.tif,Dataset/noisy/000071.tif,तोन्नत
Dataset/clean/000072.tif,Dataset/noisy/000072.tif,साधनाय
Dataset/clean/000073.tif,Dataset/noisy/000073.tif,न
Dataset/clean/000074.tif,Dataset/noisy/000074.tif,उशेष
Dataset/clean/000075.tif,Dataset/noisy/000075.tif,याभा
Dataset/clean/000076.tif,Dataset/noisy/000076.tif,की
Dataset/clean/000077.tif,Dataset/noisy/000077.tif,।
Dataset/clean/000078.tif,Dataset/noisy/000078.tif,मिति
Dataset/clean/000079.tif,Dataset/noisy/000079.tif,॥
Dataset/clean/000080.tif,Dataset/noisy/000080.tif,तत्र
Dataset/clean/000081.tif,Dataset/noisy/000081.tif,रात्रेः
Dataset/clean/000082.tif,Dataset/noisy/000082.tif,शेषं
Dataset/clean/000083.tif,Dataset/noisy/000083.tif,दिनद
Dataset/clean/000084.tif,Dataset/noisy/000084.tif,ले
Dataset/clean/000085.tif,Dataset/noisy/000085.tif,पूर्वपश्चिपन
Dataset/clean/000086.tif,Dataset/noisy/000086.tif,नयुतं
Dataset/clean/000087.tif,Dataset/noisy/000087.tif,पूर्वपश्चिप
Dataset/clean/000088.tif,Dataset/noisy/000088.tif,तू
Dataset/clean/000089.tif,Dataset/noisy/000089.tif,स
Dataset/clean/000090.tif,Dataset/noisy/000090.tif,अर्द्ध
Dataset/clean/000091.tif,Dataset/noisy/000091.tif,युक्तं
Dataset/clean/000092.tif,Dataset/noisy/000092.tif,दिनस्यदलं
Dataset/clean/000093.tif,Dataset/noisy/000093.tif,लेन
Dataset/clean/000094.tif,Dataset/noisy/000094.tif,गनंदिनद
Dataset/clean/000095.tif,Dataset/noisy/000095.tif,वका
Dataset/clean/000096.tif,Dataset/noisy/000096.tif,स:तिकालि
Dataset/clean/000097.tif,Dataset/noisy/000097.tif,ख्यंते
Dataset/clean/000098.tif,Dataset/noisy/000098.tif,मं
Dataset/clean/000099.tif,Dataset/noisy/000099.tif,चं
Dataset/clean/000100.tif,Dataset/noisy/000100.tif,श्रु
Dataset/clean/000101.tif,Dataset/noisy/000101.tif,केश
Dataset/clean/000102.tif,Dataset/noisy/000102.tif,.
Dataset/clean/000103.tif,Dataset/noisy/000103.tif,॥४
Dataset/clean/000104.tif,Dataset/noisy/000104.tif,॥४
Dataset/clean/000105.tif,Dataset/noisy/000105.tif,अथर
Dataset/clean/000106.tif,Dataset/noisy/000106.tif,व्यादयः
Dataset/clean/000107.tif,Dataset/noisy/000107.tif,स्पष्टाः
Dataset/clean/000108.tif,Dataset/noisy/000108.tif,र
Dataset/clean/000109.tif,Dataset/noisy/000109.tif,बु
Dataset/clean/000110.tif,Dataset/noisy/000110.tif,श
Dataset/clean/000111.tif,Dataset/noisy/000111.tif,१५
Dataset/clean/000112.tif,Dataset/noisy/000112.tif,अथजन्मलग्नकुड़लायं
Dataset/clean/000113.tif,Dataset/noisy/000113.tif,२
Dataset/clean/000114.tif,Dataset/noisy/000114.tif,गु
Dataset/clean/000115.tif,Dataset/noisy/000115.tif,र श श्रु
Dataset/clean/000116.tif,Dataset/noisy/000116.tif,च
Dataset/clean/000117.tif,Dataset/noisy/000117.tif,रा
Dataset/clean/000118.tif,Dataset/noisy/000118.tif,वाउग्रामस्योदया
Dataset/clean/000119.tif,Dataset/noisy/000119.tif,मेपा
Dataset/clean/000120.tif,Dataset/noisy/000120.tif,म
Dataset/clean/000121.tif,Dataset/noisy/000121.tif,पाहादशक्रमातूइ
Dataset/clean/000122.tif,Dataset/noisy/000122.tif,तुक
Dataset/clean/000123.tif,Dataset/noisy/000123.tif,वृश्चिक
Dataset/clean/000124.tif,Dataset/noisy/000124.tif,पल
Dataset/clean/000125.tif,Dataset/noisy/000125.tif,२३५
Dataset/clean/000126.tif,Dataset/noisy/000126.tif,3
Dataset/clean/000127.tif,Dataset/noisy/000127.tif,33७
Dataset/clean/000128.tif,Dataset/noisy/000128.tif,3
Dataset/clean/000129.tif,Dataset/noisy/000129.tif,लं१६
Dataset/clean/000130.tif,Dataset/noisy/000130.tif,दिनप्र
Dataset/clean/000131.tif,Dataset/noisy/000131.tif,माणंघ
Dataset/clean/000132.tif,Dataset/noisy/000132.tif,120रा
Dataset/clean/000133.tif,Dataset/noisy/000133.tif,१
Dataset/clean/000134.tif,Dataset/noisy/000134.tif,313४१२०
Dataset/clean/000135.tif,Dataset/noisy/000135.tif,।४।
Dataset/clean/000136.tif,Dataset/noisy/000136.tif,दिवाइ
Dataset/clean/000137.tif,Dataset/noisy/000137.tif,सृघय्यादि
Dataset/clean/000138.tif,Dataset/noisy/000138.tif,५
Dataset/clean/000139.tif,Dataset/noisy/000139.tif,४४1११
Dataset/clean/000140.tif,Dataset/noisy/000140.tif,स्प् प्टा
Dataset/clean/000141.tif,Dataset/noisy/000141.tif,र्कस्ता
Dataset/clean/000142.tif,Dataset/noisy/000142.tif,न्घाइ
Dataset/clean/000143.tif,Dataset/noisy/000143.tif,स्सायनोऽस्याेदय
Dataset/clean/000144.tif,Dataset/noisy/000144.tif,43५
Dataset/clean/000145.tif,Dataset/noisy/000145.tif,त्कालिकः
Dataset/clean/000146.tif,Dataset/noisy/000146.tif,नार्क:
Dataset/clean/000147.tif,Dataset/noisy/000147.tif,लग्नं
Dataset/clean/000148.tif,Dataset/noisy/000148.tif,2।७।2।५५
Dataset/clean/000149.tif,Dataset/noisy/000149.tif,तलग्नंरा
Dataset/clean/000150.tif,Dataset/noisy/000150.tif,शिषड्क
Dataset/clean/000151.tif,Dataset/noisy/000151.tif,८।०
Dataset/clean/000152.tif,Dataset/noisy/000152.tif,सर्बकाल
Dataset/clean/000153.tif,Dataset/noisy/000153.tif,अथभावार्धिनंफलं
Dataset/clean/000154.tif,Dataset/noisy/000154.tif,७।
Dataset/clean/000155.tif,Dataset/noisy/000155.tif,यस्मा
Dataset/clean/000156.tif,Dataset/noisy/000156.tif,द्वक्ष्यते
Dataset/clean/000157.tif,Dataset/noisy/000157.tif,वा
Dataset/clean/000158.tif,Dataset/noisy/000158.tif,कयोपपोदितमुख्य
Dataset/clean/000159.tif,Dataset/noisy/000159.tif,नंश
Dataset/clean/000160.tif,Dataset/noisy/000160.tif,र्यभाव
Dataset/clean/000161.tif,Dataset/noisy/000161.tif,क
Dataset/clean/000162.tif,Dataset/noisy/000162.tif,यमुत्का
Dataset/clean/000163.tif,Dataset/noisy/000163.tif,वद्व
Dataset/clean/000164.tif,Dataset/noisy/000164.tif,श्राव
Dataset/clean/000165.tif,Dataset/noisy/000165.tif,द्वादशश्रावघटक
Dataset/clean/000166.tif,Dataset/noisy/000166.tif,श्राव
Dataset/clean/000167.tif,Dataset/noisy/000167.tif,दलवि
Dataset/clean/000168.tif,Dataset/noisy/000168.tif,डिते
Dataset/clean/000169.tif,Dataset/noisy/000169.tif,नाहा
Dataset/clean/000170.tif,Dataset/noisy/000170.tif,रात्रेशेष
Dataset/clean/000171.tif,Dataset/noisy/000171.tif,इतं
Dataset/clean/000172.tif,Dataset/noisy/000172.tif,सतू
Dataset/clean/000173.tif,Dataset/noisy/000173.tif,इंतं
Dataset/clean/000174.tif,Dataset/noisy/000174.tif,शेषं
Dataset/clean/000175.tif,Dataset/noisy/000175.tif,रात्रेः
Dataset/clean/000176.tif,Dataset/noisy/000176.tif,न्वयः
Dataset/clean/000177.tif,Dataset/noisy/000177.tif,तेंभवती
Dataset/clean/000178.tif,Dataset/noisy/000178.tif,७३।३०।४
Dataset/clean/000179.tif,Dataset/noisy/000179.tif,।49।४६
Dataset/clean/000180.tif,Dataset/noisy/000180.tif,१
Dataset/clean/000181.tif,Dataset/noisy/000181.tif,३
Dataset/clean/000182.tif,Dataset/noisy/000182.tif,४
Dataset/clean/000183.tif,Dataset/noisy/000183.tif,५
Dataset/clean/000184.tif,Dataset/noisy/000184.tif,६
Dataset/clean/000185.tif,Dataset/noisy/000185.tif,७
Dataset/clean/000186.tif,Dataset/noisy/000186.tif,८
Dataset/clean/000187.tif,Dataset/noisy/000187.tif,९
Dataset/clean/000188.tif,Dataset/noisy/000188.tif,१०
Dataset/clean/000189.tif,Dataset/noisy/000189.tif,१२
Dataset/clean/000190.tif,Dataset/noisy/000190.tif,२
Dataset/clean/000191.tif,Dataset/noisy/000191.tif,१
Dataset/clean/000192.tif,Dataset/noisy/000192.tif,७
Dataset/clean/000193.tif,Dataset/noisy/000193.tif,३५
Dataset/clean/000194.tif,Dataset/noisy/000194.tif,५७
Dataset/clean/000195.tif,Dataset/noisy/000195.tif,५
Dataset/clean/000196.tif,Dataset/noisy/000196.tif,५
Dataset/clean/000197.tif,Dataset/noisy/000197.tif,१२
Dataset/clean/000198.tif,Dataset/noisy/000198.tif,२३
Dataset/clean/000199.tif,Dataset/noisy/000199.tif,३१
Dataset/clean/000200.tif,Dataset/noisy/000200.tif,८४१
Dataset/clean/000201.tif,Dataset/noisy/000201.tif,४५
Dataset/clean/000202.tif,Dataset/noisy/000202.tif,६
Dataset/clean/000203.tif,Dataset/noisy/000203.tif,१४
Dataset/clean/000204.tif,Dataset/noisy/000204.tif,३७
Dataset/clean/000205.tif,Dataset/noisy/000205.tif,२३
Dataset/clean/000206.tif,Dataset/noisy/000206.tif,१०
Dataset/clean/000207.tif,Dataset/noisy/000207.tif,३८
Dataset/clean/000208.tif,Dataset/noisy/000208.tif,१
Dataset/clean/000209.tif,Dataset/noisy/000209.tif,२३
Dataset/clean/000210.tif,Dataset/noisy/000210.tif,८
Dataset/clean/000211.tif,Dataset/noisy/000211.tif,१४
Dataset/clean/000212.tif,Dataset/noisy/000212.tif,१०५
Dataset/clean/000213.tif,Dataset/noisy/000213.tif,५६
Dataset/clean/000214.tif,Dataset/noisy/000214.tif,४
Dataset/clean/000215.tif,Dataset/noisy/000215.tif,१८
Dataset/clean/000216.tif,Dataset/noisy/000216.tif,२४
Dataset/clean/000217.tif,Dataset/noisy/000217.tif,५
Dataset/clean/000218.tif,Dataset/noisy/000218.tif,७
Dataset/clean/000219.tif,Dataset/noisy/000219.tif,१६
Dataset/clean/000220.tif,Dataset/noisy/000220.tif,२
Dataset/clean/000221.tif,Dataset/noisy/000221.tif,२
Dataset/clean/000222.tif,Dataset/noisy/000222.tif,२६
Dataset/clean/000223.tif,Dataset/noisy/000223.tif,५
Dataset/clean/000224.tif,Dataset/noisy/000224.tif,४०
Dataset/clean/000225.tif,Dataset/noisy/000225.tif,३२
Dataset/clean/000226.tif,Dataset/noisy/000226.tif,४६
Dataset/clean/000227.tif,Dataset/noisy/000227.tif,४२
Dataset/clean/000228.tif,Dataset/noisy/000228.tif,७१
Dataset/clean/000229.tif,Dataset/noisy/000229.tif,८
Dataset/clean/000230.tif,Dataset/noisy/000230.tif,८
Dataset/clean/000231.tif,Dataset/noisy/000231.tif,७
Dataset/clean/000232.tif,Dataset/noisy/000232.tif,गु
Dataset/clean/000233.tif,Dataset/noisy/000233.tif,रा
Dataset/clean/000234.tif,Dataset/noisy/000234.tif,१
Dataset/clean/000235.tif,Dataset/noisy/000235.tif,के
Dataset/clean/000236.tif,Dataset/noisy/000236.tif,बु
Dataset/clean/000237.tif,Dataset/noisy/000237.tif,१०
Dataset/clean/000238.tif,Dataset/noisy/000238.tif,१०
Dataset/clean/000239.tif,Dataset/noisy/000239.tif,२६
Dataset/clean/000240.tif,Dataset/noisy/000240.tif,२६
Dataset/clean/000241.tif,Dataset/noisy/000241.tif,५६
Dataset/clean/000242.tif,Dataset/noisy/000242.tif,५६
Dataset/clean/000243.tif,Dataset/noisy/000243.tif,३
Dataset/clean/000244.tif,Dataset/noisy/000244.tif,३
Dataset/clean/000245.tif,Dataset/noisy/000245.tif,११
Dataset/clean/000246.tif,Dataset/noisy/000246.tif,११
Dataset/clean/000247.tif,Dataset/noisy/000247.tif,२३५
Dataset/clean/000248.tif,Dataset/noisy/000248.tif,२६५
Dataset/clean/000249.tif,Dataset/noisy/000249.tif,३०७
Dataset/clean/000250.tif,Dataset/noisy/000250.tif,३३७
Dataset/clean/000251.tif,Dataset/noisy/000251.tif,३२१
Dataset/clean/000252.tif,Dataset/noisy/000252.tif,३२१
Dataset/clean/000253.tif,Dataset/noisy/000253.tif,०८
Dataset/clean/000254.tif,Dataset/noisy/000254.tif,६
Dataset/clean/000255.tif,Dataset/noisy/000255.tif,२
Dataset/clean/000256.tif,Dataset/noisy/000256.tif,५
Dataset/clean/000257.tif,Dataset/noisy/000257.tif,2।
Dataset/clean/000258.tif,Dataset/noisy/000258.tif,तेनयुत
Dataset/clean/000259.tif,Dataset/noisy/000259.tif,33
Dataset/clean/000260.tif,Dataset/noisy/000260.tif,थ्य
Dataset/clean/000261.tif,Dataset/noisy/000261.tif,प्राणायाल
Dataset/clean/000262.tif,Dataset/noisy/000262.tif,प्रपंचः
Dataset/clean/000263.tif,Dataset/noisy/000263.tif,रवि
Dataset/clean/000264.tif,Dataset/noisy/000264.tif,का
Dataset/clean/000265.tif,Dataset/noisy/000265.tif,तदमियाय
Dataset/clean/000266.tif,Dataset/noisy/000266.tif,मेव
Dataset/clean/000267.tif,Dataset/noisy/000267.tif,रूप
Dataset/clean/000268.tif,Dataset/noisy/000268.tif,कार
Dataset/clean/000269.tif,Dataset/noisy/000269.tif,ॐ
Dataset/clean/000270.tif,Dataset/noisy/000270.tif,विषय
Dataset/clean/000271.tif,Dataset/noisy/000271.tif,विकल्प
Dataset/clean/000272.tif,Dataset/noisy/000272.tif,कारशब्दाभिधेश्व
Dataset/clean/000273.tif,Dataset/noisy/000273.tif,सर्वः
Dataset/clean/000274.tif,Dataset/noisy/000274.tif,नामधेयं
Dataset/clean/000275.tif,Dataset/noisy/000275.tif,प्राणादिआत्म
Dataset/clean/000276.tif,Dataset/noisy/000276.tif,वो
Dataset/clean/000277.tif,Dataset/noisy/000277.tif,वा
Dataset/clean/000278.tif,Dataset/noisy/000278.tif,तदश्येदं
Dataset/clean/000279.tif,Dataset/noisy/000279.tif,त्या
Dataset/clean/000280.tif,Dataset/noisy/000280.tif,नं
Dataset/clean/000281.tif,Dataset/noisy/000281.tif,मां
Dataset/clean/000282.tif,Dataset/noisy/000282.tif,--------------
Dataset/clean/000283.tif,Dataset/noisy/000283.tif,२
Dataset/clean/000284.tif,Dataset/noisy/000284.tif,त्केन
Dataset/clean/000285.tif,Dataset/noisy/000285.tif,कवि
Dataset/clean/000286.tif,Dataset/noisy/000286.tif,हिद्वैत
Dataset/clean/000287.tif,Dataset/noisy/000287.tif,निवभवति
Dataset/clean/000288.tif,Dataset/noisy/000288.tif,त्तत्रान्योन्य
Dataset/clean/000289.tif,Dataset/noisy/000289.tif,जानीयातूय
Dataset/clean/000290.tif,Dataset/noisy/000290.tif,त्के
Dataset/clean/000291.tif,Dataset/noisy/000291.tif,वाभज
Dataset/clean/000292.tif,Dataset/noisy/000292.tif,लै
Dataset/clean/000293.tif,Dataset/noisy/000293.tif,स्पसिसि
Dataset/clean/000294.tif,Dataset/noisy/000294.tif,तत्रताव
Dataset/clean/000295.tif,Dataset/noisy/000295.tif,स्भ
Dataset/clean/000296.tif,Dataset/noisy/000296.tif,रज्वा
Dataset/clean/000297.tif,Dataset/noisy/000297.tif,प्रतिपत्तिः
Dataset/clean/000298.tif,Dataset/noisy/000298.tif,द्वेत
Dataset/clean/000299.tif,Dataset/noisy/000299.tif,त्मतत्त्व
Dataset/clean/000300.tif,Dataset/noisy/000300.tif,मिस
Dataset/clean/000301.tif,Dataset/noisy/000301.tif,सर्पादिविकल्योपशमे
Dataset/clean/000302.tif,Dataset/noisy/000302.tif,रज्जुतत्वप्रतिपत्तिः
Dataset/clean/000303.tif,Dataset/noisy/000303.tif,वैत
Dataset/clean/000304.tif,Dataset/noisy/000304.tif,स्य
Dataset/clean/000305.tif,Dataset/noisy/000305.tif,द्वैत
Dataset/clean/000306.tif,Dataset/noisy/000306.tif,प्रसंगप्राप्तौ
Dataset/clean/000307.tif,Dataset/noisy/000307.tif,स्या।पिवैतथ्य
Dataset/clean/000308.tif,Dataset/noisy/000308.tif,प्रकरणं
Dataset/clean/000309.tif,Dataset/noisy/000309.tif,द्वियं
Dataset/clean/000310.tif,Dataset/noisy/000310.tif,क्तितस्तथात्व
Dataset/clean/000311.tif,Dataset/noisy/000311.tif,मिवादांत
Dataset/clean/000312.tif,Dataset/noisy/000312.tif,राण्यवैदिका
Dataset/clean/000313.tif,Dataset/noisy/000313.tif,प्रकरणं
Dataset/clean/000314.tif,Dataset/noisy/000314.tif,।
Dataset/clean/000315.tif,Dataset/noisy/000315.tif,त्व
Dataset/clean/000316.tif,Dataset/noisy/000316.tif,स्यत
Dataset/clean/000317.tif,Dataset/noisy/000317.tif,विरोपिलाद
Dataset/clean/000318.tif,Dataset/noisy/000318.tif,र्थत्वे
Dataset/clean/000319.tif,Dataset/noisy/000319.tif,नतदुपपत्तिभिरेव
Dataset/clean/000320.tif,Dataset/noisy/000320.tif,।
Dataset/clean/000321.tif,Dataset/noisy/000321.tif,लंव
Dataset/clean/000322.tif,Dataset/noisy/000322.tif,प्रतिपद्यतइन्युच्यते
Dataset/clean/000323.tif,Dataset/noisy/000323.tif,आह्मतत्वप्रतिपत्युपायत्वं
Dataset/clean/000324.tif,Dataset/noisy/000324.tif,ॐ
Dataset/clean/000325.tif,Dataset/noisy/000325.tif,ॐ
Dataset/clean/000326.tif,Dataset/noisy/000326.tif,सर्द
Dataset/clean/000327.tif,Dataset/noisy/000327.tif,कारए
Dataset/clean/000328.tif,Dataset/noisy/000328.tif,द्दय
Dataset/clean/000329.tif,Dataset/noisy/000329.tif,सर
Dataset/clean/000330.tif,Dataset/noisy/000330.tif,रया
Dataset/clean/000331.tif,Dataset/noisy/000331.tif,दिरिवसर्पादिविकल्प
Dataset/clean/000332.tif,Dataset/noisy/000332.tif,सन्माणादिविकल्पस्या
Dataset/clean/000333.tif,Dataset/noisy/000333.tif,:
Dataset/clean/000334.tif,Dataset/noisy/000334.tif,एवस
Dataset/clean/000335.tif,Dataset/noisy/000335.tif,चात्मरच
Dataset/clean/000336.tif,Dataset/noisy/000336.tif,क
Dataset/clean/000337.tif,Dataset/noisy/000337.tif,तादों
Dataset/clean/000338.tif,Dataset/noisy/000338.tif,वा
Dataset/clean/000339.tif,Dataset/noisy/000339.tif,चारंभणंविकारो
Dataset/clean/000340.tif,Dataset/noisy/000340.tif,नामभिर्दामूभिः
Dataset/clean/000341.tif,Dataset/noisy/000341.tif,संर्वसि
Dataset/clean/000342.tif,Dataset/noisy/000342.tif,त्रत्वस्य
Dataset/clean/000343.tif,Dataset/noisy/000343.tif,सश्यद्वि
Dataset/clean/000344.tif,Dataset/noisy/000344.tif,विकल्पोभिधानव्यतिरेकेणनास्ति
Dataset/clean/000345.tif,Dataset/noisy/000345.tif,०
Dataset/clean/000346.tif,Dataset/noisy/000346.tif,भा
Dataset/clean/000347.tif,Dataset/noisy/000347.tif,०
Dataset/clean/000348.tif,Dataset/noisy/000348.tif,दन्योन्य
Dataset/clean/000349.tif,Dataset/noisy/000349.tif,ती
Dataset/clean/000350.tif,Dataset/noisy/000350.tif,य
Dataset/clean/000351.tif,Dataset/noisy/000351.tif,।
Dataset/clean/000352.tif,Dataset/noisy/000352.tif,वा
Dataset/clean/000353.tif,Dataset/noisy/000353.tif,यत्र
Dataset/clean/000354.tif,Dataset/noisy/000354.tif,अन्य
Dataset/clean/000355.tif,Dataset/noisy/000355.tif,दिवरचा
Dataset/clean/000356.tif,Dataset/noisy/000356.tif,जानीयादित्यादिश्रुतिभ्योस्योर्थ
Dataset/clean/000357.tif,Dataset/noisy/000357.tif,पश्ये
Dataset/clean/000358.tif,Dataset/noisy/000358.tif,कं
Dataset/clean/000359.tif,Dataset/noisy/000359.tif,न
Dataset/clean/000360.tif,Dataset/noisy/000360.tif,मा
Dataset/clean/000361.tif,Dataset/noisy/000361.tif,सर्व
Dataset/clean/000362.tif,Dataset/noisy/000362.tif,।
Dataset/clean/000363.tif,Dataset/noisy/000363.tif,दो
Dataset/clean/000364.tif,Dataset/noisy/000364.tif,र
Dataset/clean/000365.tif,Dataset/noisy/000365.tif,निर्णयाय
Dataset/clean/000366.tif,Dataset/noisy/000366.tif,प्रथमं
Dataset/clean/000367.tif,Dataset/noisy/000367.tif,प्रकरण
Dataset/clean/000368.tif,Dataset/noisy/000368.tif,माग
Dataset/clean/000369.tif,Dataset/noisy/000369.tif,म
Dataset/clean/000370.tif,Dataset/noisy/000370.tif,प्रधानमा
Dataset/clean/000371.tif,Dataset/noisy/000371.tif,।
Dataset/clean/000372.tif,Dataset/noisy/000372.tif,","
Dataset/clean/000373.tif,Dataset/noisy/000373.tif,प्रपंचस्येापशमे
Dataset/clean/000374.tif,Dataset/noisy/000374.tif,द्वैत
Dataset/clean/000375.tif,Dataset/noisy/000375.tif,यस्य
Dataset/clean/000376.tif,Dataset/noisy/000376.tif,प्रतिपत्युपायभूतं
Dataset/clean/000377.tif,Dataset/noisy/000377.tif,तस्य
Dataset/clean/000378.tif,Dataset/noisy/000378.tif,हेतु
Dataset/clean/000379.tif,Dataset/noisy/000379.tif,तो
Dataset/clean/000380.tif,Dataset/noisy/000380.tif,यु
Dataset/clean/000381.tif,Dataset/noisy/000381.tif,द्वैत
Dataset/clean/000382.tif,Dataset/noisy/000382.tif,।
Dataset/clean/000383.tif,Dataset/noisy/000383.tif,तथा
Dataset/clean/000384.tif,Dataset/noisy/000384.tif,प्रतिपादनाय
Dataset/clean/000385.tif,Dataset/noisy/000385.tif,पक्षभूतानिया
Dataset/clean/000386.tif,Dataset/noisy/000386.tif,दर्शनाय
Dataset/clean/000387.tif,Dataset/noisy/000387.tif,तृतीयं
Dataset/clean/000388.tif,Dataset/noisy/000388.tif,अद्वैत
Dataset/clean/000389.tif,Dataset/noisy/000389.tif,नितेषामन्योन्य
Dataset/clean/000390.tif,Dataset/noisy/000390.tif,था
Dataset/clean/000391.tif,Dataset/noisy/000391.tif,प्रतिपत्तिप्रति
Dataset/clean/000392.tif,Dataset/noisy/000392.tif,तथा
Dataset/clean/000393.tif,Dataset/noisy/000393.tif,निशक
Dataset/clean/000394.tif,Dataset/noisy/000394.tif,रणाय
Dataset/clean/000395.tif,Dataset/noisy/000395.tif,चतुर्थप्रकरणं
Dataset/clean/000396.tif,Dataset/noisy/000396.tif,कथंपुनरों
Dataset/clean/000397.tif,Dataset/noisy/000397.tif,कारनि
Dataset/clean/000398.tif,Dataset/noisy/000398.tif,मित्येतदेतदा
Dataset/clean/000399.tif,Dataset/noisy/000399.tif,ॐ
Dataset/clean/000400.tif,Dataset/noisy/000400.tif,।
Dataset/clean/000401.tif,Dataset/noisy/000401.tif,र्णय
Dataset/clean/000402.tif,Dataset/noisy/000402.tif,न
Dataset/clean/000403.tif,Dataset/noisy/000403.tif,मे
Dataset/clean/000404.tif,Dataset/noisy/000404.tif,तद्वै
Dataset/clean/000405.tif,Dataset/noisy/000405.tif,सत्यकाम
Dataset/clean/000406.tif,Dataset/noisy/000406.tif,मिति
Dataset/clean/000407.tif,Dataset/noisy/000407.tif,आत्मा
Dataset/clean/000408.tif,Dataset/noisy/000408.tif,नंयुं
Dataset/clean/000409.tif,Dataset/noisy/000409.tif,जीत
Dataset/clean/000410.tif,Dataset/noisy/000410.tif,मि
Dataset/clean/000411.tif,Dataset/noisy/000411.tif,तिब्रह्म
Dataset/clean/000412.tif,Dataset/noisy/000412.tif,ॐ
Dataset/clean/000413.tif,Dataset/noisy/000413.tif,वेदं
Dataset/clean/000414.tif,Dataset/noisy/000414.tif,परमार्थः
Dataset/clean/000415.tif,Dataset/noisy/000415.tif,आत्मा
Dataset/clean/000416.tif,Dataset/noisy/000416.tif,दो
Dataset/clean/000417.tif,Dataset/noisy/000417.tif,रज्वा
Dataset/clean/000418.tif,Dataset/noisy/000418.tif,।
Dataset/clean/000419.tif,Dataset/noisy/000419.tif,मित्यादिश्रुतिभ्यः
Dataset/clean/000420.tif,Dataset/noisy/000420.tif,दो
Dataset/clean/000421.tif,Dataset/noisy/000421.tif,स्य
Dataset/clean/000422.tif,Dataset/noisy/000422.tif,तथा
Dataset/clean/000423.tif,Dataset/noisy/000423.tif,यथा
Dataset/clean/000424.tif,Dataset/noisy/000424.tif,सर्वोपिबाकू
Dataset/clean/000425.tif,Dataset/noisy/000425.tif,गल
Dataset/clean/000426.tif,Dataset/noisy/000426.tif,कीत्रयिति
Dataset/clean/000427.tif,Dataset/noisy/000427.tif,गुरुदारा
Dataset/clean/000428.tif,Dataset/noisy/000428.tif,सुवर्णस्तेयी
Dataset/clean/000429.tif,Dataset/noisy/000429.tif,त्यांव्यपोहति
Dataset/clean/000430.tif,Dataset/noisy/000430.tif,भिगाभ्य
Dataset/clean/000431.tif,Dataset/noisy/000431.tif,भवति
Dataset/clean/000432.tif,Dataset/noisy/000432.tif,सर्वेभ्य:पात
Dataset/clean/000433.tif,Dataset/noisy/000433.tif,च्य
Dataset/clean/000434.tif,Dataset/noisy/000434.tif,च्यउपयातवेु
Dataset/clean/000435.tif,Dataset/noisy/000435.tif,॥
Dataset/clean/000436.tif,Dataset/noisy/000436.tif,व्याख्या
Dataset/clean/000437.tif,Dataset/noisy/000437.tif,त्नांगत्नं
Dataset/clean/000438.tif,Dataset/noisy/000438.tif,कालाग्निरुइो
Dataset/clean/000439.tif,Dataset/noisy/000439.tif,गत्नमंत्रस्यानुषुपूछंदः
Dataset/clean/000440.tif,Dataset/noisy/000440.tif,स्पामो
Dataset/clean/000441.tif,Dataset/noisy/000441.tif,स्पमृत्युत्नां
Dataset/clean/000442.tif,Dataset/noisy/000442.tif,ष्ट
Dataset/clean/000443.tif,Dataset/noisy/000443.tif,राषिर्य
Dataset/clean/000444.tif,Dataset/noisy/000444.tif,भोदवेतामृत्युपस्छाने
Dataset/clean/000445.tif,Dataset/noisy/000445.tif,विनियो
Dataset/clean/000446.tif,Dataset/noisy/000446.tif,उक्रां
Dataset/clean/000447.tif,Dataset/noisy/000447.tif,क्री
Dataset/clean/000448.tif,Dataset/noisy/000448.tif,यइ
Dataset/clean/000449.tif,Dataset/noisy/000449.tif,जिद्वा
Dataset/clean/000450.tif,Dataset/noisy/000450.tif,जिन्यह
Dataset/clean/000451.tif,Dataset/noisy/000451.tif,वरवृष
Dataset/clean/000452.tif,Dataset/noisy/000452.tif,ममो
Dataset/clean/000453.tif,Dataset/noisy/000453.tif,वे
Dataset/clean/000454.tif,Dataset/noisy/000454.tif,लिंगविरूपाक्षं
Dataset/clean/000455.tif,Dataset/noisy/000455.tif,पुरुषमूर्ध
Dataset/clean/000456.tif,Dataset/noisy/000456.tif,नायस्फे
Dataset/clean/000457.tif,Dataset/noisy/000457.tif,वाहंकालं
Dataset/clean/000458.tif,Dataset/noisy/000458.tif,नकपिलरूपाय
Dataset/clean/000459.tif,Dataset/noisy/000459.tif,१८७
Dataset/clean/000460.tif,Dataset/noisy/000460.tif,नमः।
Dataset/clean/000461.tif,Dataset/noisy/000461.tif,तससत्यं
Dataset/clean/000462.tif,Dataset/noisy/000462.tif,ब्रह्मपुरू
Dataset/clean/000463.tif,Dataset/noisy/000463.tif,क्षं
Dataset/clean/000464.tif,Dataset/noisy/000464.tif,।उधीलिंगं
Dataset/clean/000465.tif,Dataset/noisy/000465.tif,क्रप्लपिंगलं
Dataset/clean/000466.tif,Dataset/noisy/000466.tif,श्रीब्रह्म
Dataset/clean/000467.tif,Dataset/noisy/000467.tif,वेदाय
Dataset/clean/000468.tif,Dataset/noisy/000468.tif,नमः
Dataset/clean/000469.tif,Dataset/noisy/000469.tif,॥
Dataset/clean/000470.tif,Dataset/noisy/000470.tif,ॐ
Dataset/clean/000471.tif,Dataset/noisy/000471.tif,मृत्यु
Dataset/clean/000472.tif,Dataset/noisy/000472.tif,देवता
Dataset/clean/000473.tif,Dataset/noisy/000473.tif,वसि
Dataset/clean/000474.tif,Dataset/noisy/000474.tif,मे
Dataset/clean/000475.tif,Dataset/noisy/000475.tif,वा
Dataset/clean/000476.tif,Dataset/noisy/000476.tif,मधुमती
Dataset/clean/000477.tif,Dataset/noisy/000477.tif,योग
Dataset/clean/000478.tif,Dataset/noisy/000478.tif,गः
Dataset/clean/000479.tif,Dataset/noisy/000479.tif,विश्वरूपाय
Dataset/clean/000480.tif,Dataset/noisy/000480.tif,तो
Dataset/clean/000481.tif,Dataset/noisy/000481.tif,प्रथा
Dataset/clean/000482.tif,Dataset/noisy/000482.tif,॥
Dataset/clean/000483.tif,Dataset/noisy/000483.tif,नमः
Dataset/clean/000484.tif,Dataset/noisy/000484.tif,।
Dataset/clean/000485.tif,Dataset/noisy/000485.tif,परं
Dataset/clean/000486.tif,Dataset/noisy/000486.tif,मंमृत्यु
Dataset/clean/000487.tif,Dataset/noisy/000487.tif,स
Dataset/clean/000488.tif,Dataset/noisy/000488.tif,नमो
Dataset/clean/000489.tif,Dataset/noisy/000489.tif,षं
Dataset/clean/000490.tif,Dataset/noisy/000490.tif,विरूपा
Dataset/clean/000491.tif,Dataset/noisy/000491.tif,विश्वरूपाय
Dataset/clean/000492.tif,Dataset/noisy/000492.tif,नमः
Dataset/clean/000493.tif,Dataset/noisy/000493.tif,नमो
Dataset/clean/000494.tif,Dataset/noisy/000494.tif,ब्रह्मह
Dataset/clean/000495.tif,Dataset/noisy/000495.tif,स
Dataset/clean/000496.tif,Dataset/noisy/000496.tif,त्रिसंध्यं
Dataset/clean/000497.tif,Dataset/noisy/000497.tif,।
Dataset/clean/000498.tif,Dataset/noisy/000498.tif,स्वाहा
Dataset/clean/000499.tif,Dataset/noisy/000499.tif,॥
Dataset/clean/000500.tif,Dataset/noisy/000500.tif,प्रस्तेयी
Dataset/clean/000501.tif,Dataset/noisy/000501.tif,भवति
Dataset/clean/000502.tif,Dataset/noisy/000502.tif,अस्तेयी
Dataset/clean/000503.tif,Dataset/noisy/000503.tif,के
Dataset/clean/000504.tif,Dataset/noisy/000504.tif,गामी
Dataset/clean/000505.tif,Dataset/noisy/000505.tif,वनु꣣पु꣡र꣢हरतित
Dataset/clean/000506.tif,Dataset/noisy/000506.tif,तनरूपं
Dataset/clean/000507.tif,Dataset/noisy/000507.tif,॥२॥
Dataset/clean/000508.tif,Dataset/noisy/000508.tif,रवरद्क
Dataset/clean/000509.tif,Dataset/noisy/000509.tif,के
Dataset/clean/000510.tif,Dataset/noisy/000510.tif,गेण
Dataset/clean/000511.tif,Dataset/noisy/000511.tif,नेश्वए
Dataset/clean/000512.tif,Dataset/noisy/000512.tif,स्पं
Dataset/clean/000513.tif,Dataset/noisy/000513.tif,मानिशय
Dataset/clean/000514.tif,Dataset/noisy/000514.tif,बनविपिने
Dataset/clean/000515.tif,Dataset/noisy/000515.tif,वितनोनुश्रु
Dataset/clean/000516.tif,Dataset/noisy/000516.tif,वृंदा
Dataset/clean/000517.tif,Dataset/noisy/000517.tif,लिएहस्यं
Dataset/clean/000518.tif,Dataset/noisy/000518.tif,॥
Dataset/clean/000519.tif,Dataset/noisy/000519.tif,॥
Dataset/clean/000520.tif,Dataset/noisy/000520.tif,॥
Dataset/clean/000521.tif,Dataset/noisy/000521.tif,॥
Dataset/clean/000522.tif,Dataset/noisy/000522.tif,वरितं
Dataset/clean/000523.tif,Dataset/noisy/000523.tif,वहतिनयनमनुएग
Dataset/clean/000524.tif,Dataset/noisy/000524.tif,॥
Dataset/clean/000525.tif,Dataset/noisy/000525.tif,मं
Dataset/clean/000526.tif,Dataset/noisy/000526.tif,२
Dataset/clean/000527.tif,Dataset/noisy/000527.tif,श्रीजयदेवभणितमिदम
Dataset/clean/000528.tif,Dataset/noisy/000528.tif,9
Dataset/clean/000529.tif,Dataset/noisy/000529.tif,तवारुपरामपरामनुगछतिना
Dataset/clean/000530.tif,Dataset/noisy/000530.tif,वस्मरसंग
Dataset/clean/000531.tif,Dataset/noisy/000531.tif,रस्वरन
Dataset/clean/000532.tif,Dataset/noisy/000532.tif,दसन
Dataset/clean/000533.tif,Dataset/noisy/000533.tif,व
Dataset/clean/000534.tif,Dataset/noisy/000534.tif,चुंबन
Dataset/clean/000535.tif,Dataset/noisy/000535.tif,लोचन
Dataset/clean/000536.tif,Dataset/noisy/000536.tif,क
Dataset/clean/000537.tif,Dataset/noisy/000537.tif,॥
Dataset/clean/000538.tif,Dataset/noisy/000538.tif,कैतववादं
Dataset/clean/000539.tif,Dataset/noisy/000539.tif,शाहरिहरिया
Dataset/clean/000540.tif,Dataset/noisy/000540.tif,हिमाधवयाहि
Dataset/clean/000541.tif,Dataset/noisy/000541.tif,चां
Dataset/clean/000542.tif,Dataset/noisy/000542.tif,मि
Dataset/clean/000543.tif,Dataset/noisy/000543.tif,॥
Dataset/clean/000544.tif,Dataset/noisy/000544.tif,८
Dataset/clean/000545.tif,Dataset/noisy/000545.tif,॥
Dataset/clean/000546.tif,Dataset/noisy/000546.tif,॥
Dataset/clean/000547.tif,Dataset/noisy/000547.tif,वस्फुटंमुदितरसामिनिवेषं
Dataset/clean/000548.tif,Dataset/noisy/000548.tif,ताम
Dataset/clean/000549.tif,Dataset/noisy/000549.tif,शनिवे
Dataset/clean/000550.tif,Dataset/noisy/000550.tif,रजनिजनिप्तगुरुजाग
Dataset/clean/000551.tif,Dataset/noisy/000551.tif,केशवमावद
Dataset/clean/000552.tif,Dataset/noisy/000552.tif,नुसरसरसीरुहलोचनयात
Dataset/clean/000553.tif,Dataset/noisy/000553.tif,जलम
Dataset/clean/000554.tif,Dataset/noisy/000554.tif,लीनेवी
Dataset/clean/000555.tif,Dataset/noisy/000555.tif,वीलषीतवील
Dataset/clean/000556.tif,Dataset/noisy/000556.tif,वहरतिविषादं॥घ्कवपदं
Dataset/clean/000557.tif,Dataset/noisy/000557.tif,मरूपं
Dataset/clean/000558.tif,Dataset/noisy/000558.tif,॥
Dataset/clean/000559.tif,Dataset/noisy/000559.tif,वसनमरुणंत
Dataset/clean/000560.tif,Dataset/noisy/000560.tif,कह्मोतनो
Dataset/clean/000561.tif,Dataset/noisy/000561.tif,कृष्त्म
Dataset/clean/000562.tif,Dataset/noisy/000562.tif,गीयंते
Dataset/clean/000563.tif,Dataset/noisy/000563.tif,स्यग रवायितमल
Dataset/clean/000564.tif,Dataset/noisy/000564.tif,दुतकेशव
Dataset/clean/000565.tif,Dataset/noisy/000565.tif,वरणकमलगल
Dataset/clean/000566.tif,Dataset/noisy/000566.tif,||
Dataset/clean/000567.tif,Dataset/noisy/000567.tif,शकलकलि
Dataset/clean/000568.tif,Dataset/noisy/000568.tif,३
Dataset/clean/000569.tif,Dataset/noisy/000569.tif,||
Dataset/clean/000570.tif,Dataset/noisy/000570.tif,||
Dataset/clean/000571.tif,Dataset/noisy/000571.tif,यमुदा
Dataset/clean/000572.tif,Dataset/noisy/000572.tif,वसिकिश
Dataset/clean/000573.tif,Dataset/noisy/000573.tif,यपरिषा
Dataset/clean/000574.tif,Dataset/noisy/000574.tif,॥
Dataset/clean/000575.tif,Dataset/noisy/000575.tif,धुनापिमयास
Dataset/clean/000576.tif,Dataset/noisy/000576.tif,कथमथ
Dataset/clean/000577.tif,Dataset/noisy/000577.tif,॥६
Dataset/clean/000578.tif,Dataset/noisy/000578.tif,॥
Dataset/clean/000579.tif,Dataset/noisy/000579.tif,भ्रमतिभवान
Dataset/clean/000580.tif,Dataset/noisy/000580.tif,कवलायवनेषु
Dataset/clean/000581.tif,Dataset/noisy/000581.tif,वित्रं
Dataset/clean/000582.tif,Dataset/noisy/000582.tif,निकै
Dataset/clean/000583.tif,Dataset/noisy/000583.tif,तरेषां
Dataset/clean/000584.tif,Dataset/noisy/000584.tif,मरकत
Dataset/clean/000585.tif,Dataset/noisy/000585.tif,तकलधौतसिपेइवरतिज
Dataset/clean/000586.tif,Dataset/noisy/000586.tif,व्यलेखं
Dataset/clean/000587.tif,Dataset/noisy/000587.tif,३
Dataset/clean/000588.tif,Dataset/noisy/000588.tif,लक्तवसिक्तमिदं
Dataset/clean/000589.tif,Dataset/noisy/000589.tif,तवफद
Dataset/clean/000590.tif,Dataset/noisy/000590.tif,दनद्मुतमन
Dataset/clean/000591.tif,Dataset/noisy/000591.tif,रं॥६॥दत्रानपदंम
Dataset/clean/000592.tif,Dataset/noisy/000592.tif,वदधरगतंममजनयतिवे
Dataset/clean/000593.tif,Dataset/noisy/000593.tif,तसिषेदं
Dataset/clean/000594.tif,Dataset/noisy/000594.tif,कथयतिकथम
Dataset/clean/000595.tif,Dataset/noisy/000595.tif,हतववपुरे
Dataset/clean/000596.tif,Dataset/noisy/000596.tif,तरंतवक्रघतनो
Dataset/clean/000597.tif,Dataset/noisy/000597.tif,विभविष्‍य
Dataset/clean/000598.tif,Dataset/noisy/000598.tif,तिनूनं॥
Dataset/clean/000599.tif,Dataset/noisy/000599.tif,वंशवय
Dataset/clean/000600.tif,Dataset/noisy/000600.tif,रडूनं
Dataset/clean/000601.tif,Dataset/noisy/000601.tif,बला
Dataset/clean/000602.tif,Dataset/noisy/000602.tif,किमित्रवि
Dataset/clean/000603.tif,Dataset/noisy/000603.tif,॥
Dataset/clean/000604.tif,Dataset/noisy/000604.tif,कथयतिपून
Dataset/clean/000605.tif,Dataset/noisy/000605.tif,सेजनमनुगतमशमशज्व
Dataset/clean/000606.tif,Dataset/noisy/000606.tif,वंवधूंवधनिर्दयबालवा
Dataset/clean/000607.tif,Dataset/noisy/000607.tif,रं॥दर्शयतीवबर्हिर्म
Dataset/clean/000608.tif,Dataset/noisy/000608.tif,तदमेदं॥५॥बहिरिवमलिन
Dataset/clean/000609.tif,Dataset/noisy/000609.tif,तिति
Dataset/clean/000610.tif,Dataset/noisy/000610.tif,१
Dataset/clean/000611.tif,Dataset/noisy/000611.tif,॥
Dataset/clean/000612.tif,Dataset/noisy/000612.tif,॥
Dataset/clean/000613.tif,Dataset/noisy/000613.tif,श्रीगजाननू॥श्री
Dataset/clean/000614.tif,Dataset/noisy/000614.tif,॥
Dataset/clean/000615.tif,Dataset/noisy/000615.tif,॥
Dataset/clean/000616.tif,Dataset/noisy/000616.tif,॥
Dataset/clean/000617.tif,Dataset/noisy/000617.tif,॥
Dataset/clean/000618.tif,Dataset/noisy/000618.tif,सिन्न्यै
Dataset/clean/000619.tif,Dataset/noisy/000619.tif,ईशावास्यमू
Dataset/clean/000620.tif,Dataset/noisy/000620.tif,त्या
Dataset/clean/000621.tif,Dataset/noisy/000621.tif,ञ्चजग
Dataset/clean/000622.tif,Dataset/noisy/000622.tif,सर्चय्यत्चिू
Dataset/clean/000623.tif,Dataset/noisy/000623.tif,ᳮ
Dataset/clean/000624.tif,Dataset/noisy/000624.tif,द्यास्य
Dataset/clean/000625.tif,Dataset/noisy/000625.tif,ञ्जगतू॥तेनत्य
Dataset/clean/000626.tif,Dataset/noisy/000626.tif,गृध:वूस्यं
Dataset/clean/000627.tif,Dataset/noisy/000627.tif,द्य्क्तेूनभूञ्जिथामा
Dataset/clean/000628.tif,Dataset/noisy/000628.tif,स्विद्वनंमू
Dataset/clean/000629.tif,Dataset/noisy/000629.tif,वु्र्घन्तेव॥
Dataset/clean/000630.tif,Dataset/noisy/000630.tif,वु्र्घन्तेवेह
Dataset/clean/000631.tif,Dataset/noisy/000631.tif,जिजीविषेछ
Dataset/clean/000632.tif,Dataset/noisy/000632.tif,नान्न्यथे
Dataset/clean/000633.tif,Dataset/noisy/000633.tif,मा:॥एवन्त्वयि
Dataset/clean/000634.tif,Dataset/noisy/000634.tif,तᳮस
Dataset/clean/000635.tif,Dataset/noisy/000635.tif,नवू
Dataset/clean/000636.tif,Dataset/noisy/000636.tif,र्म्मलिप्य्यतेनरे
Dataset/clean/000637.tif,Dataset/noisy/000637.tif,सुर्य्या
Dataset/clean/000638.tif,Dataset/noisy/000638.tif,सुर्य्या
Dataset/clean/000639.tif,Dataset/noisy/000639.tif,लोवूाऽअ
Dataset/clean/000640.tif,Dataset/noisy/000640.tif,नामते
Dataset/clean/000641.tif,Dataset/noisy/000641.tif,नामू
Dataset/clean/000642.tif,Dataset/noisy/000642.tif,न्घेनतम
Dataset/clean/000643.tif,Dataset/noisy/000643.tif,पिगछन्ति
Dataset/clean/000644.tif,Dataset/noisy/000644.tif,येवेूचात्त्क्न
Dataset/clean/000645.tif,Dataset/noisy/000645.tif,हनोजना:
Dataset/clean/000646.tif,Dataset/noisy/000646.tif,॥३
Dataset/clean/000647.tif,Dataset/noisy/000647.tif,साे
Dataset/clean/000648.tif,Dataset/noisy/000648.tif,वूम्मन
Dataset/clean/000649.tif,Dataset/noisy/000649.tif,अनेजदे
Dataset/clean/000650.tif,Dataset/noisy/000650.tif,मू
Dataset/clean/000651.tif,Dataset/noisy/000651.tif,वू
Dataset/clean/000652.tif,Dataset/noisy/000652.tif,अने॑
Dataset/clean/000653.tif,Dataset/noisy/000653.tif,जवीयो
Dataset/clean/000654.tif,Dataset/noisy/000654.tif,नै
Dataset/clean/000655.tif,Dataset/noisy/000655.tif,नर्द्देवा
Dataset/clean/000656.tif,Dataset/noisy/000656.tif,ऽअन्पुवभ्यू
Dataset/clean/000657.tif,Dataset/noisy/000657.tif,र्घम
Dataset/clean/000658.tif,Dataset/noisy/000658.tif,त्ये
Dataset/clean/000659.tif,Dataset/noisy/000659.tif,शीतू॥तद्वावतो
Dataset/clean/000660.tif,Dataset/noisy/000660.tif,भ्यान
Dataset/clean/000661.tif,Dataset/noisy/000661.tif,जदे
Dataset/clean/000662.tif,Dataset/noisy/000662.tif,त्या
Dataset/clean/000663.tif,Dataset/noisy/000663.tif,तरते
Dataset/clean/000664.tif,Dataset/noisy/000664.tif,अ
Dataset/clean/000665.tif,Dataset/noisy/000665.tif,॥२॥अ
Dataset/clean/000666.tif,Dataset/noisy/000666.tif,तो
Dataset/clean/000667.tif,Dataset/noisy/000667.tif,॥
Dataset/clean/000668.tif,Dataset/noisy/000668.tif,॥१
Dataset/clean/000669.tif,Dataset/noisy/000669.tif,मिद
Dataset/clean/000670.tif,Dataset/noisy/000670.tif,नमः
Dataset/clean/000671.tif,Dataset/noisy/000671.tif,ईशा
Dataset/clean/000672.tif,Dataset/noisy/000672.tif,निवा
Dataset/clean/000673.tif,Dataset/noisy/000673.tif,मातापुर
Dataset/clean/000674.tif,Dataset/noisy/000674.tif,साइत
Dataset/clean/000675.tif,Dataset/noisy/000675.tif,वूम्मॉणि
Dataset/clean/000676.tif,Dataset/noisy/000676.tif,िरत्त
Dataset/clean/000677.tif,Dataset/noisy/000677.tif,॥३
Dataset/clean/000678.tif,Dataset/noisy/000678.tif,निलत्वादम्यता
Dataset/clean/000679.tif,Dataset/noisy/000679.tif,एवामृताः
Dataset/clean/000680.tif,Dataset/noisy/000680.tif,एवादिताशच
Dataset/clean/000681.tif,Dataset/noisy/000681.tif,ताभ्प्रापः
Dataset/clean/000682.tif,Dataset/noisy/000682.tif,इसुक्ता
Dataset/clean/000683.tif,Dataset/noisy/000683.tif,प्रसिद्धामृताननाः
Dataset/clean/000684.tif,Dataset/noisy/000684.tif,:
Dataset/clean/000685.tif,Dataset/noisy/000685.tif,विचारितस्य
Dataset/clean/000686.tif,Dataset/noisy/000686.tif,नितप्तस्प
Dataset/clean/000687.tif,Dataset/noisy/000687.tif,एता
Dataset/clean/000688.tif,Dataset/noisy/000688.tif,श्रवणमननादितिः
Dataset/clean/000689.tif,Dataset/noisy/000689.tif,ड्यानिनामानावसवः
Dataset/clean/000690.tif,Dataset/noisy/000690.tif,वास्ताज्ञयोज्ञ
Dataset/clean/000691.tif,Dataset/noisy/000691.tif,वेद
Dataset/clean/000692.tif,Dataset/noisy/000692.tif,तस्य
Dataset/clean/000693.tif,Dataset/noisy/000693.tif,का
Dataset/clean/000694.tif,Dataset/noisy/000694.tif,स्पस
Dataset/clean/000695.tif,Dataset/noisy/000695.tif,तेजः
Dataset/clean/000696.tif,Dataset/noisy/000696.tif,ज्ञानानं
Dataset/clean/000697.tif,Dataset/noisy/000697.tif,प्रकाशरूप
Dataset/clean/000698.tif,Dataset/noisy/000698.tif,प्रतिव्यक्तो
Dataset/clean/000699.tif,Dataset/noisy/000699.tif,प्रजायत
Dataset/clean/000700.tif,Dataset/noisy/000700.tif,हरिः
Dataset/clean/000701.tif,Dataset/noisy/000701.tif,वासुदेवा
Dataset/clean/000702.tif,Dataset/noisy/000702.tif,इति
Dataset/clean/000703.tif,Dataset/noisy/000703.tif,रूप
Dataset/clean/000704.tif,Dataset/noisy/000704.tif,बल
Dataset/clean/000705.tif,Dataset/noisy/000705.tif,रसो
Dataset/clean/000706.tif,Dataset/noisy/000706.tif,:
Dataset/clean/000707.tif,Dataset/noisy/000707.tif,सर्वानुग्रह
Dataset/clean/000708.tif,Dataset/noisy/000708.tif,रसः
Dataset/clean/000709.tif,Dataset/noisy/000709.tif,रूपः
Dataset/clean/000710.tif,Dataset/noisy/000710.tif,॥
Dataset/clean/000711.tif,Dataset/noisy/000711.tif,सस्पय
Dataset/clean/000712.tif,Dataset/noisy/000712.tif,रूपं
Dataset/clean/000713.tif,Dataset/noisy/000713.tif,र
Dataset/clean/000714.tif,Dataset/noisy/000714.tif,ब्रह्म
Dataset/clean/000715.tif,Dataset/noisy/000715.tif,धर्ममो
Dataset/clean/000716.tif,Dataset/noisy/000716.tif,प्रादात्
Dataset/clean/000717.tif,Dataset/noisy/000717.tif,॥
Dataset/clean/000718.tif,Dataset/noisy/000718.tif,॥३८
Dataset/clean/000719.tif,Dataset/noisy/000719.tif,लोहि
Dataset/clean/000720.tif,Dataset/noisy/000720.tif,एतद्वैपदादित्यस्प
Dataset/clean/000721.tif,Dataset/noisy/000721.tif,ताका
Dataset/clean/000722.tif,Dataset/noisy/000722.tif,हित
Dataset/clean/000723.tif,Dataset/noisy/000723.tif,रूपमिति
Dataset/clean/000724.tif,Dataset/noisy/000724.tif,१
Dataset/clean/000725.tif,Dataset/noisy/000725.tif,छं॥
Dataset/clean/000726.tif,Dataset/noisy/000726.tif,खं
Dataset/clean/000727.tif,Dataset/noisy/000727.tif,.
Dataset/clean/000728.tif,Dataset/noisy/000728.tif,८॥
Dataset/clean/000729.tif,Dataset/noisy/000729.tif,श्रासमंतात्
Dataset/clean/000730.tif,Dataset/noisy/000730.tif,पायंते
Dataset/clean/000731.tif,Dataset/noisy/000731.tif,विचांर्यते
Dataset/clean/000732.tif,Dataset/noisy/000732.tif,देवैरित्य
Dataset/clean/000733.tif,Dataset/noisy/000733.tif,एवमृग्वेदमन्यंतपन्
Dataset/clean/000734.tif,Dataset/noisy/000734.tif,व्यचारयत्व
Dataset/clean/000735.tif,Dataset/noisy/000735.tif,अनाघंबल
Dataset/clean/000736.tif,Dataset/noisy/000736.tif,वांर्यसर्वानुग्रहशक्ता
Dataset/clean/000737.tif,Dataset/noisy/000737.tif,इंद्विंयपरमैश्वर्यरूपः
Dataset/clean/000738.tif,Dataset/noisy/000738.tif,:
Dataset/clean/000739.tif,Dataset/noisy/000739.tif,दात्मकः
Dataset/clean/000740.tif,Dataset/noisy/000740.tif,शात्यश:
Dataset/clean/000741.tif,Dataset/noisy/000741.tif,श्रेष्ट:
Dataset/clean/000742.tif,Dataset/noisy/000742.tif,अमाद्यं
Dataset/clean/000743.tif,Dataset/noisy/000743.tif,शक्त
Dataset/clean/000744.tif,Dataset/noisy/000744.tif,रव्यो
Dataset/clean/000745.tif,Dataset/noisy/000745.tif,नूत् तत्
Dataset/clean/000746.tif,Dataset/noisy/000746.tif,ताअमृता
Dataset/clean/000747.tif,Dataset/noisy/000747.tif,आपस्ता
Dataset/clean/000748.tif,Dataset/noisy/000748.tif,वाण्ता
Dataset/clean/000749.tif,Dataset/noisy/000749.tif,स्तस्यानित
Dataset/clean/000750.tif,Dataset/noisy/000750.tif,शस्तेज
Dataset/clean/000751.tif,Dataset/noisy/000751.tif,सोजायततअक्षरत्तदादित्यमनितो
Dataset/clean/000752.tif,Dataset/noisy/000752.tif,श्रयत
Dataset/clean/000753.tif,Dataset/noisy/000753.tif,द्वाएतद्यदेतदादित्पस्पगे
Dataset/clean/000754.tif,Dataset/noisy/000754.tif,१
Dataset/clean/000755.tif,Dataset/noisy/000755.tif,हित७.
Dataset/clean/000756.tif,Dataset/noisy/000756.tif,र्यमनाद्य७.
Dataset/clean/000757.tif,Dataset/noisy/000757.tif,सचएमृग्वेदमध्यत७.
Dataset/clean/000758.tif,Dataset/noisy/000758.tif,प्रभतिगुणयुक्तंरसप्रां
Dataset/clean/000759.tif,Dataset/noisy/000759.tif,यश:
Dataset/clean/000760.tif,Dataset/noisy/000760.tif,देवानां
Dataset/clean/000761.tif,Dataset/noisy/000761.tif,ज्ञादीन
Dataset/clean/000762.tif,Dataset/noisy/000762.tif,शषितंवासुदेवारव्यं
Dataset/clean/000763.tif,Dataset/noisy/000763.tif,व्यज्ञरत्
Dataset/clean/000764.tif,Dataset/noisy/000764.tif,त्
Dataset/clean/000765.tif,Dataset/noisy/000765.tif,त
Dataset/clean/000766.tif,Dataset/noisy/000766.tif,वासुदेवास्व्यव्र
Dataset/clean/000767.tif,Dataset/noisy/000767.tif,त्य
Dataset/clean/000768.tif,Dataset/noisy/000768.tif,आदित्यसमित:
Dataset/clean/000769.tif,Dataset/noisy/000769.tif,आदित्यप्राय
Dataset/clean/000770.tif,Dataset/noisy/000770.tif,श्मीना
Dataset/clean/000771.tif,Dataset/noisy/000771.tif,श्रयत् तत्रातिष्टत् तद्वैसग्वेदो
Dataset/clean/000772.tif,Dataset/noisy/000772.tif,क्तंवासुदेवा
Dataset/clean/000773.tif,Dataset/noisy/000773.tif,रव्यंब्रह्मा
Dataset/clean/000774.tif,Dataset/noisy/000774.tif,त्
Dataset/clean/000775.tif,Dataset/noisy/000775.tif,रंस
Dataset/clean/000776.tif,Dataset/noisy/000776.tif,प्राग्रश्मिगतको
Dataset/clean/000777.tif,Dataset/noisy/000777.tif,वार्प्य:
Dataset/clean/000778.tif,Dataset/noisy/000778.tif,इंद्वियंवी
Dataset/clean/000779.tif,Dataset/noisy/000779.tif,स्पविचा
Dataset/clean/000780.tif,Dataset/noisy/000780.tif,त
Dataset/clean/000781.tif,Dataset/noisy/000781.tif,२
Dataset/clean/000782.tif,Dataset/noisy/000782.tif,दित्यर्थः
Dataset/clean/000783.tif,Dataset/noisy/000783.tif,एतंयजुर्वेदम
Dataset/clean/000784.tif,Dataset/noisy/000784.tif,इति
Dataset/clean/000785.tif,Dataset/noisy/000785.tif,सत्
Dataset/clean/000786.tif,Dataset/noisy/000786.tif,ब्रह्मादित्यमनितो
Dataset/clean/000787.tif,Dataset/noisy/000787.tif,तत्
Dataset/clean/000788.tif,Dataset/noisy/000788.tif,रसः
Dataset/clean/000789.tif,Dataset/noisy/000789.tif,ग्वत्
Dataset/clean/000790.tif,Dataset/noisy/000790.tif,वायुमुखारुद्राः
Dataset/clean/000791.tif,Dataset/noisy/000791.tif,पुष्प
Dataset/clean/000792.tif,Dataset/noisy/000792.tif,प्रसिद्ध
Dataset/clean/000793.tif,Dataset/noisy/000793.tif,:
Dataset/clean/000794.tif,Dataset/noisy/000794.tif,यजुर्वेदएव
Dataset/clean/000795.tif,Dataset/noisy/000795.tif,:
Dataset/clean/000796.tif,Dataset/noisy/000796.tif,अप्यसं
Dataset/clean/000797.tif,Dataset/noisy/000797.tif,रव्यरू
Dataset/clean/000798.tif,Dataset/noisy/000798.tif,पोपासनो
Dataset/clean/000799.tif,Dataset/noisy/000799.tif,क्तिरा
Dataset/clean/000800.tif,Dataset/noisy/000800.tif,यउवास्या
Dataset/clean/000801.tif,Dataset/noisy/000801.tif,दिलस्पदक्षिणाः
Dataset/clean/000802.tif,Dataset/noisy/000802.tif,दक्षिणदिगवस्प्यिताः
Dataset/clean/000803.tif,Dataset/noisy/000803.tif,रश्मयो
Dataset/clean/000804.tif,Dataset/noisy/000804.tif,:
Dataset/clean/000805.tif,Dataset/noisy/000805.tif,रतिशं
Dataset/clean/000806.tif,Dataset/noisy/000806.tif,क्षिणानाडयः
Dataset/clean/000807.tif,Dataset/noisy/000807.tif,स्पमद्यपूपस्पद
Dataset/clean/000808.tif,Dataset/noisy/000808.tif,ससं
Dataset/clean/000809.tif,Dataset/noisy/000809.tif,एवा
Dataset/clean/000810.tif,Dataset/noisy/000810.tif,प्राग्वत् ता
Dataset/clean/000811.tif,Dataset/noisy/000811.tif,एवतत्र
Dataset/clean/000812.tif,Dataset/noisy/000812.tif,सं
Dataset/clean/000813.tif,Dataset/noisy/000813.tif,बहुबचनं
Dataset/clean/000814.tif,Dataset/noisy/000814.tif,श्मिनाम
Dataset/clean/000815.tif,Dataset/noisy/000815.tif,नाडीस्प्य:
Dataset/clean/000816.tif,Dataset/noisy/000816.tif,बहुवचनंप्राग्वत् यर्जूष्ये
Dataset/clean/000817.tif,Dataset/noisy/000817.tif,वय
Dataset/clean/000818.tif,Dataset/noisy/000818.tif,जुर्मानिना
Dataset/clean/000819.tif,Dataset/noisy/000819.tif,वायुमुखारुद्रा
Dataset/clean/000820.tif,Dataset/noisy/000820.tif,मव्धारव्य
Dataset/clean/000821.tif,Dataset/noisy/000821.tif,हरिंर्व्यजकत्वान्म
Dataset/clean/000822.tif,Dataset/noisy/000822.tif,कल्पंतस्यापि
Dataset/clean/000823.tif,Dataset/noisy/000823.tif,न्त्रमरयोष
Dataset/clean/000824.tif,Dataset/noisy/000824.tif,पुष्पमिसुक्त
Dataset/clean/000825.tif,Dataset/noisy/000825.tif,त्वात्
Dataset/clean/000826.tif,Dataset/noisy/000826.tif,पुष्पंज्ञानपोषक
Dataset/clean/000827.tif,Dataset/noisy/000827.tif,धुमक्षिकानिमा
Dataset/clean/000828.tif,Dataset/noisy/000828.tif,अय्ययेस्पद
Dataset/clean/000829.tif,Dataset/noisy/000829.tif,क्षिणार
Dataset/clean/000830.tif,Dataset/noisy/000830.tif,श्मर
Dataset/clean/000831.tif,Dataset/noisy/000831.tif,डोय
Dataset/clean/000832.tif,Dataset/noisy/000832.tif,जूंष्मेवमधुकृतोयजुर्वेदएव
Dataset/clean/000833.tif,Dataset/noisy/000833.tif,॥
Dataset/clean/000834.tif,Dataset/noisy/000834.tif,॥
Dataset/clean/000835.tif,Dataset/noisy/000835.tif,ट्रीवीर्यमन्ना
Dataset/clean/000836.tif,Dataset/noisy/000836.tif,नइं
Dataset/clean/000837.tif,Dataset/noisy/000837.tif,स्पयशस्ते
Dataset/clean/000838.tif,Dataset/noisy/000838.tif,"नियजूष्येंतंयजुर्वेदमम्पतपंस्तस्पा
मितस"
Dataset/clean/000839.tif,Dataset/noisy/000839.tif,आपस्ता
Dataset/clean/000840.tif,Dataset/noisy/000840.tif,जायततव्घस्तदादित्यमनित्तो
Dataset/clean/000841.tif,Dataset/noisy/000841.tif,श्रयत्त
Dataset/clean/000842.tif,Dataset/noisy/000842.tif,रुपं
Dataset/clean/000843.tif,Dataset/noisy/000843.tif,निरुत्त्पाय
Dataset/clean/000844.tif,Dataset/noisy/000844.tif,जूंषिता
Dataset/clean/000845.tif,Dataset/noisy/000845.tif,आपः
Dataset/clean/000846.tif,Dataset/noisy/000846.tif,जूं
Dataset/clean/000847.tif,Dataset/noisy/000847.tif,यावत् अमृताः
Dataset/clean/000848.tif,Dataset/noisy/000848.tif,षियजुर्वेद
Dataset/clean/000849.tif,Dataset/noisy/000849.tif,नित्यत्वादमृत
Dataset/clean/000850.tif,Dataset/noisy/000850.tif,शष्दिताः
Dataset/clean/000851.tif,Dataset/noisy/000851.tif,प्रसिद्धपुष्पामृतनुल्पाः
Dataset/clean/000852.tif,Dataset/noisy/000852.tif,दिप्रा
Dataset/clean/000853.tif,Dataset/noisy/000853.tif,इसा
Dataset/clean/000854.tif,Dataset/noisy/000854.tif,सकाशात् यश
Dataset/clean/000855.tif,Dataset/noisy/000855.tif,व्यचारयन्
Dataset/clean/000856.tif,Dataset/noisy/000856.tif,स्पतयन्
Dataset/clean/000857.tif,Dataset/noisy/000857.tif,षियजुर्मानिनो
Dataset/clean/000858.tif,Dataset/noisy/000858.tif,एतानियजूं
Dataset/clean/000859.tif,Dataset/noisy/000859.tif,संकर्षण:
Dataset/clean/000860.tif,Dataset/noisy/000860.tif,कर्षणा
Dataset/clean/000861.tif,Dataset/noisy/000861.tif,सं
Dataset/clean/000862.tif,Dataset/noisy/000862.tif,रव्यं
Dataset/clean/000863.tif,Dataset/noisy/000863.tif,दक्षिणर
Dataset/clean/000864.tif,Dataset/noisy/000864.tif,श्मीना
Dataset/clean/000865.tif,Dataset/noisy/000865.tif,दित्यश्रुक्तं
Dataset/clean/000866.tif,Dataset/noisy/000866.tif,श्रयत् तत्रातिष्ठत्
Dataset/clean/000867.tif,Dataset/noisy/000867.tif,सं
Dataset/clean/000868.tif,Dataset/noisy/000868.tif,छाएतद्यदेतदादित्यघ्रुक्ल
Dataset/clean/000869.tif,Dataset/noisy/000869.tif,श्रुक्लरूपगमेत
Dataset/clean/000870.tif,Dataset/noisy/000870.tif,श्रुक्लवंर्ण
Dataset/clean/000871.tif,Dataset/noisy/000871.tif,तानिवा
Dataset/clean/000872.tif,Dataset/noisy/000872.tif,स्ताए
Dataset/clean/000873.tif,Dataset/noisy/000873.tif,वास्पद
Dataset/clean/000874.tif,Dataset/noisy/000874.tif,निवाएता
Dataset/clean/000875.tif,Dataset/noisy/000875.tif,क्षिणामधुना
Dataset/clean/000876.tif,Dataset/noisy/000876.tif,पुष्मता
Dataset/clean/000877.tif,Dataset/noisy/000877.tif,कर्षणः
Dataset/clean/000878.tif,Dataset/noisy/000878.tif,कर्षण
Dataset/clean/000879.tif,Dataset/noisy/000879.tif,दक्षिणमधु
Dataset/clean/000880.tif,Dataset/noisy/000880.tif,कर्षणा
Dataset/clean/000881.tif,Dataset/noisy/000881.tif,स्न्पत्त
Dataset/clean/000882.tif,Dataset/noisy/000882.tif,इत्यर्थः
Dataset/clean/000883.tif,Dataset/noisy/000883.tif,रश्मिगता
Dataset/clean/000884.tif,Dataset/noisy/000884.tif,अमृता
Dataset/clean/000885.tif,Dataset/noisy/000885.tif,धरसो
Dataset/clean/000886.tif,Dataset/noisy/000886.tif,२
Dataset/clean/000887.tif,Dataset/noisy/000887.tif,रामः
Dataset/clean/000888.tif,Dataset/noisy/000888.tif,कत्वात्
Dataset/clean/000889.tif,Dataset/noisy/000889.tif,आपः
Dataset/clean/000890.tif,Dataset/noisy/000890.tif,प्रागुक्त
Dataset/clean/000891.tif,Dataset/noisy/000891.tif,:
Dataset/clean/000892.tif,Dataset/noisy/000892.tif,प्रागुक्त
Dataset/clean/000893.tif,Dataset/noisy/000893.tif,व्युत्पत्या
Dataset/clean/000894.tif,Dataset/noisy/000894.tif,नाडी
Dataset/clean/000895.tif,Dataset/noisy/000895.tif,नामकः
Dataset/clean/000896.tif,Dataset/noisy/000896.tif,मानरूपतयार
Dataset/clean/000897.tif,Dataset/noisy/000897.tif,कः
Dataset/clean/000898.tif,Dataset/noisy/000898.tif,एतानिय
Dataset/clean/000899.tif,Dataset/noisy/000899.tif,द्वैयदा
Dataset/clean/000900.tif,Dataset/noisy/000900.tif,मेत
Dataset/clean/000901.tif,Dataset/noisy/000901.tif,रूप
Dataset/clean/000902.tif,Dataset/noisy/000902.tif,कर्षण
Dataset/clean/000903.tif,Dataset/noisy/000903.tif,रितस्य
Dataset/clean/000904.tif,Dataset/noisy/000904.tif,आपीव्यत्
Dataset/clean/000905.tif,Dataset/noisy/000905.tif,चोर
Dataset/clean/000906.tif,Dataset/noisy/000906.tif,र
Dataset/clean/000907.tif,Dataset/noisy/000907.tif,नाम
Dataset/clean/000908.tif,Dataset/noisy/000908.tif,को
Dataset/clean/000909.tif,Dataset/noisy/000909.tif,निरुद्धः
Dataset/clean/000910.tif,Dataset/noisy/000910.tif,निरुद्धएव
Dataset/clean/000911.tif,Dataset/noisy/000911.tif,यस्योदक
Dataset/clean/000912.tif,Dataset/noisy/000912.tif,दिग
Dataset/clean/000913.tif,Dataset/noisy/000913.tif,निमानित
Dataset/clean/000914.tif,Dataset/noisy/000914.tif,मधुकृत
Dataset/clean/000915.tif,Dataset/noisy/000915.tif,डीगतो
Dataset/clean/000916.tif,Dataset/noisy/000916.tif,नाडी
Dataset/clean/000917.tif,Dataset/noisy/000917.tif,नामकः
Dataset/clean/000918.tif,Dataset/noisy/000918.tif,ताण्वापः
Dataset/clean/000919.tif,Dataset/noisy/000919.tif,इतिहास
Dataset/clean/000920.tif,Dataset/noisy/000920.tif,सोममुखामरुतः
Dataset/clean/000921.tif,Dataset/noisy/000921.tif,मानिनः
Dataset/clean/000922.tif,Dataset/noisy/000922.tif,वेद
Dataset/clean/000923.tif,Dataset/noisy/000923.tif,नामका
Dataset/clean/000924.tif,Dataset/noisy/000924.tif,इंद्रियं
Dataset/clean/000925.tif,Dataset/noisy/000925.tif,स्ताएवास्योदी
Dataset/clean/000926.tif,Dataset/noisy/000926.tif,चोर
Dataset/clean/000927.tif,Dataset/noisy/000927.tif,चोमधुना
Dataset/clean/000928.tif,Dataset/noisy/000928.tif,दितिहासः
Dataset/clean/000929.tif,Dataset/noisy/000929.tif,३
Dataset/clean/000930.tif,Dataset/noisy/000930.tif,एवमधुकृत
Dataset/clean/000931.tif,Dataset/noisy/000931.tif,गिरस
Dataset/clean/000932.tif,Dataset/noisy/000932.tif,स्पयश
Dataset/clean/000933.tif,Dataset/noisy/000933.tif,क्व
Dataset/clean/000934.tif,Dataset/noisy/000934.tif,देतदादित्यस्पपरः
Dataset/clean/000935.tif,Dataset/noisy/000935.tif,इतिहासपुराणा
Dataset/clean/000936.tif,Dataset/noisy/000936.tif,दिवा
Dataset/clean/000937.tif,Dataset/noisy/000937.tif,त
Dataset/clean/000938.tif,Dataset/noisy/000938.tif,सुमी
Dataset/clean/000939.tif,Dataset/noisy/000939.tif,उदय
Dataset/clean/000940.tif,Dataset/noisy/000940.tif,नितः
Dataset/clean/000941.tif,Dataset/noisy/000941.tif,अप्येतिप्राग्वत् अस्पादित्यस्पये
Dataset/clean/000942.tif,Dataset/noisy/000942.tif,उदं
Dataset/clean/000943.tif,Dataset/noisy/000943.tif,श्मयः
Dataset/clean/000944.tif,Dataset/noisy/000944.tif,रश्मिस्य्यो
Dataset/clean/000945.tif,Dataset/noisy/000945.tif,श्मि
Dataset/clean/000946.tif,Dataset/noisy/000946.tif,तावैसो
Dataset/clean/000947.tif,Dataset/noisy/000947.tif,अम्पमध्वय
Dataset/clean/000948.tif,Dataset/noisy/000948.tif,श्र्वेतित्रं
Dataset/clean/000949.tif,Dataset/noisy/000949.tif,नोरसो
Dataset/clean/000950.tif,Dataset/noisy/000950.tif,यांगा
Dataset/clean/000951.tif,Dataset/noisy/000951.tif,प्राणा
Dataset/clean/000952.tif,Dataset/noisy/000952.tif,वर्तयंतिवृष्टिर्मनः
Dataset/clean/000953.tif,Dataset/noisy/000953.tif,गिरसएवाधरं
Dataset/clean/000954.tif,Dataset/noisy/000954.tif,अथवां
Dataset/clean/000955.tif,Dataset/noisy/000955.tif,इतिहासपुराणाथर्व
Dataset/clean/000956.tif,Dataset/noisy/000956.tif,गिरसो
Dataset/clean/000957.tif,Dataset/noisy/000957.tif,पुराणं
Dataset/clean/000958.tif,Dataset/noisy/000958.tif,द्वैकवद्भावः
Dataset/clean/000959.tif,Dataset/noisy/000959.tif,द्वं
Dataset/clean/000960.tif,Dataset/noisy/000960.tif,येस्योदं
Dataset/clean/000961.tif,Dataset/noisy/000961.tif,अप्य
Dataset/clean/000962.tif,Dataset/noisy/000962.tif,श्मय
Dataset/clean/000963.tif,Dataset/noisy/000963.tif,ड्यो
Dataset/clean/000964.tif,Dataset/noisy/000964.tif,इतिहासपुराणं
Dataset/clean/000965.tif,Dataset/noisy/000965.tif,धंर्वा
Dataset/clean/000966.tif,Dataset/noisy/000966.tif,वस्प्यितमवुना
Dataset/clean/000967.tif,Dataset/noisy/000967.tif,पुष्यं
Dataset/clean/000968.tif,Dataset/noisy/000968.tif,आपस्ते
Dataset/clean/000969.tif,Dataset/noisy/000969.tif,वाएते
Dataset/clean/000970.tif,Dataset/noisy/000970.tif,ताअमृता
Dataset/clean/000971.tif,Dataset/noisy/000971.tif,अप्यंर्वागिरसइत
Dataset/clean/000972.tif,Dataset/noisy/000972.tif,पुराणमम्पतप८स्तस्यानितस
Dataset/clean/000973.tif,Dataset/noisy/000973.tif,स्तेज
Dataset/clean/000974.tif,Dataset/noisy/000974.tif,द्य
Dataset/clean/000975.tif,Dataset/noisy/000975.tif,छाण्त
Dataset/clean/000976.tif,Dataset/noisy/000976.tif,क्षरतदादित्यममितोश्रयत्त
Dataset/clean/000977.tif,Dataset/noisy/000977.tif,रसोजायततव्ध
Dataset/clean/000978.tif,Dataset/noisy/000978.tif,वीर्यमन्नाद्य८
Dataset/clean/000979.tif,Dataset/noisy/000979.tif,ह्मंरूपं
Dataset/clean/000980.tif,Dataset/noisy/000980.tif,६
Dataset/clean/000981.tif,Dataset/noisy/000981.tif,इत्प प् शप्दितेतिहासा
Dataset/clean/000982.tif,Dataset/noisy/000982.tif,व्सान्पेवामृताः
Dataset/clean/000983.tif,Dataset/noisy/000983.tif,प्रसिद्वामृतनितेवा
Dataset/clean/000984.tif,Dataset/noisy/000984.tif,इव्यादिप्राग्वत् आदित्य​म
Dataset/clean/000985.tif,Dataset/noisy/000985.tif,नीलं
Dataset/clean/000986.tif,Dataset/noisy/000986.tif,रूपं
Dataset/clean/000987.tif,Dataset/noisy/000987.tif,अत्यंत
Dataset/clean/000988.tif,Dataset/noisy/000988.tif,कह्मं
Dataset/clean/000989.tif,Dataset/noisy/000989.tif,दित्यस्पपस्पपरः
Dataset/clean/000990.tif,Dataset/noisy/000990.tif,द्वैयदा
Dataset/clean/000991.tif,Dataset/noisy/000991.tif,द्वारव्यरूपमे
Dataset/clean/000992.tif,Dataset/noisy/000992.tif,र्प्यवेदोक्तमनिरु
Dataset/clean/000993.tif,Dataset/noisy/000993.tif,नाश्रयत् तत्
Dataset/clean/000994.tif,Dataset/noisy/000994.tif,लवंर्ण सत्
Dataset/clean/000995.tif,Dataset/noisy/000995.tif,अत्यंतनीलरूपगतंएत
Dataset/clean/000996.tif,Dataset/noisy/000996.tif,द्वैइति
Dataset/clean/000997.tif,Dataset/noisy/000997.tif,६
Dataset/clean/000998.tif,Dataset/noisy/000998.tif,श्मी
Dataset/clean/000999.tif,Dataset/noisy/000999.tif,शतिवर्षाणितत् तानिप्रातः
Dataset/clean/001000.tif,Dataset/noisy/001000.tif,किमिलत आह
Dataset/clean/001001.tif,Dataset/noisy/001001.tif,सजार्थ
Dataset/clean/001002.tif,Dataset/noisy/001002.tif,०
Dataset/clean/001003.tif,Dataset/noisy/001003.tif,स्कमंत्रोपेतं
Dataset/clean/001004.tif,Dataset/noisy/001004.tif,हमिापुपासीत
Dataset/clean/001005.tif,Dataset/noisy/001005.tif,ज्ञाे
Dataset/clean/001006.tif,Dataset/noisy/001006.tif,विह् नुपू
Dataset/clean/001007.tif,Dataset/noisy/001007.tif,जार्थय
Dataset/clean/001008.tif,Dataset/noisy/001008.tif,युर्व्टध्यंर्थ
Dataset/clean/001009.tif,Dataset/noisy/001009.tif,रोगपरिहारांर्थ
Dataset/clean/001010.tif,Dataset/noisy/001010.tif,यज्ञरूपामुपास्तिमा
Dataset/clean/001011.tif,Dataset/noisy/001011.tif,ह
Dataset/clean/001012.tif,Dataset/noisy/001012.tif,पुरुषो
Dataset/clean/001013.tif,Dataset/noisy/001013.tif,वावयज्ञ
Dataset/clean/001014.tif,Dataset/noisy/001014.tif,इसांदिना
Dataset/clean/001015.tif,Dataset/noisy/001015.tif,पुरुषाेजीव
Dataset/clean/001016.tif,Dataset/noisy/001016.tif,यज्ञत्वे
Dataset/clean/001017.tif,Dataset/noisy/001017.tif,पुरुषइत्पर्थ:
Dataset/clean/001018.tif,Dataset/noisy/001018.tif,निसवनानीत्पत
Dataset/clean/001019.tif,Dataset/noisy/001019.tif,आह
Dataset/clean/001020.tif,Dataset/noisy/001020.tif,स्वायु
Dataset/clean/001021.tif,Dataset/noisy/001021.tif,शत्पतरा
Dataset/clean/001022.tif,Dataset/noisy/001022.tif,र्वि6शतिवर्षाणितलात:
Dataset/clean/001023.tif,Dataset/noisy/001023.tif,पुरुषोवावयज्ञस्तस्पयानिचउ
Dataset/clean/001024.tif,Dataset/noisy/001024.tif,बार्हस्प
Dataset/clean/001025.tif,Dataset/noisy/001025.tif,द्वापरा
Dataset/clean/001026.tif,Dataset/noisy/001026.tif,मेदेनवा
Dataset/clean/001027.tif,Dataset/noisy/001027.tif,मे
Dataset/clean/001028.tif,Dataset/noisy/001028.tif,षोडशोत्तरशत
Dataset/clean/001029.tif,Dataset/noisy/001029.tif,कं
Dataset/clean/001030.tif,Dataset/noisy/001030.tif,भवति
Dataset/clean/001031.tif,Dataset/noisy/001031.tif,चउर्वि
Dataset/clean/001032.tif,Dataset/noisy/001032.tif,तत्रयानितस्वपुरुषयज्ञ
Dataset/clean/001033.tif,Dataset/noisy/001033.tif,चउर्विशत्पक्ष
Dataset/clean/001034.tif,Dataset/noisy/001034.tif,॥
Dataset/clean/001035.tif,Dataset/noisy/001035.tif,॥
Dataset/clean/001036.tif,Dataset/noisy/001036.tif,जप्पसृगर
Dataset/clean/001037.tif,Dataset/noisy/001037.tif,सवने
Dataset/clean/001038.tif,Dataset/noisy/001038.tif,सवनतेत्पतः
Dataset/clean/001039.tif,Dataset/noisy/001039.tif,क
Dataset/clean/001040.tif,Dataset/noisy/001040.tif,सवनं
Dataset/clean/001041.tif,Dataset/noisy/001041.tif,स्पपूर्व
Dataset/clean/001042.tif,Dataset/noisy/001042.tif,साम्पादित्याह
Dataset/clean/001043.tif,Dataset/noisy/001043.tif,छंद
Dataset/clean/001044.tif,Dataset/noisy/001044.tif,संख्या
Dataset/clean/001045.tif,Dataset/noisy/001045.tif,प्रातः
Dataset/clean/001046.tif,Dataset/noisy/001046.tif,गायत्री
Dataset/clean/001047.tif,Dataset/noisy/001047.tif,देन
Dataset/clean/001048.tif,Dataset/noisy/001048.tif,वा
Dataset/clean/001049.tif,Dataset/noisy/001049.tif,पूर्व
Dataset/clean/001050.tif,Dataset/noisy/001050.tif,वयसः
Dataset/clean/001051.tif,Dataset/noisy/001051.tif,प्रातः
Dataset/clean/001052.tif,Dataset/noisy/001052.tif,प्यं
Dataset/clean/001053.tif,Dataset/noisy/001053.tif,रेतिततः
Dataset/clean/001054.tif,Dataset/noisy/001054.tif,गायत्रमिति
Dataset/clean/001055.tif,Dataset/noisy/001055.tif,सादिमान
Dataset/clean/001056.tif,Dataset/noisy/001056.tif,दियुग
Dataset/clean/001057.tif,Dataset/noisy/001057.tif,सवनं
Dataset/clean/001058.tif,Dataset/noisy/001058.tif,चत्रुर्वि
Dataset/clean/001059.tif,Dataset/noisy/001059.tif,गायत्री
Dataset/clean/001060.tif,Dataset/noisy/001060.tif,गायत्रंप्रातः
Dataset/clean/001061.tif,Dataset/noisy/001061.tif,सवनं
Dataset/clean/001062.tif,Dataset/noisy/001062.tif,०
Dataset/clean/001063.tif,Dataset/noisy/001063.tif,सादिना
Dataset/clean/001064.tif,Dataset/noisy/001064.tif,पुरुष
Dataset/clean/001065.tif,Dataset/noisy/001065.tif,यज्ञः
Dataset/clean/001066.tif,Dataset/noisy/001066.tif,यानी
Dataset/clean/001067.tif,Dataset/noisy/001067.tif,तस्य
Dataset/clean/001068.tif,Dataset/noisy/001068.tif,रोगोप
Dataset/clean/001069.tif,Dataset/noisy/001069.tif,:
Dataset/clean/001070.tif,Dataset/noisy/001070.tif,का
Dataset/clean/001071.tif,Dataset/noisy/001071.tif,क्षणिकत्वात्
Dataset/clean/001072.tif,Dataset/noisy/001072.tif,च
Dataset/clean/001073.tif,Dataset/noisy/001073.tif,पुरुष
Dataset/clean/001074.tif,Dataset/noisy/001074.tif,पुरुषस्य
Dataset/clean/001075.tif,Dataset/noisy/001075.tif,उपास्तयउक्ता
Dataset/clean/001076.tif,Dataset/noisy/001076.tif,:
Dataset/clean/001077.tif,Dataset/noisy/001077.tif,अनेकाः
Dataset/clean/001078.tif,Dataset/noisy/001078.tif,यज्ञ:
Dataset/clean/001079.tif,Dataset/noisy/001079.tif,स्सवनं
Dataset/clean/001080.tif,Dataset/noisy/001080.tif,व्समित्यतःआ
Dataset/clean/001081.tif,Dataset/noisy/001081.tif,हतत्वादश
Dataset/clean/001082.tif,Dataset/noisy/001082.tif,वेदपितस्य
Dataset/clean/001083.tif,Dataset/noisy/001083.tif,स्छायि
Dataset/clean/001084.tif,Dataset/noisy/001084.tif,वक्षंतेवतासामनुष्टानमायुषः
Dataset/clean/001085.tif,Dataset/noisy/001085.tif,भगव
Dataset/clean/001086.tif,Dataset/noisy/001086.tif,२०
Dataset/clean/001087.tif,Dataset/noisy/001087.tif,१
Dataset/clean/001088.tif,Dataset/noisy/001088.tif,०
Dataset/clean/001089.tif,Dataset/noisy/001089.tif,॥
Dataset/clean/001090.tif,Dataset/noisy/001090.tif,कठ
Dataset/clean/001091.tif,Dataset/noisy/001091.tif,चछां
Dataset/clean/001092.tif,Dataset/noisy/001092.tif,त्पूर्णमुदच्यते॥पूर्णस्य
Dataset/clean/001093.tif,Dataset/noisy/001093.tif,मांडूक्य
Dataset/clean/001094.tif,Dataset/noisy/001094.tif,पूर्णमिदंपूर्णा
Dataset/clean/001095.tif,Dataset/noisy/001095.tif,॥
Dataset/clean/001096.tif,Dataset/noisy/001096.tif,ॐ
Dataset/clean/001097.tif,Dataset/noisy/001097.tif,ईशावास्यमिद‍ꣳ
Dataset/clean/001098.tif,Dataset/noisy/001098.tif,॥
Dataset/clean/001099.tif,Dataset/noisy/001099.tif,मागृधः
Dataset/clean/001100.tif,Dataset/noisy/001100.tif,स्वित्धनं
Dataset/clean/001101.tif,Dataset/noisy/001101.tif,जगत्॥
Dataset/clean/001102.tif,Dataset/noisy/001102.tif,संर्वयत्किं
Dataset/clean/001103.tif,Dataset/noisy/001103.tif,छतꣳ
Dataset/clean/001104.tif,Dataset/noisy/001104.tif,कर्मेलि
Dataset/clean/001105.tif,Dataset/noisy/001105.tif,तिये
Dataset/clean/001106.tif,Dataset/noisy/001106.tif,ताꣳस्तेप्रत्याभिगछं
Dataset/clean/001107.tif,Dataset/noisy/001107.tif,॥
Dataset/clean/001108.tif,Dataset/noisy/001108.tif,॥
Dataset/clean/001109.tif,Dataset/noisy/001109.tif,सहनो
Dataset/clean/001110.tif,Dataset/noisy/001110.tif,पीप
Dataset/clean/001111.tif,Dataset/noisy/001111.tif,ईशावा
Dataset/clean/001112.tif,Dataset/noisy/001112.tif,१
Dataset/clean/001113.tif,Dataset/noisy/001113.tif,श्रीः
Dataset/clean/001114.tif,Dataset/noisy/001114.tif,श्रीगणेशायनमः
Dataset/clean/001115.tif,Dataset/noisy/001115.tif,ईश
Dataset/clean/001116.tif,Dataset/noisy/001116.tif,केन
Dataset/clean/001117.tif,Dataset/noisy/001117.tif,प्रश्नमुंड
Dataset/clean/001118.tif,Dataset/noisy/001118.tif,चजगत्यां
Dataset/clean/001119.tif,Dataset/noisy/001119.tif,र्णमादाय
Dataset/clean/001120.tif,Dataset/noisy/001120.tif,पूर्णमदः
Dataset/clean/001121.tif,Dataset/noisy/001121.tif,ॐ
Dataset/clean/001122.tif,Dataset/noisy/001122.tif,१॥
Dataset/clean/001123.tif,Dataset/noisy/001123.tif,॥
Dataset/clean/001124.tif,Dataset/noisy/001124.tif,दश
Dataset/clean/001125.tif,Dataset/noisy/001125.tif,बृहदारण्यकं
Dataset/clean/001126.tif,Dataset/noisy/001126.tif,ग्यं
Dataset/clean/001127.tif,Dataset/noisy/001127.tif,शांतिः
Dataset/clean/001128.tif,Dataset/noisy/001128.tif,शांतिः
Dataset/clean/001129.tif,Dataset/noisy/001129.tif,पूर्णमेवावशिष्यते
Dataset/clean/001130.tif,Dataset/noisy/001130.tif,तेन
Dataset/clean/001131.tif,Dataset/noisy/001131.tif,समाः
Dataset/clean/001132.tif,Dataset/noisy/001132.tif,विषे
Dataset/clean/001133.tif,Dataset/noisy/001133.tif,जिजी
Dataset/clean/001134.tif,Dataset/noisy/001134.tif,॥
Dataset/clean/001135.tif,Dataset/noisy/001135.tif,ते
Dataset/clean/001136.tif,Dataset/noisy/001136.tif,नाम
Dataset/clean/001137.tif,Dataset/noisy/001137.tif,त्यक्तेनभुंजीथाः
Dataset/clean/001138.tif,Dataset/noisy/001138.tif,॥
Dataset/clean/001139.tif,Dataset/noisy/001139.tif,शांतिः
Dataset/clean/001140.tif,Dataset/noisy/001140.tif,३॥
Dataset/clean/001141.tif,Dataset/noisy/001141.tif,कस्य
Dataset/clean/001142.tif,Dataset/noisy/001142.tif,ॐ
Dataset/clean/001143.tif,Dataset/noisy/001143.tif,तित्तिरिः
Dataset/clean/001144.tif,Dataset/noisy/001144.tif,ऐतरेयं
Dataset/clean/001145.tif,Dataset/noisy/001145.tif,॥
Dataset/clean/001146.tif,Dataset/noisy/001146.tif,नान्यथेनोस्तिन
Dataset/clean/001147.tif,Dataset/noisy/001147.tif,एवंत्वयि
Dataset/clean/001148.tif,Dataset/noisy/001148.tif,कु
Dataset/clean/001149.tif,Dataset/noisy/001149.tif,दो
Dataset/clean/001150.tif,Dataset/noisy/001150.tif,पू
Dataset/clean/001151.tif,Dataset/noisy/001151.tif,र्वभेवेह
Dataset/clean/001152.tif,Dataset/noisy/001152.tif,कर्माणि
Dataset/clean/001153.tif,Dataset/noisy/001153.tif,प्यते
Dataset/clean/001154.tif,Dataset/noisy/001154.tif,नरे
Dataset/clean/001155.tif,Dataset/noisy/001155.tif,असूर्या
Dataset/clean/001156.tif,Dataset/noisy/001156.tif,देकं
Dataset/clean/001157.tif,Dataset/noisy/001157.tif,मनसो
Dataset/clean/001158.tif,Dataset/noisy/001158.tif,जवीयो
Dataset/clean/001159.tif,Dataset/noisy/001159.tif,नद्दे
Dataset/clean/001160.tif,Dataset/noisy/001160.tif,वा
Dataset/clean/001161.tif,Dataset/noisy/001161.tif,लोकाअंधेनतमसावृताः
Dataset/clean/001162.tif,Dataset/noisy/001162.tif,केचा
Dataset/clean/001163.tif,Dataset/noisy/001163.tif,मातरिश्वा
Dataset/clean/001164.tif,Dataset/noisy/001164.tif,दधाति
Dataset/clean/001165.tif,Dataset/noisy/001165.tif,न
Dataset/clean/001166.tif,Dataset/noisy/001166.tif,दे
Dataset/clean/001167.tif,Dataset/noisy/001167.tif,जति
Dataset/clean/001168.tif,Dataset/noisy/001168.tif,तन्नेजतितहू
Dataset/clean/001169.tif,Dataset/noisy/001169.tif,सर्वस्य
Dataset/clean/001170.tif,Dataset/noisy/001170.tif,बाह्य
Dataset/clean/001171.tif,Dataset/noisy/001171.tif,तः
Dataset/clean/001172.tif,Dataset/noisy/001172.tif,॥
Dataset/clean/001173.tif,Dataset/noisy/001173.tif,सर्वाणिभूतान्या
Dataset/clean/001174.tif,Dataset/noisy/001174.tif,रेत
Dataset/clean/001175.tif,Dataset/noisy/001175.tif,इंतिके
Dataset/clean/001176.tif,Dataset/noisy/001176.tif,॥
Dataset/clean/001177.tif,Dataset/noisy/001177.tif,सर्वभूतेषु
Dataset/clean/001178.tif,Dataset/noisy/001178.tif,चात्मानं
Dataset/clean/001179.tif,Dataset/noisy/001179.tif,ततो
Dataset/clean/001180.tif,Dataset/noisy/001180.tif,॥
Dataset/clean/001181.tif,Dataset/noisy/001181.tif,तत्र
Dataset/clean/001182.tif,Dataset/noisy/001182.tif,को
Dataset/clean/001183.tif,Dataset/noisy/001183.tif,मोहकः
Dataset/clean/001184.tif,Dataset/noisy/001184.tif,क
Dataset/clean/001185.tif,Dataset/noisy/001185.tif,कायम
Dataset/clean/001186.tif,Dataset/noisy/001186.tif,विर्मनी
Dataset/clean/001187.tif,Dataset/noisy/001187.tif,क
Dataset/clean/001188.tif,Dataset/noisy/001188.tif,तमः
Dataset/clean/001189.tif,Dataset/noisy/001189.tif,समाभ्यः
Dataset/clean/001190.tif,Dataset/noisy/001190.tif,ये
Dataset/clean/001191.tif,Dataset/noisy/001191.tif,विद्यया
Dataset/clean/001192.tif,Dataset/noisy/001192.tif,॥
Dataset/clean/001193.tif,Dataset/noisy/001193.tif,॥
Dataset/clean/001194.tif,Dataset/noisy/001194.tif,ततो
Dataset/clean/001195.tif,Dataset/noisy/001195.tif,अन्यदाकुर
Dataset/clean/001196.tif,Dataset/noisy/001196.tif,इति
Dataset/clean/001197.tif,Dataset/noisy/001197.tif,श्रुश्रुमधी
Dataset/clean/001198.tif,Dataset/noisy/001198.tif,ये
Dataset/clean/001199.tif,Dataset/noisy/001199.tif,नस्त
Dataset/clean/001200.tif,Dataset/noisy/001200.tif,मोय
Dataset/clean/001201.tif,Dataset/noisy/001201.tif,रताः॥अन्य
Dataset/clean/001202.tif,Dataset/noisy/001202.tif,देवाहुर्विद्यया
Dataset/clean/001203.tif,Dataset/noisy/001203.tif,जनाः॥अनेज्क
Dataset/clean/001204.tif,Dataset/noisy/001204.tif,नै
Dataset/clean/001205.tif,Dataset/noisy/001205.tif,आप्तुवन्यूर्वमर्षत्॥त
Dataset/clean/001206.tif,Dataset/noisy/001206.tif,॥
Dataset/clean/001207.tif,Dataset/noisy/001207.tif,ष्टसस्मिभपो
Dataset/clean/001208.tif,Dataset/noisy/001208.tif,द्वावतोन्यानत्येतिति
Dataset/clean/001209.tif,Dataset/noisy/001209.tif,तदुसर्व
Dataset/clean/001210.tif,Dataset/noisy/001210.tif,स्पास्य
Dataset/clean/001211.tif,Dataset/noisy/001211.tif,तदंतरस्य
Dataset/clean/001212.tif,Dataset/noisy/001212.tif,यस्क्त
Dataset/clean/001213.tif,Dataset/noisy/001213.tif,त्मन्येवानुपश्यति
Dataset/clean/001214.tif,Dataset/noisy/001214.tif,नविजुगुप्सते
Dataset/clean/001215.tif,Dataset/noisy/001215.tif,यस्मिन्सर्वाणिभू
Dataset/clean/001216.tif,Dataset/noisy/001216.tif,एकत्त्वमनुपश्यतः॥सपर्य
Dataset/clean/001217.tif,Dataset/noisy/001217.tif,तान्यात्मैवाभूद्विजानतः
Dataset/clean/001218.tif,Dataset/noisy/001218.tif,शो
Dataset/clean/001219.tif,Dataset/noisy/001219.tif,गास्बुकमा
Dataset/clean/001220.tif,Dataset/noisy/001220.tif,वृणमस्त्राविरꣳश्रुत्धम
Dataset/clean/001221.tif,Dataset/noisy/001221.tif,पापवित्धं
Dataset/clean/001222.tif,Dataset/noisy/001222.tif,स्व
Dataset/clean/001223.tif,Dataset/noisy/001223.tif,प्रविशंति
Dataset/clean/001224.tif,Dataset/noisy/001224.tif,॥अधं
Dataset/clean/001225.tif,Dataset/noisy/001225.tif,र्याथातघथोर्थान्व्यदधाछ्छाश्व तीभ्यः
Dataset/clean/001226.tif,Dataset/noisy/001226.tif,यंभू
Dataset/clean/001227.tif,Dataset/noisy/001227.tif,विद्यामुपासते
Dataset/clean/001228.tif,Dataset/noisy/001228.tif,भूयइवतेत
Dataset/clean/001229.tif,Dataset/noisy/001229.tif,उविद्यायाꣳ
Dataset/clean/001230.tif,Dataset/noisy/001230.tif,॥विद्याचा
Dataset/clean/001231.tif,Dataset/noisy/001231.tif,विद्यां
Dataset/clean/001232.tif,Dataset/noisy/001232.tif,चक्षिते
Dataset/clean/001233.tif,Dataset/noisy/001233.tif,द्विच
Dataset/clean/001234.tif,Dataset/noisy/001234.tif,राणां
Dataset/clean/001235.tif,Dataset/noisy/001235.tif,रिभू:
Dataset/clean/001236.tif,Dataset/noisy/001236.tif,स
Dataset/clean/001237.tif,Dataset/noisy/001237.tif,देह
Dataset/clean/001238.tif,Dataset/noisy/001238.tif,व्यापिन्यो
Dataset/clean/001239.tif,Dataset/noisy/001239.tif,तस्मिन्
Dataset/clean/001240.tif,Dataset/noisy/001240.tif,बुद्धिप्र
Dataset/clean/001241.tif,Dataset/noisy/001241.tif,त्ययसाक्षिभूतः
Dataset/clean/001242.tif,Dataset/noisy/001242.tif,पश्य
Dataset/clean/001243.tif,Dataset/noisy/001243.tif,मनु
Dataset/clean/001244.tif,Dataset/noisy/001244.tif,पश्वा
Dataset/clean/001245.tif,Dataset/noisy/001245.tif,वेदं
Dataset/clean/001246.tif,Dataset/noisy/001246.tif,विश्वमि
Dataset/clean/001247.tif,Dataset/noisy/001247.tif,दंवरिष्ठं
Dataset/clean/001248.tif,Dataset/noisy/001248.tif,४
Dataset/clean/001249.tif,Dataset/noisy/001249.tif,रथाइव
Dataset/clean/001250.tif,Dataset/noisy/001250.tif,मु०मा
Dataset/clean/001251.tif,Dataset/noisy/001251.tif,ज्योतिपां
Dataset/clean/001252.tif,Dataset/noisy/001252.tif,ज्योतिस्तघदा
Dataset/clean/001253.tif,Dataset/noisy/001253.tif,विदो
Dataset/clean/001254.tif,Dataset/noisy/001254.tif,वभांत
Dataset/clean/001255.tif,Dataset/noisy/001255.tif,र्वं तस्य
Dataset/clean/001256.tif,Dataset/noisy/001256.tif,ब्रह्मै
Dataset/clean/001257.tif,Dataset/noisy/001257.tif,वेदममृतं
Dataset/clean/001258.tif,Dataset/noisy/001258.tif,पुररता
Dataset/clean/001259.tif,Dataset/noisy/001259.tif,अधश्रोर्ध्व
Dataset/clean/001260.tif,Dataset/noisy/001260.tif,व्ब्रह्म
Dataset/clean/001261.tif,Dataset/noisy/001261.tif,व्ब्रह्मदक्षिणतश्नोत्तरेण
Dataset/clean/001262.tif,Dataset/noisy/001262.tif,चप्रसृतं
Dataset/clean/001263.tif,Dataset/noisy/001263.tif,ब्रह्मै
Dataset/clean/001264.tif,Dataset/noisy/001264.tif,संहताः
Dataset/clean/001265.tif,Dataset/noisy/001265.tif,किंच
Dataset/clean/001266.tif,Dataset/noisy/001266.tif,संप्र
Dataset/clean/001267.tif,Dataset/noisy/001267.tif,द्रदये
Dataset/clean/001268.tif,Dataset/noisy/001268.tif,ना᳴ड्य:
Dataset/clean/001269.tif,Dataset/noisy/001269.tif,यत्रयस्मिन्द्रदये
Dataset/clean/001270.tif,Dataset/noisy/001270.tif,सएषप्रकृतआत्मांऽतर्मध्ये
Dataset/clean/001271.tif,Dataset/noisy/001271.tif,चरतचेर
Dataset/clean/001272.tif,Dataset/noisy/001272.tif,निर्वतते
Dataset/clean/001273.tif,Dataset/noisy/001273.tif,३६
Dataset/clean/001274.tif,Dataset/noisy/001274.tif,३६
Dataset/clean/001275.tif,Dataset/noisy/001275.tif,निष्कलं
Dataset/clean/001276.tif,Dataset/noisy/001276.tif,तछुभं
Dataset/clean/001277.tif,Dataset/noisy/001277.tif,विदुः
Dataset/clean/001278.tif,Dataset/noisy/001278.tif,नमे
Dataset/clean/001279.tif,Dataset/noisy/001279.tif,विरजं
Dataset/clean/001280.tif,Dataset/noisy/001280.tif,ब्रह्म
Dataset/clean/001281.tif,Dataset/noisy/001281.tif,रे
Dataset/clean/001282.tif,Dataset/noisy/001282.tif,कोशे
Dataset/clean/001283.tif,Dataset/noisy/001283.tif,न
Dataset/clean/001284.tif,Dataset/noisy/001284.tif,तत्र
Dataset/clean/001285.tif,Dataset/noisy/001285.tif,सूर्योभा
Dataset/clean/001286.tif,Dataset/noisy/001286.tif,तिनचंद्र
Dataset/clean/001287.tif,Dataset/noisy/001287.tif,तारकं
Dataset/clean/001288.tif,Dataset/noisy/001288.tif,नेमा
Dataset/clean/001289.tif,Dataset/noisy/001289.tif,विद्युतो
Dataset/clean/001290.tif,Dataset/noisy/001290.tif,भांति
Dataset/clean/001291.tif,Dataset/noisy/001291.tif,कुतो
Dataset/clean/001292.tif,Dataset/noisy/001292.tif,यमग्निः
Dataset/clean/001293.tif,Dataset/noisy/001293.tif,भांतिस
Dataset/clean/001294.tif,Dataset/noisy/001294.tif,भासा
Dataset/clean/001295.tif,Dataset/noisy/001295.tif,सर्वमिदं
Dataset/clean/001296.tif,Dataset/noisy/001296.tif,विभाति
Dataset/clean/001297.tif,Dataset/noisy/001297.tif,यथा
Dataset/clean/001298.tif,Dataset/noisy/001298.tif,रथनाभौसमर्पिता
Dataset/clean/001299.tif,Dataset/noisy/001299.tif,अरा
Dataset/clean/001300.tif,Dataset/noisy/001300.tif,ऐव
Dataset/clean/001301.tif,Dataset/noisy/001301.tif,विष्टा
Dataset/clean/001302.tif,Dataset/noisy/001302.tif,सर्वतो
Dataset/clean/001303.tif,Dataset/noisy/001303.tif,यानां
Dataset/clean/001304.tif,Dataset/noisy/001304.tif,तां
Dataset/clean/001305.tif,Dataset/noisy/001305.tif,विज्ञेया
Dataset/clean/001306.tif,Dataset/noisy/001306.tif,नान्यतः
Dataset/clean/001307.tif,Dataset/noisy/001307.tif,प्रकीर्त्तिताः
Dataset/clean/001308.tif,Dataset/noisy/001308.tif,एताः
Dataset/clean/001309.tif,Dataset/noisy/001309.tif,सर्वाः
Dataset/clean/001310.tif,Dataset/noisy/001310.tif,वाक्या
Dataset/clean/001311.tif,Dataset/noisy/001311.tif,वोधिका
Dataset/clean/001312.tif,Dataset/noisy/001312.tif,सर्वती
Dataset/clean/001313.tif,Dataset/noisy/001313.tif,मुर्ख
Dataset/clean/001314.tif,Dataset/noisy/001314.tif,भीषर्ण
Dataset/clean/001315.tif,Dataset/noisy/001315.tif,भई
Dataset/clean/001316.tif,Dataset/noisy/001316.tif,प्रवनिवदशापनिषदोम
Dataset/clean/001317.tif,Dataset/noisy/001317.tif,शाैन
Dataset/clean/001318.tif,Dataset/noisy/001318.tif,मुंडकादिस्त्वलांतां
Dataset/clean/001319.tif,Dataset/noisy/001319.tif,न्पाश्र्वपैप्यल्पादिप्रमेदतः
Dataset/clean/001320.tif,Dataset/noisy/001320.tif,व्रह्मावेदस्वसप्तत्रिंशतथा
Dataset/clean/001321.tif,Dataset/noisy/001321.tif,एवंर्प
Dataset/clean/001322.tif,Dataset/noisy/001322.tif,ताशव्यधिकाव्र
Dataset/clean/001323.tif,Dataset/noisy/001323.tif,म्हावेद
Dataset/clean/001324.tif,Dataset/noisy/001324.tif,स्प
Dataset/clean/001325.tif,Dataset/noisy/001325.tif,रनीलरुद्र
Dataset/clean/001326.tif,Dataset/noisy/001326.tif,प्रमृतमः
Dataset/clean/001327.tif,Dataset/noisy/001327.tif,जीवव्र
Dataset/clean/001328.tif,Dataset/noisy/001328.tif,पृथक्
Dataset/clean/001329.tif,Dataset/noisy/001329.tif,आश्रमांता:
Dataset/clean/001330.tif,Dataset/noisy/001330.tif,ह्मैक्य
Dataset/clean/001331.tif,Dataset/noisy/001331.tif,उग्रवीरं
Dataset/clean/001332.tif,Dataset/noisy/001332.tif,महाविर्श्राुजर्लर्त
Dataset/clean/001333.tif,Dataset/noisy/001333.tif,न्यसिंह
Dataset/clean/001334.tif,Dataset/noisy/001334.tif,>।
Dataset/clean/001335.tif,Dataset/noisy/001335.tif,अराजी
Dataset/clean/001336.tif,Dataset/noisy/001336.tif,मृत्युमृत्युनमाम्पर्ह
Dataset/clean/001337.tif,Dataset/noisy/001337.tif,की
Dataset/clean/001338.tif,Dataset/noisy/001338.tif,वेति
Dataset/clean/001339.tif,Dataset/noisy/001339.tif,जन्मनिपु
Dataset/clean/001340.tif,Dataset/noisy/001340.tif,मोहेर्ष्यादिभि
Dataset/clean/001341.tif,Dataset/noisy/001341.tif,लोभ
Dataset/clean/001342.tif,Dataset/noisy/001342.tif,क्रोध
Dataset/clean/001343.tif,Dataset/noisy/001343.tif,भवनिपरदारगमनात्पूतोभवति
Dataset/clean/001344.tif,Dataset/noisy/001344.tif,प्रतिग्रहात्पूनो
Dataset/clean/001345.tif,Dataset/noisy/001345.tif,षात्पूतो
Dataset/clean/001346.tif,Dataset/noisy/001346.tif,वदो
Dataset/clean/001347.tif,Dataset/noisy/001347.tif,त्पूतो
Dataset/clean/001348.tif,Dataset/noisy/001348.tif,वंवित् श्वु
Dataset/clean/001349.tif,Dataset/noisy/001349.tif,क्तार्थमुपदिशेद्विद्दाभ
Dataset/clean/001350.tif,Dataset/noisy/001350.tif,कर्णपुरुषसू
Dataset/clean/001351.tif,Dataset/noisy/001351.tif,ध्यायभुपसंनाय
Dataset/clean/001352.tif,Dataset/noisy/001352.tif,॥
Dataset/clean/001353.tif,Dataset/noisy/001353.tif,पदिशेत्॥गुरुरव्ये
Dataset/clean/001354.tif,Dataset/noisy/001354.tif,यो
Dataset/clean/001355.tif,Dataset/noisy/001355.tif,नू
Dataset/clean/001356.tif,Dataset/noisy/001356.tif,पदिशेत्
Dataset/clean/001357.tif,Dataset/noisy/001357.tif,वै६उ
Dataset/clean/001358.tif,Dataset/noisy/001358.tif,गुत्घादिपिगुत्घतरं
Dataset/clean/001359.tif,Dataset/noisy/001359.tif,देवगुत्घं
Dataset/clean/001360.tif,Dataset/noisy/001360.tif,सूक्तार्थमतिरहस्यंराजगुत्घं
Dataset/clean/001361.tif,Dataset/noisy/001361.tif,त्पुरुष
Dataset/clean/001362.tif,Dataset/noisy/001362.tif,देशेपुण्य
Dataset/clean/001363.tif,Dataset/noisy/001363.tif,नक्षत्रेप्राणानायम्य
Dataset/clean/001364.tif,Dataset/noisy/001364.tif,पुरुषं
Dataset/clean/001365.tif,Dataset/noisy/001365.tif,शिष्याय
Dataset/clean/001366.tif,Dataset/noisy/001366.tif,असल
Dataset/clean/001367.tif,Dataset/noisy/001367.tif,बहुशो
Dataset/clean/001368.tif,Dataset/noisy/001368.tif,दक्षिण
Dataset/clean/001369.tif,Dataset/noisy/001369.tif,इहजन्मनिपुरुषो
Dataset/clean/001370.tif,Dataset/noisy/001370.tif,पनिषत्
Dataset/clean/001371.tif,Dataset/noisy/001371.tif,॥
Dataset/clean/001372.tif,Dataset/noisy/001372.tif,श्रीः
Dataset/clean/001373.tif,Dataset/noisy/001373.tif,॥
Dataset/clean/001374.tif,Dataset/noisy/001374.tif,॥
Dataset/clean/001375.tif,Dataset/noisy/001375.tif,श्रीः
Dataset/clean/001376.tif,Dataset/noisy/001376.tif,॥
Dataset/clean/001377.tif,Dataset/noisy/001377.tif,राम
Dataset/clean/001378.tif,Dataset/noisy/001378.tif,श्रीमद्विश्वाचिष्ठानपरमहंसस
Dataset/clean/001379.tif,Dataset/noisy/001379.tif,श्रील
Dataset/clean/001380.tif,Dataset/noisy/001380.tif,॥
Dataset/clean/001381.tif,Dataset/noisy/001381.tif,श्रीगजाननार्य
Dataset/clean/001382.tif,Dataset/noisy/001382.tif,॥
Dataset/clean/001383.tif,Dataset/noisy/001383.tif,इति
Dataset/clean/001384.tif,Dataset/noisy/001384.tif,भवतिश्रीमांश्वभवतिपुत्रपौत्रादिभिः
Dataset/clean/001385.tif,Dataset/noisy/001385.tif,श्र्वभवर्तिमहापातका
Dataset/clean/001386.tif,Dataset/noisy/001386.tif,तोभवतिदुहि
Dataset/clean/001387.tif,Dataset/noisy/001387.tif,अगम्यागमनात्पू
Dataset/clean/001388.tif,Dataset/noisy/001388.tif,त्पूतो
Dataset/clean/001389.tif,Dataset/noisy/001389.tif,सुरापानात्पू
Dataset/clean/001390.tif,Dataset/noisy/001390.tif,तोभवति
Dataset/clean/001391.tif,Dataset/noisy/001391.tif,मनात्पू
Dataset/clean/001392.tif,Dataset/noisy/001392.tif,त्पूतो
Dataset/clean/001393.tif,Dataset/noisy/001393.tif,गुरोरशुश्रू
Dataset/clean/001394.tif,Dataset/noisy/001394.tif,अभक्ष्याभक्षणात्पूतोभवतिउग्र
Dataset/clean/001395.tif,Dataset/noisy/001395.tif,समृद्धो
Dataset/clean/001396.tif,Dataset/noisy/001396.tif,भवर्तिविद्यां
Dataset/clean/001397.tif,Dataset/noisy/001397.tif,भवति
Dataset/clean/001398.tif,Dataset/noisy/001398.tif,तस्नुषाभिग
Dataset/clean/001399.tif,Dataset/noisy/001399.tif,वेदो
Dataset/clean/001400.tif,Dataset/noisy/001400.tif,जन्महाना
Dataset/clean/001401.tif,Dataset/noisy/001401.tif,नो
Dataset/clean/001402.tif,Dataset/noisy/001402.tif,भवति
Dataset/clean/001403.tif,Dataset/noisy/001403.tif,स्वर्णस्ते
Dataset/clean/001404.tif,Dataset/noisy/001404.tif,या
Dataset/clean/001405.tif,Dataset/noisy/001405.tif,भवति
Dataset/clean/001406.tif,Dataset/noisy/001406.tif,भवति
Dataset/clean/001407.tif,Dataset/noisy/001407.tif,अथया
Dataset/clean/001408.tif,Dataset/noisy/001408.tif,ज्य
Dataset/clean/001409.tif,Dataset/noisy/001409.tif,यजना
Dataset/clean/001410.tif,Dataset/noisy/001410.tif,भवति
Dataset/clean/001411.tif,Dataset/noisy/001411.tif,काम
Dataset/clean/001412.tif,Dataset/noisy/001412.tif,सर्वेभ्यः
Dataset/clean/001413.tif,Dataset/noisy/001413.tif,मुक्तो
Dataset/clean/001414.tif,Dataset/noisy/001414.tif,भवति
Dataset/clean/001415.tif,Dataset/noisy/001415.tif,॥
Dataset/clean/001416.tif,Dataset/noisy/001416.tif,इह
Dataset/clean/001417.tif,Dataset/noisy/001417.tif,ना
Dataset/clean/001418.tif,Dataset/noisy/001418.tif,दीक्षितायो
Dataset/clean/001419.tif,Dataset/noisy/001419.tif,ना
Dataset/clean/001420.tif,Dataset/noisy/001420.tif,चा
Dataset/clean/001421.tif,Dataset/noisy/001421.tif,नाय
Dataset/clean/001422.tif,Dataset/noisy/001422.tif,नायं
Dataset/clean/001423.tif,Dataset/noisy/001423.tif,तशी
Dataset/clean/001424.tif,Dataset/noisy/001424.tif,ना
Dataset/clean/001425.tif,Dataset/noisy/001425.tif,लाय
Dataset/clean/001426.tif,Dataset/noisy/001426.tif,वा
Dataset/clean/001427.tif,Dataset/noisy/001427.tif,यना
Dataset/clean/001428.tif,Dataset/noisy/001428.tif,गिनेना
Dataset/clean/001429.tif,Dataset/noisy/001429.tif,बहुभाषिणे
Dataset/clean/001430.tif,Dataset/noisy/001430.tif,तुष्टाय
Dataset/clean/001431.tif,Dataset/noisy/001431.tif,नाधीतवेदा
Dataset/clean/001432.tif,Dataset/noisy/001432.tif,यो
Dataset/clean/001433.tif,Dataset/noisy/001433.tif,छार्पणमस्क्त
Dataset/clean/001434.tif,Dataset/noisy/001434.tif,दुरु
Dataset/clean/001435.tif,Dataset/noisy/001435.tif,चंद्रार्पणमस्क्त
Dataset/clean/001436.tif,Dataset/noisy/001436.tif,॥छ᳠
Dataset/clean/001437.tif,Dataset/noisy/001437.tif,देत्कर्णमुपदिशेत्कुर्वाणोध्येता ध्यापकश्व
Dataset/clean/001438.tif,Dataset/noisy/001438.tif,भवतीत्फ
Dataset/clean/001439.tif,Dataset/noisy/001439.tif,तवा
Dataset/clean/001440.tif,Dataset/noisy/001440.tif,॥
Dataset/clean/001441.tif,Dataset/noisy/001441.tif,तूयामोभवति
Dataset/clean/001442.tif,Dataset/noisy/001442.tif,॥छ᳠
Dataset/clean/001443.tif,Dataset/noisy/001443.tif,छ᳠॥
Dataset/clean/001444.tif,Dataset/noisy/001444.tif,णमस्क्त
Dataset/clean/001445.tif,Dataset/noisy/001445.tif,मुद्रलोपनिष
Dataset/clean/001446.tif,Dataset/noisy/001446.tif,त्समाप्तः।
Dataset/clean/001447.tif,Dataset/noisy/001447.tif,त्पूतोभवति
Dataset/clean/001448.tif,Dataset/noisy/001448.tif,नाप्रियवादिनेना
Dataset/clean/001449.tif,Dataset/noisy/001449.tif,संवत्सरवेदिने
Dataset/clean/001450.tif,Dataset/noisy/001450.tif,ना
Dataset/clean/001451.tif,Dataset/noisy/001451.tif,चौ
Dataset/clean/001452.tif,Dataset/noisy/001452.tif,खाधितोभवति
Dataset/clean/001453.tif,Dataset/noisy/001453.tif,पापेभ्पो
Dataset/clean/001454.tif,Dataset/noisy/001454.tif,तस्मात्त् दे
Dataset/clean/001455.tif,Dataset/noisy/001455.tif,रुर्षोभवति
Dataset/clean/001456.tif,Dataset/noisy/001456.tif,माघृर
Dataset/clean/001457.tif,Dataset/noisy/001457.tif,स्वच्छं
Dataset/clean/001458.tif,Dataset/noisy/001458.tif,सुधियः
Dataset/clean/001459.tif,Dataset/noisy/001459.tif,त्रिधाछायया
Dataset/clean/001460.tif,Dataset/noisy/001460.tif,यं
Dataset/clean/001461.tif,Dataset/noisy/001461.tif,जे
Dataset/clean/001462.tif,Dataset/noisy/001462.tif,जुषा
Dataset/clean/001463.tif,Dataset/noisy/001463.tif,छवि
Dataset/clean/001464.tif,Dataset/noisy/001464.tif,विषि
Dataset/clean/001465.tif,Dataset/noisy/001465.tif,गोमे
Dataset/clean/001466.tif,Dataset/noisy/001466.tif,रजात्यं
Dataset/clean/001467.tif,Dataset/noisy/001467.tif,लो
Dataset/clean/001468.tif,Dataset/noisy/001468.tif,गोज
Dataset/clean/001469.tif,Dataset/noisy/001469.tif,प्रयायेव
Dataset/clean/001470.tif,Dataset/noisy/001470.tif,पयः
Dataset/clean/001471.tif,Dataset/noisy/001471.tif,यंत्र
Dataset/clean/001472.tif,Dataset/noisy/001472.tif,पात्रे
Dataset/clean/001473.tif,Dataset/noisy/001473.tif,2
Dataset/clean/001474.tif,Dataset/noisy/001474.tif,९
Dataset/clean/001475.tif,Dataset/noisy/001475.tif,संतः
Dataset/clean/001476.tif,Dataset/noisy/001476.tif,रत्न
Dataset/clean/001477.tif,Dataset/noisy/001477.tif,दारव्यं
Dataset/clean/001478.tif,Dataset/noisy/001478.tif,ने
Dataset/clean/001479.tif,Dataset/noisy/001479.tif,ने
Dataset/clean/001480.tif,Dataset/noisy/001480.tif,योग्य
Dataset/clean/001481.tif,Dataset/noisy/001481.tif,श्रीमतां
Dataset/clean/001482.tif,Dataset/noisy/001482.tif,मारत्नं
Dataset/clean/001483.tif,Dataset/noisy/001483.tif,है
Dataset/clean/001484.tif,Dataset/noisy/001484.tif,.
Dataset/clean/001485.tif,Dataset/noisy/001485.tif,प
Dataset/clean/001486.tif,Dataset/noisy/001486.tif,.
Dataset/clean/001487.tif,Dataset/noisy/001487.tif,लक्षणं
Dataset/clean/001488.tif,Dataset/noisy/001488.tif,छाया
Dataset/clean/001489.tif,Dataset/noisy/001489.tif,३
Dataset/clean/001490.tif,Dataset/noisy/001490.tif,तच्छोधनं
Dataset/clean/001491.tif,Dataset/noisy/001491.tif,गुरुतां
Dataset/clean/001492.tif,Dataset/noisy/001492.tif,त्विषामा
Dataset/clean/001493.tif,Dataset/noisy/001493.tif,कंठ
Dataset/clean/001494.tif,Dataset/noisy/001494.tif,मे
Dataset/clean/001495.tif,Dataset/noisy/001495.tif,कांतिगो
Dataset/clean/001496.tif,Dataset/noisy/001496.tif,हीन
Dataset/clean/001497.tif,Dataset/noisy/001497.tif,घर्षेप्य
Dataset/clean/001498.tif,Dataset/noisy/001498.tif,ज्वलनां
Dataset/clean/001499.tif,Dataset/noisy/001499.tif,४
Dataset/clean/001500.tif,Dataset/noisy/001500.tif,राम
Dataset/clean/001501.tif,Dataset/noisy/001501.tif,तू
Dataset/clean/001502.tif,Dataset/noisy/001502.tif,ये
Dataset/clean/001503.tif,Dataset/noisy/001503.tif,न
Dataset/clean/001504.tif,Dataset/noisy/001504.tif,दूरतो
Dataset/clean/001505.tif,Dataset/noisy/001505.tif,विछायं
Dataset/clean/001506.tif,Dataset/noisy/001506.tif,च
Dataset/clean/001507.tif,Dataset/noisy/001507.tif,तु
Dataset/clean/001508.tif,Dataset/noisy/001508.tif,दंबुधाविदु
Dataset/clean/001509.tif,Dataset/noisy/001509.tif,जायते
Dataset/clean/001510.tif,Dataset/noisy/001510.tif,परिक्षा
Dataset/clean/001511.tif,Dataset/noisy/001511.tif,सूर्यकांत
Dataset/clean/001512.tif,Dataset/noisy/001512.tif,:
Dataset/clean/001513.tif,Dataset/noisy/001513.tif,सूर्यकांत
Dataset/clean/001514.tif,Dataset/noisy/001514.tif,सोयं
Dataset/clean/001515.tif,Dataset/noisy/001515.tif,स्पर्श
Dataset/clean/001516.tif,Dataset/noisy/001516.tif,शु
Dataset/clean/001517.tif,Dataset/noisy/001517.tif,सूर्यो
Dataset/clean/001518.tif,Dataset/noisy/001518.tif,यः
Dataset/clean/001519.tif,Dataset/noisy/001519.tif,मेति
Dataset/clean/001520.tif,Dataset/noisy/001520.tif,मनैर्मल्य
Dataset/clean/001521.tif,Dataset/noisy/001521.tif,हो
Dataset/clean/001522.tif,Dataset/noisy/001522.tif,परिक्षा
Dataset/clean/001523.tif,Dataset/noisy/001523.tif,स्पटिक
Dataset/clean/001524.tif,Dataset/noisy/001524.tif,२
Dataset/clean/001525.tif,Dataset/noisy/001525.tif,चिरत्नं
Dataset/clean/001526.tif,Dataset/noisy/001526.tif,चिनुतेशैवरत्नं
Dataset/clean/001527.tif,Dataset/noisy/001527.tif,शुभसुप
Dataset/clean/001528.tif,Dataset/noisy/001528.tif,जात्व
Dataset/clean/001529.tif,Dataset/noisy/001529.tif,छ
Dataset/clean/001530.tif,Dataset/noisy/001530.tif,हा
Dataset/clean/001531.tif,Dataset/noisy/001531.tif,पितदा
Dataset/clean/001532.tif,Dataset/noisy/001532.tif,मधुरमतिहिमं
Dataset/clean/001533.tif,Dataset/noisy/001533.tif,लं
Dataset/clean/001534.tif,Dataset/noisy/001534.tif,ष
Dataset/clean/001535.tif,Dataset/noisy/001535.tif,निस्तु
Dataset/clean/001536.tif,Dataset/noisy/001536.tif,मं
Dataset/clean/001537.tif,Dataset/noisy/001537.tif,वैदूर्यपरीक्षा
Dataset/clean/001538.tif,Dataset/noisy/001538.tif,?
Dataset/clean/001539.tif,Dataset/noisy/001539.tif,जात्यमुच्यते
Dataset/clean/001540.tif,Dataset/noisy/001540.tif,ये
Dataset/clean/001541.tif,Dataset/noisy/001541.tif,स्फुयं
Dataset/clean/001542.tif,Dataset/noisy/001542.tif,निकषाश्मनि
Dataset/clean/001543.tif,Dataset/noisy/001543.tif,छायं
Dataset/clean/001544.tif,Dataset/noisy/001544.tif,त
Dataset/clean/001545.tif,Dataset/noisy/001545.tif,ना
Dataset/clean/001546.tif,Dataset/noisy/001546.tif,विं
Dataset/clean/001547.tif,Dataset/noisy/001547.tif,द्रो
Dataset/clean/001548.tif,Dataset/noisy/001548.tif,त
Dataset/clean/001549.tif,Dataset/noisy/001549.tif,च्चघत्रे
Dataset/clean/001550.tif,Dataset/noisy/001550.tif,गोमेद् लशणं
Dataset/clean/001551.tif,Dataset/noisy/001551.tif,मारज्यंति
Dataset/clean/001552.tif,Dataset/noisy/001552.tif,एवंवंणुपलाशपेशलरूचा
Dataset/clean/001553.tif,Dataset/noisy/001553.tif,दपरीक्षा
Dataset/clean/001554.tif,Dataset/noisy/001554.tif,२
Dataset/clean/001555.tif,Dataset/noisy/001555.tif,टोषो
Dataset/clean/001556.tif,Dataset/noisy/001556.tif,नितरांन्निरधं
Dataset/clean/001557.tif,Dataset/noisy/001557.tif,दघानि
Dataset/clean/001558.tif,Dataset/noisy/001558.tif,यदाचं
Dataset/clean/001559.tif,Dataset/noisy/001559.tif,गल
Dataset/clean/001560.tif,Dataset/noisy/001560.tif,त्रैदर्य
Dataset/clean/001561.tif,Dataset/noisy/001561.tif,दंति
Dataset/clean/001562.tif,Dataset/noisy/001562.tif,झ्झितं
Dataset/clean/001563.tif,Dataset/noisy/001563.tif,वैडूर्यलक्षणं
Dataset/clean/001564.tif,Dataset/noisy/001564.tif,पर्षदंकृष्णंवैदूंर्य
Dataset/clean/001565.tif,Dataset/noisy/001565.tif,सत्रासं
Dataset/clean/001566.tif,Dataset/noisy/001566.tif,गर्भलघुरूक्षंचसक्षतं
Dataset/clean/001567.tif,Dataset/noisy/001567.tif,३
Dataset/clean/001568.tif,Dataset/noisy/001568.tif,मृच्छिला
Dataset/clean/001569.tif,Dataset/noisy/001569.tif,दूंर्य
Dataset/clean/001570.tif,Dataset/noisy/001570.tif,द्वै
Dataset/clean/001571.tif,Dataset/noisy/001571.tif,देत
Dataset/clean/001572.tif,Dataset/noisy/001572.tif,प्रद
Dataset/clean/001573.tif,Dataset/noisy/001573.tif,छं
Dataset/clean/001574.tif,Dataset/noisy/001574.tif,स्व​
Dataset/clean/001575.tif,Dataset/noisy/001575.tif,यदात्न
Dataset/clean/001576.tif,Dataset/noisy/001576.tif,वृष्टं
Dataset/clean/001577.tif,Dataset/noisy/001577.tif,र्श
Dataset/clean/001578.tif,Dataset/noisy/001578.tif,शुत्धांतरा
Dataset/clean/001579.tif,Dataset/noisy/001579.tif,म्निरधं
Dataset/clean/001580.tif,Dataset/noisy/001580.tif,नेचहय्यं
Dataset/clean/001581.tif,Dataset/noisy/001581.tif,विविमलन
Dataset/clean/001582.tif,Dataset/noisy/001582.tif,प्रविंदुछ
Dataset/clean/001583.tif,Dataset/noisy/001583.tif,यदंगानो
Dataset/clean/001584.tif,Dataset/noisy/001584.tif,पाषर्णिर्य
Dataset/clean/001585.tif,Dataset/noisy/001585.tif,स्वहारि
Dataset/clean/001586.tif,Dataset/noisy/001586.tif,निजांस्व
Dataset/clean/001587.tif,Dataset/noisy/001587.tif,ष्टंस्फुटितमपि
Dataset/clean/001588.tif,Dataset/noisy/001588.tif,न्निकृ
Dataset/clean/001589.tif,Dataset/noisy/001589.tif,तांनंवज
Dataset/clean/001590.tif,Dataset/noisy/001590.tif,सित्घस्निग्धो
Dataset/clean/001591.tif,Dataset/noisy/001591.tif,लम्यं
Dataset/clean/001592.tif,Dataset/noisy/001592.tif,ह्वात्तज्तात्यं
Dataset/clean/001593.tif,Dataset/noisy/001593.tif,निर्व्रणो
Dataset/clean/001594.tif,Dataset/noisy/001594.tif,योनिर्घृ
Dataset/clean/001595.tif,Dataset/noisy/001595.tif,निस्तुशांतं
Dataset/clean/001596.tif,Dataset/noisy/001596.tif,वचाका
Dataset/clean/001597.tif,Dataset/noisy/001597.tif,३
Dataset/clean/001598.tif,Dataset/noisy/001598.tif,वन्हिर्जात्यः
Dataset/clean/001599.tif,Dataset/noisy/001599.tif,ज्यो
Dataset/clean/001600.tif,Dataset/noisy/001600.tif,निभ्वूत
Dataset/clean/001601.tif,Dataset/noisy/001601.tif,वैडूंर्यविनलंव
Dataset/clean/001602.tif,Dataset/noisy/001602.tif,र्जारंदाण
Dataset/clean/001603.tif,Dataset/noisy/001603.tif,न्यरतो
Dataset/clean/001604.tif,Dataset/noisy/001604.tif,तमभुते
Dataset/clean/001605.tif,Dataset/noisy/001605.tif,अग्रेन
Dataset/clean/001606.tif,Dataset/noisy/001606.tif,वयुनाति
Dataset/clean/001607.tif,Dataset/noisy/001607.tif,ꣳ
Dataset/clean/001608.tif,Dataset/noisy/001608.tif,॥
Dataset/clean/001609.tif,Dataset/noisy/001609.tif,शरीरं
Dataset/clean/001610.tif,Dataset/noisy/001610.tif,तोस्मर
Dataset/clean/001611.tif,Dataset/noisy/001611.tif,कतꣳस्मरऋतो
Dataset/clean/001612.tif,Dataset/noisy/001612.tif,स्मरकतꣳस्मर
Dataset/clean/001613.tif,Dataset/noisy/001613.tif,॥१॥
Dataset/clean/001614.tif,Dataset/noisy/001614.tif,॥१६
Dataset/clean/001615.tif,Dataset/noisy/001615.tif,वायु
Dataset/clean/001616.tif,Dataset/noisy/001616.tif,रनि
Dataset/clean/001617.tif,Dataset/noisy/001617.tif,लमम्
Dataset/clean/001618.tif,Dataset/noisy/001618.tif,व
Dataset/clean/001619.tif,Dataset/noisy/001619.tif,साैपु
Dataset/clean/001620.tif,Dataset/noisy/001620.tif,णस
Dataset/clean/001621.tif,Dataset/noisy/001621.tif,तत्त्पेपश्यामियोसा
Dataset/clean/001622.tif,Dataset/noisy/001622.tif,॥
Dataset/clean/001623.tif,Dataset/noisy/001623.tif,त्यस्थापि
Dataset/clean/001624.tif,Dataset/noisy/001624.tif,प्राजापत्य​
Dataset/clean/001625.tif,Dataset/noisy/001625.tif,न्समूहते
Dataset/clean/001626.tif,Dataset/noisy/001626.tif,रूपं
Dataset/clean/001627.tif,Dataset/noisy/001627.tif,दृष्टिये॥९
Dataset/clean/001628.tif,Dataset/noisy/001628.tif,धेमा
Dataset/clean/001629.tif,Dataset/noisy/001629.tif,पा
Dataset/clean/001630.tif,Dataset/noisy/001630.tif,पास
Dataset/clean/001631.tif,Dataset/noisy/001631.tif,ततो
Dataset/clean/001632.tif,Dataset/noisy/001632.tif,इव
Dataset/clean/001633.tif,Dataset/noisy/001633.tif,ते
Dataset/clean/001634.tif,Dataset/noisy/001634.tif,विद्याया
Dataset/clean/001635.tif,Dataset/noisy/001635.tif,इताः
Dataset/clean/001636.tif,Dataset/noisy/001636.tif,॥
Dataset/clean/001637.tif,Dataset/noisy/001637.tif,हुरविद्यया
Dataset/clean/001638.tif,Dataset/noisy/001638.tif,इति
Dataset/clean/001639.tif,Dataset/noisy/001639.tif,धीरा
Dataset/clean/001640.tif,Dataset/noisy/001640.tif,पूषन्न
Dataset/clean/001641.tif,Dataset/noisy/001641.tif,हितंमुसं
Dataset/clean/001642.tif,Dataset/noisy/001642.tif,हिरएमयेन
Dataset/clean/001643.tif,Dataset/noisy/001643.tif,न
Dataset/clean/001644.tif,Dataset/noisy/001644.tif,स्तद्विच
Dataset/clean/001645.tif,Dataset/noisy/001645.tif,चक्षिरे
Dataset/clean/001646.tif,Dataset/noisy/001646.tif,ते
Dataset/clean/001647.tif,Dataset/noisy/001647.tif,अन्य
Dataset/clean/001648.tif,Dataset/noisy/001648.tif,विद्यांचा
Dataset/clean/001649.tif,Dataset/noisy/001649.tif,॥११
Dataset/clean/001650.tif,Dataset/noisy/001650.tif,॥
Dataset/clean/001651.tif,Dataset/noisy/001651.tif,तमः
Dataset/clean/001652.tif,Dataset/noisy/001652.tif,:
Dataset/clean/001653.tif,Dataset/noisy/001653.tif,अन्य
Dataset/clean/001654.tif,Dataset/noisy/001654.tif,राणां
Dataset/clean/001655.tif,Dataset/noisy/001655.tif,दा
Dataset/clean/001656.tif,Dataset/noisy/001656.tif,प्रविशं
Dataset/clean/001657.tif,Dataset/noisy/001657.tif,देवा
Dataset/clean/001658.tif,Dataset/noisy/001658.tif,हरसंभवात्
Dataset/clean/001659.tif,Dataset/noisy/001659.tif,॥
Dataset/clean/001660.tif,Dataset/noisy/001660.tif,इतिशुश्रूमधी
Dataset/clean/001661.tif,Dataset/noisy/001661.tif,च
Dataset/clean/001662.tif,Dataset/noisy/001662.tif,क्षिरे
Dataset/clean/001663.tif,Dataset/noisy/001663.tif,॥१३
Dataset/clean/001664.tif,Dataset/noisy/001664.tif,॥
Dataset/clean/001665.tif,Dataset/noisy/001665.tif,॥
Dataset/clean/001666.tif,Dataset/noisy/001666.tif,विनाशनम्
Dataset/clean/001667.tif,Dataset/noisy/001667.tif,सुंती
Dataset/clean/001668.tif,Dataset/noisy/001668.tif,पात्रे
Dataset/clean/001669.tif,Dataset/noisy/001669.tif,॥१४
Dataset/clean/001670.tif,Dataset/noisy/001670.tif,॥
Dataset/clean/001671.tif,Dataset/noisy/001671.tif,तियेसंभूतिपुपासते
Dataset/clean/001672.tif,Dataset/noisy/001672.tif,तत्त्वं
Dataset/clean/001673.tif,Dataset/noisy/001673.tif,य
Dataset/clean/001674.tif,Dataset/noisy/001674.tif,५
Dataset/clean/001675.tif,Dataset/noisy/001675.tif,॥
Dataset/clean/001676.tif,Dataset/noisy/001676.tif,पूषन्ने
Dataset/clean/001677.tif,Dataset/noisy/001677.tif,कर्षेयम
Dataset/clean/001678.tif,Dataset/noisy/001678.tif,कल्याणतमं
Dataset/clean/001679.tif,Dataset/noisy/001679.tif,सूर्य
Dataset/clean/001680.tif,Dataset/noisy/001680.tif,हरश्मी
Dataset/clean/001681.tif,Dataset/noisy/001681.tif,यू
Dataset/clean/001682.tif,Dataset/noisy/001682.tif,पशु
Dataset/clean/001683.tif,Dataset/noisy/001683.tif,सत्य
Dataset/clean/001684.tif,Dataset/noisy/001684.tif,दणु
Dataset/clean/001685.tif,Dataset/noisy/001685.tif,॥
Dataset/clean/001686.tif,Dataset/noisy/001686.tif,हमस्मि
Dataset/clean/001687.tif,Dataset/noisy/001687.tif,सो
Dataset/clean/001688.tif,Dataset/noisy/001688.tif,रुषः
Dataset/clean/001689.tif,Dataset/noisy/001689.tif,यत्ते
Dataset/clean/001690.tif,Dataset/noisy/001690.tif,जो
Dataset/clean/001691.tif,Dataset/noisy/001691.tif,देव
Dataset/clean/001692.tif,Dataset/noisy/001692.tif,अस्मान्विश्वानि
Dataset/clean/001693.tif,Dataset/noisy/001693.tif,राये
Dataset/clean/001694.tif,Dataset/noisy/001694.tif,पथा
Dataset/clean/001695.tif,Dataset/noisy/001695.tif,युयोध्यस्मज्जुहुरा
Dataset/clean/001696.tif,Dataset/noisy/001696.tif,॥
Dataset/clean/001697.tif,Dataset/noisy/001697.tif,विद्वान्
Dataset/clean/001698.tif,Dataset/noisy/001698.tif,ओंक
Dataset/clean/001699.tif,Dataset/noisy/001699.tif,भस्मांत
Dataset/clean/001700.tif,Dataset/noisy/001700.tif,तमथेदं
Dataset/clean/001701.tif,Dataset/noisy/001701.tif,९॥
Dataset/clean/001702.tif,Dataset/noisy/001702.tif,॥
Dataset/clean/001703.tif,Dataset/noisy/001703.tif,ते
Dataset/clean/001704.tif,Dataset/noisy/001704.tif,॥
Dataset/clean/001705.tif,Dataset/noisy/001705.tif,ꣳ
Dataset/clean/001706.tif,Dataset/noisy/001706.tif,तमोयउ
Dataset/clean/001707.tif,Dataset/noisy/001707.tif,भूय
Dataset/clean/001708.tif,Dataset/noisy/001708.tif,देवाहुर्विघयान्य
Dataset/clean/001709.tif,Dataset/noisy/001709.tif,णांये
Dataset/clean/001710.tif,Dataset/noisy/001710.tif,॥१॥
Dataset/clean/001711.tif,Dataset/noisy/001711.tif,शुश्रूम
Dataset/clean/001712.tif,Dataset/noisy/001712.tif,विद्यांचयस्त
Dataset/clean/001713.tif,Dataset/noisy/001713.tif,याम
Dataset/clean/001714.tif,Dataset/noisy/001714.tif,अविद्य
Dataset/clean/001715.tif,Dataset/noisy/001715.tif,हग
Dataset/clean/001716.tif,Dataset/noisy/001716.tif,द्वेदोभयꣳस
Dataset/clean/001717.tif,Dataset/noisy/001717.tif,सुंतीर्ताविद्ययाम्
Dataset/clean/001718.tif,Dataset/noisy/001718.tif,तमश्रुते
Dataset/clean/001719.tif,Dataset/noisy/001719.tif,अंधं
Dataset/clean/001720.tif,Dataset/noisy/001720.tif,हु
Dataset/clean/001721.tif,Dataset/noisy/001721.tif,ꣳरता
Dataset/clean/001722.tif,Dataset/noisy/001722.tif,॥१२॥
Dataset/clean/001723.tif,Dataset/noisy/001723.tif,॥
Dataset/clean/001724.tif,Dataset/noisy/001724.tif,भूयइव
Dataset/clean/001725.tif,Dataset/noisy/001725.tif,तमोय
Dataset/clean/001726.tif,Dataset/noisy/001726.tif,उसं
Dataset/clean/001727.tif,Dataset/noisy/001727.tif,भूत्या
Dataset/clean/001728.tif,Dataset/noisy/001728.tif,सभवांदन्यदा
Dataset/clean/001729.tif,Dataset/noisy/001729.tif,येनरते
Dataset/clean/001730.tif,Dataset/noisy/001730.tif,द्विच
Dataset/clean/001731.tif,Dataset/noisy/001731.tif,संव्यू
Dataset/clean/001732.tif,Dataset/noisy/001732.tif,ततो
Dataset/clean/001733.tif,Dataset/noisy/001733.tif,तिंचविनाशंचयस्त
Dataset/clean/001734.tif,Dataset/noisy/001734.tif,द्वे
Dataset/clean/001735.tif,Dataset/noisy/001735.tif,दोम
Dataset/clean/001736.tif,Dataset/noisy/001736.tif,यꣳसह
Dataset/clean/001737.tif,Dataset/noisy/001737.tif,तसिंभ
Dataset/clean/001738.tif,Dataset/noisy/001738.tif,त्याम
Dataset/clean/001739.tif,Dataset/noisy/001739.tif,॥
Dataset/clean/001740.tif,Dataset/noisy/001740.tif,भगवते
Dataset/clean/001741.tif,Dataset/noisy/001741.tif,वासुदेवाय
Dataset/clean/001742.tif,Dataset/noisy/001742.tif,नमः
Dataset/clean/001743.tif,Dataset/noisy/001743.tif,प्रथमः
Dataset/clean/001744.tif,Dataset/noisy/001744.tif,संवभूव
Dataset/clean/001745.tif,Dataset/noisy/001745.tif,वदेत
Dataset/clean/001746.tif,Dataset/noisy/001746.tif,ब्रह्माथ
Dataset/clean/001747.tif,Dataset/noisy/001747.tif,गोप्ता
Dataset/clean/001748.tif,Dataset/noisy/001748.tif,॥
Dataset/clean/001749.tif,Dataset/noisy/001749.tif,विद्याप्रतिष्ठामथर्वाय
Dataset/clean/001750.tif,Dataset/noisy/001750.tif,ज्येष्ठपुत्रायत्राह
Dataset/clean/001751.tif,Dataset/noisy/001751.tif,॥
Dataset/clean/001752.tif,Dataset/noisy/001752.tif,अथर्व
Dataset/clean/001753.tif,Dataset/noisy/001753.tif,पुरोवा
Dataset/clean/001754.tif,Dataset/noisy/001754.tif,चांगिरसे
Dataset/clean/001755.tif,Dataset/noisy/001755.tif,॥
Dataset/clean/001756.tif,Dataset/noisy/001756.tif,जाय
Dataset/clean/001757.tif,Dataset/noisy/001757.tif,सत्य
Dataset/clean/001758.tif,Dataset/noisy/001758.tif,व
Dataset/clean/001759.tif,Dataset/noisy/001759.tif,हाय
Dataset/clean/001760.tif,Dataset/noisy/001760.tif,गिर
Dataset/clean/001761.tif,Dataset/noisy/001761.tif,॥
Dataset/clean/001762.tif,Dataset/noisy/001762.tif,कस्मिन्नु
Dataset/clean/001763.tif,Dataset/noisy/001763.tif,भगवो
Dataset/clean/001764.tif,Dataset/noisy/001764.tif,विज्ञाते
Dataset/clean/001765.tif,Dataset/noisy/001765.tif,सर्वमिदं
Dataset/clean/001766.tif,Dataset/noisy/001766.tif,विज्ञा
Dataset/clean/001767.tif,Dataset/noisy/001767.tif,शौनको
Dataset/clean/001768.tif,Dataset/noisy/001768.tif,ह
Dataset/clean/001769.tif,Dataset/noisy/001769.tif,वै
Dataset/clean/001770.tif,Dataset/noisy/001770.tif,महाशालोंगिरसं
Dataset/clean/001771.tif,Dataset/noisy/001771.tif,विधिवदुप
Dataset/clean/001772.tif,Dataset/noisy/001772.tif,तं
Dataset/clean/001773.tif,Dataset/noisy/001773.tif,भवतीति
Dataset/clean/001774.tif,Dataset/noisy/001774.tif,तस्मै
Dataset/clean/001775.tif,Dataset/noisy/001775.tif,स
Dataset/clean/001776.tif,Dataset/noisy/001776.tif,होवाच
Dataset/clean/001777.tif,Dataset/noisy/001777.tif,द्वे
Dataset/clean/001778.tif,Dataset/noisy/001778.tif,विद्येवेदित
Dataset/clean/001779.tif,Dataset/noisy/001779.tif,इतिहस्मय
Dataset/clean/001780.tif,Dataset/noisy/001780.tif,दंतिपरा
Dataset/clean/001781.tif,Dataset/noisy/001781.tif,चैवापराचतत्रा
Dataset/clean/001782.tif,Dataset/noisy/001782.tif,दोयजुर्वेदः
Dataset/clean/001783.tif,Dataset/noisy/001783.tif,कल्पो
Dataset/clean/001784.tif,Dataset/noisy/001784.tif,निरुक्तं
Dataset/clean/001785.tif,Dataset/noisy/001785.tif,छंदो
Dataset/clean/001786.tif,Dataset/noisy/001786.tif,ज्योतिष
Dataset/clean/001787.tif,Dataset/noisy/001787.tif,मितीति
Dataset/clean/001788.tif,Dataset/noisy/001788.tif,योमी
Dataset/clean/001789.tif,Dataset/noisy/001789.tif,मां
Dataset/clean/001790.tif,Dataset/noisy/001790.tif,श्रोत्रं
Dataset/clean/001791.tif,Dataset/noisy/001791.tif,राय
Dataset/clean/001792.tif,Dataset/noisy/001792.tif,तदपाणिपादं
Dataset/clean/001793.tif,Dataset/noisy/001793.tif,नित्यं
Dataset/clean/001794.tif,Dataset/noisy/001794.tif,विभुं
Dataset/clean/001795.tif,Dataset/noisy/001795.tif,यथो
Dataset/clean/001796.tif,Dataset/noisy/001796.tif,सतपुरुषा
Dataset/clean/001797.tif,Dataset/noisy/001797.tif,हविश्वं
Dataset/clean/001798.tif,Dataset/noisy/001798.tif,तपसा
Dataset/clean/001799.tif,Dataset/noisy/001799.tif,चीयते
Dataset/clean/001800.tif,Dataset/noisy/001800.tif,ब्रह्म
Dataset/clean/001801.tif,Dataset/noisy/001801.tif,ततो
Dataset/clean/001802.tif,Dataset/noisy/001802.tif,सत्यं
Dataset/clean/001803.tif,Dataset/noisy/001803.tif,लोकाः
Dataset/clean/001804.tif,Dataset/noisy/001804.tif,तपः
Dataset/clean/001805.tif,Dataset/noisy/001805.tif,तस्मादेत
Dataset/clean/001806.tif,Dataset/noisy/001806.tif,नामरूपमन्नंच
Dataset/clean/001807.tif,Dataset/noisy/001807.tif,जायते
Dataset/clean/001808.tif,Dataset/noisy/001808.tif,स्त्रा
Dataset/clean/001809.tif,Dataset/noisy/001809.tif,नित्रेतायां
Dataset/clean/001810.tif,Dataset/noisy/001810.tif,बहुधा
Dataset/clean/001811.tif,Dataset/noisy/001811.tif,संत
Dataset/clean/001812.tif,Dataset/noisy/001812.tif,तदेतत्सत्यं
Dataset/clean/001813.tif,Dataset/noisy/001813.tif,प्रथमं
Dataset/clean/001814.tif,Dataset/noisy/001814.tif,मुंडकं
Dataset/clean/001815.tif,Dataset/noisy/001815.tif,वयो
Dataset/clean/001816.tif,Dataset/noisy/001816.tif,स्प
Dataset/clean/001817.tif,Dataset/noisy/001817.tif,लोके
Dataset/clean/001818.tif,Dataset/noisy/001818.tif,॥
Dataset/clean/001819.tif,Dataset/noisy/001819.tif,पथाः
Dataset/clean/001820.tif,Dataset/noisy/001820.tif,सुकृत
Dataset/clean/001821.tif,Dataset/noisy/001821.tif,का
Dataset/clean/001822.tif,Dataset/noisy/001822.tif,माएष
Dataset/clean/001823.tif,Dataset/noisy/001823.tif,वः
Dataset/clean/001824.tif,Dataset/noisy/001824.tif,तान्या
Dataset/clean/001825.tif,Dataset/noisy/001825.tif,चरत
Dataset/clean/001826.tif,Dataset/noisy/001826.tif,सत्य
Dataset/clean/001827.tif,Dataset/noisy/001827.tif,तानि
Dataset/clean/001828.tif,Dataset/noisy/001828.tif,यदालेलायते
Dataset/clean/001829.tif,Dataset/noisy/001829.tif,तदाज्प
Dataset/clean/001830.tif,Dataset/noisy/001830.tif,रेणाहुतीः
Dataset/clean/001831.tif,Dataset/noisy/001831.tif,स्पा
Dataset/clean/001832.tif,Dataset/noisy/001832.tif,।
Dataset/clean/001833.tif,Dataset/noisy/001833.tif,मदर्श
Dataset/clean/001834.tif,Dataset/noisy/001834.tif,मपौ
Dataset/clean/001835.tif,Dataset/noisy/001835.tif,चातुर्मा
Dataset/clean/001836.tif,Dataset/noisy/001836.tif,विधिनाहुतम
Dataset/clean/001837.tif,Dataset/noisy/001837.tif,श्रद्धया
Dataset/clean/001838.tif,Dataset/noisy/001838.tif,हुत
Dataset/clean/001839.tif,Dataset/noisy/001839.tif,मात्र
Dataset/clean/001840.tif,Dataset/noisy/001840.tif,का
Dataset/clean/001841.tif,Dataset/noisy/001841.tif,हिनस्त्रि
Dataset/clean/001842.tif,Dataset/noisy/001842.tif,॥
Dataset/clean/001843.tif,Dataset/noisy/001843.tif,काली
Dataset/clean/001844.tif,Dataset/noisy/001844.tif,करालीचम
Dataset/clean/001845.tif,Dataset/noisy/001845.tif,॥
Dataset/clean/001846.tif,Dataset/noisy/001846.tif,चा॥यथा
Dataset/clean/001847.tif,Dataset/noisy/001847.tif,॥
Dataset/clean/001848.tif,Dataset/noisy/001848.tif,॥
Dataset/clean/001849.tif,Dataset/noisy/001849.tif,॥
Dataset/clean/001850.tif,Dataset/noisy/001850.tif,॥
Dataset/clean/001851.tif,Dataset/noisy/001851.tif,॥
Dataset/clean/001852.tif,Dataset/noisy/001852.tif,र्नुनमो
Dataset/clean/001853.tif,Dataset/noisy/001853.tif,र्नुब्रह्मादेवानां
Dataset/clean/001854.tif,Dataset/noisy/001854.tif,विश्वस्यकर्त्ता
Dataset/clean/001855.tif,Dataset/noisy/001855.tif,भुवनस्य
Dataset/clean/001856.tif,Dataset/noisy/001856.tif,सब्रह्मविद्यांसर्व
Dataset/clean/001857.tif,Dataset/noisy/001857.tif,णे
Dataset/clean/001858.tif,Dataset/noisy/001858.tif,यांप्र​
Dataset/clean/001859.tif,Dataset/noisy/001859.tif,र्वानां
Dataset/clean/001860.tif,Dataset/noisy/001860.tif,व्रह्मविद्यां
Dataset/clean/001861.tif,Dataset/noisy/001861.tif,समार
Dataset/clean/001862.tif,Dataset/noisy/001862.tif,द्वा
Dataset/clean/001863.tif,Dataset/noisy/001863.tif,प्राहमार
Dataset/clean/001864.tif,Dataset/noisy/001864.tif,द्वाजों
Dataset/clean/001865.tif,Dataset/noisy/001865.tif,सेपरा
Dataset/clean/001866.tif,Dataset/noisy/001866.tif,वरां
Dataset/clean/001867.tif,Dataset/noisy/001867.tif,प्र​छ
Dataset/clean/001868.tif,Dataset/noisy/001868.tif,सन्नःप
Dataset/clean/001869.tif,Dataset/noisy/001869.tif,व्पे
Dataset/clean/001870.tif,Dataset/noisy/001870.tif,ब्रह्म​
Dataset/clean/001871.tif,Dataset/noisy/001871.tif,बिदोब
Dataset/clean/001872.tif,Dataset/noisy/001872.tif,पराऽक्तूग्वे
Dataset/clean/001873.tif,Dataset/noisy/001873.tif,सामवेदोव्रह्मवेदः॥शिक्षा
Dataset/clean/001874.tif,Dataset/noisy/001874.tif,व्याकरणं
Dataset/clean/001875.tif,Dataset/noisy/001875.tif,तदव्ययं॥यद्भूतयोनिंप
Dataset/clean/001876.tif,Dataset/noisy/001876.tif,हासपुराणन्या
Dataset/clean/001877.tif,Dataset/noisy/001877.tif,मगोत्रमवर्स्ममचक्षुः
Dataset/clean/001878.tif,Dataset/noisy/001878.tif,साधर्म्म
Dataset/clean/001879.tif,Dataset/noisy/001879.tif,शास्त्राणीत्पथप
Dataset/clean/001880.tif,Dataset/noisy/001880.tif,यातदक्षरमधिगम्पतेयत्तदद्दश्यग्राह्य
Dataset/clean/001881.tif,Dataset/noisy/001881.tif,सर्वगतंसुसूक्ष्मं
Dataset/clean/001882.tif,Dataset/noisy/001882.tif,१
Dataset/clean/001883.tif,Dataset/noisy/001883.tif,नियंत
Dataset/clean/001884.tif,Dataset/noisy/001884.tif,त्केशलोमानि॥तथाक्षरात्संभवती
Dataset/clean/001885.tif,Dataset/noisy/001885.tif,चामृतं॥यः
Dataset/clean/001886.tif,Dataset/noisy/001886.tif,॥ब॥१॥
Dataset/clean/001887.tif,Dataset/noisy/001887.tif,रिपश्पंतिधीरा
Dataset/clean/001888.tif,Dataset/noisy/001888.tif,र्स्मनाभिःसृजते
Dataset/clean/001889.tif,Dataset/noisy/001889.tif,गृह्मते
Dataset/clean/001890.tif,Dataset/noisy/001890.tif,पृथिव्यामोषधयः
Dataset/clean/001891.tif,Dataset/noisy/001891.tif,संभवंतियथा
Dataset/clean/001892.tif,Dataset/noisy/001892.tif,न्नममिजायते
Dataset/clean/001893.tif,Dataset/noisy/001893.tif,अन्नात्प्रा
Dataset/clean/001894.tif,Dataset/noisy/001894.tif,णोमनः
Dataset/clean/001895.tif,Dataset/noisy/001895.tif,कंर्म्मसु
Dataset/clean/001896.tif,Dataset/noisy/001896.tif,सर्व्वज्ञः
Dataset/clean/001897.tif,Dataset/noisy/001897.tif,सर्व्वविद्यःयस्पज्ञानमयं
Dataset/clean/001898.tif,Dataset/noisy/001898.tif,ब्रह्म
Dataset/clean/001899.tif,Dataset/noisy/001899.tif,मंत्रेषुकर्म्माणिक
Dataset/clean/001900.tif,Dataset/noisy/001900.tif,यान्यपश्पं
Dataset/clean/001901.tif,Dataset/noisy/001901.tif,ह्वार्च्चि:
Dataset/clean/001902.tif,Dataset/noisy/001902.tif,समिद्वेहव्यवाहने
Dataset/clean/001903.tif,Dataset/noisy/001903.tif,भागावंत
Dataset/clean/001904.tif,Dataset/noisy/001904.tif,प्रतिपादयेत्॥य
Dataset/clean/001905.tif,Dataset/noisy/001905.tif,च॥अहुतमवैश्व​
Dataset/clean/001906.tif,Dataset/noisy/001906.tif,स्पमनाग्रयणमतिथिवर्ज्जितं
Dataset/clean/001907.tif,Dataset/noisy/001907.tif,ग्निहोत्र
Dataset/clean/001908.tif,Dataset/noisy/001908.tif,र्स्ममासम
Dataset/clean/001909.tif,Dataset/noisy/001909.tif,देवम
Dataset/clean/001910.tif,Dataset/noisy/001910.tif,मासप्र​
Dataset/clean/001911.tif,Dataset/noisy/001911.tif,स्पलो
Dataset/clean/001912.tif,Dataset/noisy/001912.tif,न्
Dataset/clean/001913.tif,Dataset/noisy/001913.tif,।
Dataset/clean/001914.tif,Dataset/noisy/001914.tif,।
Dataset/clean/001915.tif,Dataset/noisy/001915.tif,प्रत्यक्षह
Dataset/clean/001916.tif,Dataset/noisy/001916.tif,सुप्रापंततब्रह्म
Dataset/clean/001917.tif,Dataset/noisy/001917.tif,त्स्छत्वात्
Dataset/clean/001918.tif,Dataset/noisy/001918.tif,त्त्वेन
Dataset/clean/001919.tif,Dataset/noisy/001919.tif,स्य
Dataset/clean/001920.tif,Dataset/noisy/001920.tif,स्य
Dataset/clean/001921.tif,Dataset/noisy/001921.tif,एव
Dataset/clean/001922.tif,Dataset/noisy/001922.tif,तं
Dataset/clean/001923.tif,Dataset/noisy/001923.tif,हैतुने
Dataset/clean/001924.tif,Dataset/noisy/001924.tif,दूरइवस्छि
Dataset/clean/001925.tif,Dataset/noisy/001925.tif,प्राप्यत्वात्
Dataset/clean/001926.tif,Dataset/noisy/001926.tif,देव
Dataset/clean/001927.tif,Dataset/noisy/001927.tif,आत्मत्वेनत्घ्
Dataset/clean/001928.tif,Dataset/noisy/001928.tif,स्छितइतिश्रुतेः
Dataset/clean/001929.tif,Dataset/noisy/001929.tif,नारायण:
Dataset/clean/001930.tif,Dataset/noisy/001930.tif,अंतर्बहिश्र्वतत्संर्वव्याप्य
Dataset/clean/001931.tif,Dataset/noisy/001931.tif,सार्वविभक्तिकस्तसि:
Dataset/clean/001932.tif,Dataset/noisy/001932.tif,त्वेन
Dataset/clean/001933.tif,Dataset/noisy/001933.tif,प्रदेशे
Dataset/clean/001934.tif,Dataset/noisy/001934.tif,दुत
Dataset/clean/001935.tif,Dataset/noisy/001935.tif,स्छोक्षरउच्यते
Dataset/clean/001936.tif,Dataset/noisy/001936.tif,चांतिके
Dataset/clean/001937.tif,Dataset/noisy/001937.tif,स्छं
Dataset/clean/001938.tif,Dataset/noisy/001938.tif,टिभिरपिअ
Dataset/clean/001939.tif,Dataset/noisy/001939.tif,वर्षको
Dataset/clean/001940.tif,Dataset/noisy/001940.tif,अज्ञानिनां
Dataset/clean/001941.tif,Dataset/noisy/001941.tif,अथवा
Dataset/clean/001942.tif,Dataset/noisy/001942.tif,।
Dataset/clean/001943.tif,Dataset/noisy/001943.tif,ब्रह्मैव
Dataset/clean/001944.tif,Dataset/noisy/001944.tif,च
Dataset/clean/001945.tif,Dataset/noisy/001945.tif,सर्वरूप
Dataset/clean/001946.tif,Dataset/noisy/001946.tif,अथवा
Dataset/clean/001947.tif,Dataset/noisy/001947.tif,।
Dataset/clean/001948.tif,Dataset/noisy/001948.tif,सर्वगतत्वात्
Dataset/clean/001949.tif,Dataset/noisy/001949.tif,ब्रह्मैव
Dataset/clean/001950.tif,Dataset/noisy/001950.tif,अस्य
Dataset/clean/001951.tif,Dataset/noisy/001951.tif,समीपे
Dataset/clean/001952.tif,Dataset/noisy/001952.tif,तु
Dataset/clean/001953.tif,Dataset/noisy/001953.tif,आत्मज्ञानिनां
Dataset/clean/001954.tif,Dataset/noisy/001954.tif,सर्वस्य
Dataset/clean/001955.tif,Dataset/noisy/001955.tif,जात
Dataset/clean/001956.tif,Dataset/noisy/001956.tif,भूत
Dataset/clean/001957.tif,Dataset/noisy/001957.tif,अंतर्यामि
Dataset/clean/001958.tif,Dataset/noisy/001958.tif,अभ्यंतरे
Dataset/clean/001959.tif,Dataset/noisy/001959.tif,अंतः
Dataset/clean/001960.tif,Dataset/noisy/001960.tif,श्वभूता
Dataset/clean/001961.tif,Dataset/noisy/001961.tif,बहिरंत
Dataset/clean/001962.tif,Dataset/noisy/001962.tif,।
Dataset/clean/001963.tif,Dataset/noisy/001963.tif,उत्तम
Dataset/clean/001964.tif,Dataset/noisy/001964.tif,बाह्य
Dataset/clean/001965.tif,Dataset/noisy/001965.tif,तः
Dataset/clean/001966.tif,Dataset/noisy/001966.tif,बाह्य
Dataset/clean/001967.tif,Dataset/noisy/001967.tif,अस्य
Dataset/clean/001968.tif,Dataset/noisy/001968.tif,स्प
Dataset/clean/001969.tif,Dataset/noisy/001969.tif,सर्व
Dataset/clean/001970.tif,Dataset/noisy/001970.tif,।
Dataset/clean/001971.tif,Dataset/noisy/001971.tif,पुरुष
Dataset/clean/001972.tif,Dataset/noisy/001972.tif,।
Dataset/clean/001973.tif,Dataset/noisy/001973.tif,कूट
Dataset/clean/001974.tif,Dataset/noisy/001974.tif,भूतानि
Dataset/clean/001975.tif,Dataset/noisy/001975.tif,सर्वाणि
Dataset/clean/001976.tif,Dataset/noisy/001976.tif,तदितिक्षरः
Dataset/clean/001977.tif,Dataset/noisy/001977.tif,च
Dataset/clean/001978.tif,Dataset/noisy/001978.tif,दूर
Dataset/clean/001979.tif,Dataset/noisy/001979.tif,लात्तदविज्ञेयं
Dataset/clean/001980.tif,Dataset/noisy/001980.tif,सूक्ष्म
Dataset/clean/001981.tif,Dataset/noisy/001981.tif,चरमेवचा
Dataset/clean/001982.tif,Dataset/noisy/001982.tif,।
Dataset/clean/001983.tif,Dataset/noisy/001983.tif,चना
Dataset/clean/001984.tif,Dataset/noisy/001984.tif,पुरुष
Dataset/clean/001985.tif,Dataset/noisy/001985.tif,उत्तमः
Dataset/clean/001986.tif,Dataset/noisy/001986.tif,वा
Dataset/clean/001987.tif,Dataset/noisy/001987.tif,गीता
Dataset/clean/001988.tif,Dataset/noisy/001988.tif,इति
Dataset/clean/001989.tif,Dataset/noisy/001989.tif,ब्रह्मैवत
Dataset/clean/001990.tif,Dataset/noisy/001990.tif,श्लोकः
Dataset/clean/001991.tif,Dataset/noisy/001991.tif,संग्रह
Dataset/clean/001992.tif,Dataset/noisy/001992.tif,५॥
Dataset/clean/001993.tif,Dataset/noisy/001993.tif,॥
Dataset/clean/001994.tif,Dataset/noisy/001994.tif,क्या
Dataset/clean/001995.tif,Dataset/noisy/001995.tif,॥
Dataset/clean/001996.tif,Dataset/noisy/001996.tif,५
Dataset/clean/001997.tif,Dataset/noisy/001997.tif,॥
Dataset/clean/001998.tif,Dataset/noisy/001998.tif,तत्
Dataset/clean/001999.tif,Dataset/noisy/001999.tif,हिः
Dataset/clean/002000.tif,Dataset/noisy/002000.tif,पेविश्व
Dataset/clean/002001.tif,Dataset/noisy/002001.tif,मी
Dataset/clean/002002.tif,Dataset/noisy/002002.tif,दास
Dataset/clean/002003.tif,Dataset/noisy/002003.tif,भाति
Dataset/clean/002004.tif,Dataset/noisy/002004.tif,ज्ञानिनां
Dataset/clean/002005.tif,Dataset/noisy/002005.tif,॥
Dataset/clean/002006.tif,Dataset/noisy/002006.tif,प्रकाशं
Dataset/clean/002007.tif,Dataset/noisy/002007.tif,दूर
Dataset/clean/002008.tif,Dataset/noisy/002008.tif,वरजंगमात्म
Dataset/clean/002009.tif,Dataset/noisy/002009.tif,राम
Dataset/clean/002010.tif,Dataset/noisy/002010.tif,ईशावास्य
Dataset/clean/002011.tif,Dataset/noisy/002011.tif,॥
Dataset/clean/002012.tif,Dataset/noisy/002012.tif,॥५
Dataset/clean/002013.tif,Dataset/noisy/002013.tif,राघवः
Dataset/clean/002014.tif,Dataset/noisy/002014.tif,तेन
Dataset/clean/002015.tif,Dataset/noisy/002015.tif,प्रीयतां
Dataset/clean/002016.tif,Dataset/noisy/002016.tif,मंत्रः
Dataset/clean/002017.tif,Dataset/noisy/002017.tif,पंचमो
Dataset/clean/002018.tif,Dataset/noisy/002018.tif,संपूर्णः
Dataset/clean/002019.tif,Dataset/noisy/002019.tif,॥
Dataset/clean/002020.tif,Dataset/noisy/002020.tif,न
Dataset/clean/002021.tif,Dataset/noisy/002021.tif,ततो
Dataset/clean/002022.tif,Dataset/noisy/002022.tif,चात्मानं
Dataset/clean/002023.tif,Dataset/noisy/002023.tif,सर्वभूतेषु
Dataset/clean/002024.tif,Dataset/noisy/002024.tif,॥
Dataset/clean/002025.tif,Dataset/noisy/002025.tif,स्वफल
Dataset/clean/002026.tif,Dataset/noisy/002026.tif,॥
Dataset/clean/002027.tif,Dataset/noisy/002027.tif,॥६
Dataset/clean/002028.tif,Dataset/noisy/002028.tif,सर्वाणि
Dataset/clean/002029.tif,Dataset/noisy/002029.tif,।
Dataset/clean/002030.tif,Dataset/noisy/002030.tif,द्वैतं
Dataset/clean/002031.tif,Dataset/noisy/002031.tif,।
Dataset/clean/002032.tif,Dataset/noisy/002032.tif,नै
Dataset/clean/002033.tif,Dataset/noisy/002033.tif,कात्म्य
Dataset/clean/002034.tif,Dataset/noisy/002034.tif,यदैत
Dataset/clean/002035.tif,Dataset/noisy/002035.tif,स्छ
Dataset/clean/002036.tif,Dataset/noisy/002036.tif,आत्मनू
Dataset/clean/002037.tif,Dataset/noisy/002037.tif,सुपां
Dataset/clean/002038.tif,Dataset/noisy/002038.tif,।
Dataset/clean/002039.tif,Dataset/noisy/002039.tif,।
Dataset/clean/002040.tif,Dataset/noisy/002040.tif,र्लुकू
Dataset/clean/002041.tif,Dataset/noisy/002041.tif,पश्यति
Dataset/clean/002042.tif,Dataset/noisy/002042.tif,रांता
Dataset/clean/002043.tif,Dataset/noisy/002043.tif,।
Dataset/clean/002044.tif,Dataset/noisy/002044.tif,पस्तिति
Dataset/clean/002045.tif,Dataset/noisy/002045.tif,भूतान्यात्मन्नेवानुपश्यति
Dataset/clean/002046.tif,Dataset/noisy/002046.tif,धिचिकित्सति
Dataset/clean/002047.tif,Dataset/noisy/002047.tif,श​र्मणा
Dataset/clean/002048.tif,Dataset/noisy/002048.tif,उक्तात्मज्ञान
Dataset/clean/002049.tif,Dataset/noisy/002049.tif,स्यवृतौ
Dataset/clean/002050.tif,Dataset/noisy/002050.tif,कृता
Dataset/clean/002051.tif,Dataset/noisy/002051.tif,यां
Dataset/clean/002052.tif,Dataset/noisy/002052.tif,स्छितं
Dataset/clean/002053.tif,Dataset/noisy/002053.tif,स्पचांतश्चब
Dataset/clean/002054.tif,Dataset/noisy/002054.tif,स्वाज्ञानिनां
Dataset/clean/002055.tif,Dataset/noisy/002055.tif,इवा
Dataset/clean/002056.tif,Dataset/noisy/002056.tif,तजू
Dataset/clean/002057.tif,Dataset/noisy/002057.tif,यस्तु
Dataset/clean/002058.tif,Dataset/noisy/002058.tif,॥
Dataset/clean/002059.tif,Dataset/noisy/002059.tif,माह
Dataset/clean/002060.tif,Dataset/noisy/002060.tif,व
Dataset/clean/002061.tif,Dataset/noisy/002061.tif,अव्यक्तादिस्छा
Dataset/clean/002062.tif,Dataset/noisy/002062.tif,भूतानि
Dataset/clean/002063.tif,Dataset/noisy/002063.tif,सर्वाणि
Dataset/clean/002064.tif,Dataset/noisy/002064.tif,।
Dataset/clean/002065.tif,Dataset/noisy/002065.tif,विलक्षणदृष्टिः
Dataset/clean/002066.tif,Dataset/noisy/002066.tif,क
Dataset/clean/002067.tif,Dataset/noisy/002067.tif,पुनर्लो
Dataset/clean/002068.tif,Dataset/noisy/002068.tif,यः
Dataset/clean/002069.tif,Dataset/noisy/002069.tif,।
Dataset/clean/002070.tif,Dataset/noisy/002070.tif,द्योतकः
Dataset/clean/002071.tif,Dataset/noisy/002071.tif,वैलक्षण्य
Dataset/clean/002072.tif,Dataset/noisy/002072.tif,शब्दो
Dataset/clean/002073.tif,Dataset/noisy/002073.tif,तु
Dataset/clean/002074.tif,Dataset/noisy/002074.tif,।
Dataset/clean/002075.tif,Dataset/noisy/002075.tif,यस्तु
Dataset/clean/002076.tif,Dataset/noisy/002076.tif,।
Dataset/clean/002077.tif,Dataset/noisy/002077.tif,अ
Dataset/clean/002078.tif,Dataset/noisy/002078.tif,।
Dataset/clean/002079.tif,Dataset/noisy/002079.tif,गुरुपदेशानंतरं
Dataset/clean/002080.tif,Dataset/noisy/002080.tif,।
Dataset/clean/002081.tif,Dataset/noisy/002081.tif,अनु
Dataset/clean/002082.tif,Dataset/noisy/002082.tif,।
Dataset/clean/002083.tif,Dataset/noisy/002083.tif,एव
Dataset/clean/002084.tif,Dataset/noisy/002084.tif,रूपे
Dataset/clean/002085.tif,Dataset/noisy/002085.tif,अधिष्ठान
Dataset/clean/002086.tif,Dataset/noisy/002086.tif,कोटिकं
Dataset/clean/002087.tif,Dataset/noisy/002087.tif,दावि
Dataset/clean/002088.tif,Dataset/noisy/002088.tif,सर्वभूतभव्यस्यन
Dataset/clean/002089.tif,Dataset/noisy/002089.tif,प्राप्रोति
Dataset/clean/002090.tif,Dataset/noisy/002090.tif,संशयं
Dataset/clean/002091.tif,Dataset/noisy/002091.tif,सं
Dataset/clean/002092.tif,Dataset/noisy/002092.tif,मरं
Dataset/clean/002093.tif,Dataset/noisy/002093.tif,परमात्मेत्युदात्घ् त
Dataset/clean/002094.tif,Dataset/noisy/002094.tif,स्त्वन्यः
Dataset/clean/002095.tif,Dataset/noisy/002095.tif,अन्नार्थ
Dataset/clean/002096.tif,Dataset/noisy/002096.tif,स
Dataset/clean/002097.tif,Dataset/noisy/002097.tif,त्स्छा
Dataset/clean/002098.tif,Dataset/noisy/002098.tif,पश्यतो
Dataset/clean/002099.tif,Dataset/noisy/002099.tif,पुरुष:।न
Dataset/clean/002100.tif,Dataset/noisy/002100.tif,अनुगतं
Dataset/clean/002101.tif,Dataset/noisy/002101.tif,तत:
Dataset/clean/002102.tif,Dataset/noisy/002102.tif,।
Dataset/clean/002103.tif,Dataset/noisy/002103.tif,तेषु
Dataset/clean/002104.tif,Dataset/noisy/002104.tif,श्रुतेश्र्व
Dataset/clean/002105.tif,Dataset/noisy/002105.tif,ब्रह्मपरमं
Dataset/clean/002106.tif,Dataset/noisy/002106.tif,मनुपश्यत्यात्मानं
Dataset/clean/002107.tif,Dataset/noisy/002107.tif,रावर
Dataset/clean/002108.tif,Dataset/noisy/002108.tif,दृष्टेप
Dataset/clean/002109.tif,Dataset/noisy/002109.tif,छिद्यंते
Dataset/clean/002110.tif,Dataset/noisy/002110.tif,यां
Dataset/clean/002111.tif,Dataset/noisy/002111.tif,कै
Dataset/clean/002112.tif,Dataset/noisy/002112.tif,ङे
Dataset/clean/002113.tif,Dataset/noisy/002113.tif,सुलुगिति
Dataset/clean/002114.tif,Dataset/noisy/002114.tif,।
Dataset/clean/002115.tif,Dataset/noisy/002115.tif,च्च
Dataset/clean/002116.tif,Dataset/noisy/002116.tif,आत्मनि
Dataset/clean/002117.tif,Dataset/noisy/002117.tif,।
Dataset/clean/002118.tif,Dataset/noisy/002118.tif,नि
Dataset/clean/002119.tif,Dataset/noisy/002119.tif,।
Dataset/clean/002120.tif,Dataset/noisy/002120.tif,अनु
Dataset/clean/002121.tif,Dataset/noisy/002121.tif,।
Dataset/clean/002122.tif,Dataset/noisy/002122.tif,आत्मानं
Dataset/clean/002123.tif,Dataset/noisy/002123.tif,।
Dataset/clean/002124.tif,Dataset/noisy/002124.tif,सर्वभूतेषु
Dataset/clean/002125.tif,Dataset/noisy/002125.tif,।
Dataset/clean/002126.tif,Dataset/noisy/002126.tif,परं
Dataset/clean/002127.tif,Dataset/noisy/002127.tif,च
Dataset/clean/002128.tif,Dataset/noisy/002128.tif,।
Dataset/clean/002129.tif,Dataset/noisy/002129.tif,वलोकयति
Dataset/clean/002130.tif,Dataset/noisy/002130.tif,।
Dataset/clean/002131.tif,Dataset/noisy/002131.tif,।
Dataset/clean/002132.tif,Dataset/noisy/002132.tif,अनुभवति
Dataset/clean/002133.tif,Dataset/noisy/002133.tif,।
Dataset/clean/002134.tif,Dataset/noisy/002134.tif,पश्यति
Dataset/clean/002135.tif,Dataset/noisy/002135.tif,।
Dataset/clean/002136.tif,Dataset/noisy/002136.tif,कारणात्मना
Dataset/clean/002137.tif,Dataset/noisy/002137.tif,ज्ञानं
Dataset/clean/002138.tif,Dataset/noisy/002138.tif,उभय
Dataset/clean/002139.tif,Dataset/noisy/002139.tif,संशयः
Dataset/clean/002140.tif,Dataset/noisy/002140.tif,।
Dataset/clean/002141.tif,Dataset/noisy/002141.tif,अत्रायं
Dataset/clean/002142.tif,Dataset/noisy/002142.tif,पश्य
Dataset/clean/002143.tif,Dataset/noisy/002143.tif,यः
Dataset/clean/002144.tif,Dataset/noisy/002144.tif,।
Dataset/clean/002145.tif,Dataset/noisy/002145.tif,श्लोकः
Dataset/clean/002146.tif,Dataset/noisy/002146.tif,यह
Dataset/clean/002147.tif,Dataset/noisy/002147.tif,॥
Dataset/clean/002148.tif,Dataset/noisy/002148.tif,॥६
Dataset/clean/002149.tif,Dataset/noisy/002149.tif,संपश्यन्
Dataset/clean/002150.tif,Dataset/noisy/002150.tif,।
Dataset/clean/002151.tif,Dataset/noisy/002151.tif,चात्मनि
Dataset/clean/002152.tif,Dataset/noisy/002152.tif,सर्वभूतानि
Dataset/clean/002153.tif,Dataset/noisy/002153.tif,त
Dataset/clean/002154.tif,Dataset/noisy/002154.tif,ईशानं
Dataset/clean/002155.tif,Dataset/noisy/002155.tif,।
Dataset/clean/002156.tif,Dataset/noisy/002156.tif,मंजसा
Dataset/clean/002157.tif,Dataset/noisy/002157.tif,देव
Dataset/clean/002158.tif,Dataset/noisy/002158.tif,मुंडक
Dataset/clean/002159.tif,Dataset/noisy/002159.tif,इति
Dataset/clean/002160.tif,Dataset/noisy/002160.tif,तस्मिन्
Dataset/clean/002161.tif,Dataset/noisy/002161.tif,सर्वसंशयाः
Dataset/clean/002162.tif,Dataset/noisy/002162.tif,।
Dataset/clean/002163.tif,Dataset/noisy/002163.tif,इति
Dataset/clean/002164.tif,Dataset/noisy/002164.tif,दर्शनः
Dataset/clean/002165.tif,Dataset/noisy/002165.tif,सम
Dataset/clean/002166.tif,Dataset/noisy/002166.tif,सर्वत्र
Dataset/clean/002167.tif,Dataset/noisy/002167.tif,योगयुक्तात्मा
Dataset/clean/002168.tif,Dataset/noisy/002168.tif,ईक्षते
Dataset/clean/002169.tif,Dataset/noisy/002169.tif,गीता
Dataset/clean/002170.tif,Dataset/noisy/002170.tif,श्रुतेरुतरार्ध
Dataset/clean/002171.tif,Dataset/noisy/002171.tif,एव
Dataset/clean/002172.tif,Dataset/noisy/002172.tif,अस्या
Dataset/clean/002173.tif,Dataset/noisy/002173.tif,।
Dataset/clean/002174.tif,Dataset/noisy/002174.tif,बल्यश्रुतेश्व
Dataset/clean/002175.tif,Dataset/noisy/002175.tif,ति
Dataset/clean/002176.tif,Dataset/noisy/002176.tif,नान्येन
Dataset/clean/002177.tif,Dataset/noisy/002177.tif,याति
Dataset/clean/002178.tif,Dataset/noisy/002178.tif,मात्मानं
Dataset/clean/002179.tif,Dataset/noisy/002179.tif,सर्वभूत
Dataset/clean/002180.tif,Dataset/noisy/002180.tif,।
Dataset/clean/002181.tif,Dataset/noisy/002181.tif,बहदारण्यकश्रुतेः
Dataset/clean/002182.tif,Dataset/noisy/002182.tif,इति
Dataset/clean/002183.tif,Dataset/noisy/002183.tif,।
Dataset/clean/002184.tif,Dataset/noisy/002184.tif,चिकित्सति
Dataset/clean/002185.tif,Dataset/noisy/002185.tif,भवति
Dataset/clean/002186.tif,Dataset/noisy/002186.tif,।
Dataset/clean/002187.tif,Dataset/noisy/002187.tif,भावः
Dataset/clean/002188.tif,Dataset/noisy/002188.tif,ज्ञानस्येति
Dataset/clean/002189.tif,Dataset/noisy/002189.tif,न
Dataset/clean/002190.tif,Dataset/noisy/002190.tif,।
Dataset/clean/002191.tif,Dataset/noisy/002191.tif,विचिकित्सति
Dataset/clean/002192.tif,Dataset/noisy/002192.tif,स
Dataset/clean/002193.tif,Dataset/noisy/002193.tif,।
Dataset/clean/002194.tif,Dataset/noisy/002194.tif,ज्ञानात्
Dataset/clean/002195.tif,Dataset/noisy/002195.tif,ऐकात्म्य
Dataset/clean/002196.tif,Dataset/noisy/002196.tif,।
Dataset/clean/002197.tif,Dataset/noisy/002197.tif,अस्ति।त
Dataset/clean/002198.tif,Dataset/noisy/002198.tif,।
Dataset/clean/002199.tif,Dataset/noisy/002199.tif,मंतिकस्छं
Dataset/clean/002200.tif,Dataset/noisy/002200.tif,त्वात् दूरस्छ
Dataset/clean/002201.tif,Dataset/noisy/002201.tif,।
Dataset/clean/002202.tif,Dataset/noisy/002202.tif,मदर्शमपौर्णमा
Dataset/clean/002203.tif,Dataset/noisy/002203.tif,प्लवा
Dataset/clean/002204.tif,Dataset/noisy/002204.tif,एतछेयोयेमिनंदं
Dataset/clean/002205.tif,Dataset/noisy/002205.tif,यत्कर्मिणोनप्रवेदयंति
Dataset/clean/002206.tif,Dataset/noisy/002206.tif,मन्यंतिवाला:
Dataset/clean/002207.tif,Dataset/noisy/002207.tif,विद्यायांवऊधावर्त्तमानावयंकृतार्था
Dataset/clean/002208.tif,Dataset/noisy/002208.tif,तिमूठा
Dataset/clean/002209.tif,Dataset/noisy/002209.tif,जंघन्यमानाः
Dataset/clean/002210.tif,Dataset/noisy/002210.tif,पंडितंमन्यमानाः
Dataset/clean/002211.tif,Dataset/noisy/002211.tif,क्रमवरंयेषु
Dataset/clean/002212.tif,Dataset/noisy/002212.tif,पुनरेवापियांति
Dataset/clean/002213.tif,Dataset/noisy/002213.tif,जरामृत्युंते
Dataset/clean/002214.tif,Dataset/noisy/002214.tif,अ
Dataset/clean/002215.tif,Dataset/noisy/002215.tif,त्रेना
Dataset/clean/002216.tif,Dataset/noisy/002216.tif,न्विज्ञाते
Dataset/clean/002217.tif,Dataset/noisy/002217.tif,त्पेषवः
Dataset/clean/002218.tif,Dataset/noisy/002218.tif,मथर्वायज्येष्ट
Dataset/clean/002219.tif,Dataset/noisy/002219.tif,सव्रह्मविद्यां
Dataset/clean/002220.tif,Dataset/noisy/002220.tif,कर्त्ता
Dataset/clean/002221.tif,Dataset/noisy/002221.tif,र्उव्रह्मादेवानां
Dataset/clean/002222.tif,Dataset/noisy/002222.tif,लि
Dataset/clean/002223.tif,Dataset/noisy/002223.tif,याश्व
Dataset/clean/002224.tif,Dataset/noisy/002224.tif,र्उ
Dataset/clean/002225.tif,Dataset/noisy/002225.tif,रव्यंते
Dataset/clean/002226.tif,Dataset/noisy/002226.tif,सूर्यस्य
Dataset/clean/002227.tif,Dataset/noisy/002227.tif,अंधेनैव
Dataset/clean/002228.tif,Dataset/noisy/002228.tif,परियं
Dataset/clean/002229.tif,Dataset/noisy/002229.tif,अविद्याया
Dataset/clean/002230.tif,Dataset/noisy/002230.tif,तिमूढा
Dataset/clean/002231.tif,Dataset/noisy/002231.tif,रु
Dataset/clean/002232.tif,Dataset/noisy/002232.tif,धाः
Dataset/clean/002233.tif,Dataset/noisy/002233.tif,रागा
Dataset/clean/002234.tif,Dataset/noisy/002234.tif,मंतरे
Dataset/clean/002235.tif,Dataset/noisy/002235.tif,वर्त्तमा
Dataset/clean/002236.tif,Dataset/noisy/002236.tif,नीयमानायथां
Dataset/clean/002237.tif,Dataset/noisy/002237.tif,:
Dataset/clean/002238.tif,Dataset/noisy/002238.tif,॥र्उनम
Dataset/clean/002239.tif,Dataset/noisy/002239.tif,शौनकोहवै
Dataset/clean/002240.tif,Dataset/noisy/002240.tif,सेयरावशं
Dataset/clean/002241.tif,Dataset/noisy/002241.tif,भारद्वाजोंगिर
Dataset/clean/002242.tif,Dataset/noisy/002242.tif,पुरोवाचां
Dataset/clean/002243.tif,Dataset/noisy/002243.tif,यांप्रवदेतव्रह्माथर्वातां
Dataset/clean/002244.tif,Dataset/noisy/002244.tif,पुत्रायप्राह
Dataset/clean/002245.tif,Dataset/noisy/002245.tif,विधिवपुपसन्नः
Dataset/clean/002246.tif,Dataset/noisy/002246.tif,हांय
Dataset/clean/002247.tif,Dataset/noisy/002247.tif,गिरसेव्रह्मविद्यां
Dataset/clean/002248.tif,Dataset/noisy/002248.tif,पप्रछक
Dataset/clean/002249.tif,Dataset/noisy/002249.tif,व्याकरणंनिरुक्तंछंदोज्योतिषमि
Dataset/clean/002250.tif,Dataset/noisy/002250.tif,शित्ताकल्यो
Dataset/clean/002251.tif,Dataset/noisy/002251.tif,वदंतिपराचैवायपराच
Dataset/clean/002252.tif,Dataset/noisy/002252.tif,यहु
Dataset/clean/002253.tif,Dataset/noisy/002253.tif,हस्म
Dataset/clean/002254.tif,Dataset/noisy/002254.tif,द्वे
Dataset/clean/002255.tif,Dataset/noisy/002255.tif,होवाच
Dataset/clean/002256.tif,Dataset/noisy/002256.tif,तस्मैस
Dataset/clean/002257.tif,Dataset/noisy/002257.tif,तीतिहासपुराणं
Dataset/clean/002258.tif,Dataset/noisy/002258.tif,यत्रदडेश्यम
Dataset/clean/002259.tif,Dataset/noisy/002259.tif,प्रर्मशास्त्रारगीत्यथययातदक्षरमधिगम्यते
Dataset/clean/002260.tif,Dataset/noisy/002260.tif,सुसूक्ष्मंतदव्ययं
Dataset/clean/002261.tif,Dataset/noisy/002261.tif,श्रोत्रंतदपाणिपादं
Dataset/clean/002262.tif,Dataset/noisy/002262.tif,चक्षु:
Dataset/clean/002263.tif,Dataset/noisy/002263.tif,संभवंतियथा
Dataset/clean/002264.tif,Dataset/noisy/002264.tif,यथाप्टथिव्यामोषक्षयः
Dataset/clean/002265.tif,Dataset/noisy/002265.tif,यडूतयो
Dataset/clean/002266.tif,Dataset/noisy/002266.tif,व्रह्माततोन्नमभिजा
Dataset/clean/002267.tif,Dataset/noisy/002267.tif,तथाक्षरात्संभवतीहविश्वं
Dataset/clean/002268.tif,Dataset/noisy/002268.tif,सर्वविद्यस्यज्ञानमयं
Dataset/clean/002269.tif,Dataset/noisy/002269.tif,पुरुषात्केशलोमानि
Dataset/clean/002270.tif,Dataset/noisy/002270.tif,१
Dataset/clean/002271.tif,Dataset/noisy/002271.tif,प०
Dataset/clean/002272.tif,Dataset/noisy/002272.tif,तस्मादेत
Dataset/clean/002273.tif,Dataset/noisy/002273.tif,नप:
Dataset/clean/002274.tif,Dataset/noisy/002274.tif,त
Dataset/clean/002275.tif,Dataset/noisy/002275.tif,राषव:
Dataset/clean/002276.tif,Dataset/noisy/002276.tif,तदेतत् सत्यं
Dataset/clean/002277.tif,Dataset/noisy/002277.tif,तान्याचरनियतंसत्यकामा
Dataset/clean/002278.tif,Dataset/noisy/002278.tif,हुधा
Dataset/clean/002279.tif,Dataset/noisy/002279.tif,यान्यपश्यंस्ता
Dataset/clean/002280.tif,Dataset/noisy/002280.tif,कवयो
Dataset/clean/002281.tif,Dataset/noisy/002281.tif,तदाज्यभागावंतरेणाहुतीः
Dataset/clean/002282.tif,Dataset/noisy/002282.tif,समिद्वेहव्यवाहने
Dataset/clean/002283.tif,Dataset/noisy/002283.tif,सुकृतस्यलोके
Dataset/clean/002284.tif,Dataset/noisy/002284.tif,चाहुतमवैश्व
Dataset/clean/002285.tif,Dataset/noisy/002285.tif,चातुर्मास्यमनाग्रयणतिथिवर्जितं
Dataset/clean/002286.tif,Dataset/noisy/002286.tif,ऊतमश्रद्धयाऊतमासप्तमांतस्य
Dataset/clean/002287.tif,Dataset/noisy/002287.tif,त्किनस्ति
Dataset/clean/002288.tif,Dataset/noisy/002288.tif,लोका
Dataset/clean/002289.tif,Dataset/noisy/002289.tif,श्म
Dataset/clean/002290.tif,Dataset/noisy/002290.tif,सूर्यस्पर
Dataset/clean/002291.tif,Dataset/noisy/002291.tif,लायमानाइतिसप्तजिकाः
Dataset/clean/002292.tif,Dataset/noisy/002292.tif,सुधूम्रवर्णा
Dataset/clean/002293.tif,Dataset/noisy/002293.tif,लोहिताचै
Dataset/clean/002294.tif,Dataset/noisy/002294.tif,कराली
Dataset/clean/002295.tif,Dataset/noisy/002295.tif,तन्नयंत्येताः
Dataset/clean/002296.tif,Dataset/noisy/002296.tif,रश्मिभिर्यजमानंवहंति
Dataset/clean/002297.tif,Dataset/noisy/002297.tif,एह्मेहीतितमाऊतयः
Dataset/clean/002298.tif,Dataset/noisy/002298.tif,धिवासः
Dataset/clean/002299.tif,Dataset/noisy/002299.tif,त्रदेवानां
Dataset/clean/002300.tif,Dataset/noisy/002300.tif,ब्रह्मलोक:
Dataset/clean/002301.tif,Dataset/noisy/002301.tif,सुकृतो
Dataset/clean/002302.tif,Dataset/noisy/002302.tif,पुण्य:
Dataset/clean/002303.tif,Dataset/noisy/002303.tif,च्वंर्य
Dataset/clean/002304.tif,Dataset/noisy/002304.tif,दंत्युे
Dataset/clean/002305.tif,Dataset/noisy/002305.tif,मर्मिव
Dataset/clean/002306.tif,Dataset/noisy/002306.tif,प्रियांवाच
Dataset/clean/002307.tif,Dataset/noisy/002307.tif,अहठायज्ञपाअष्टादशो
Dataset/clean/002308.tif,Dataset/noisy/002308.tif,ह्मेते
Dataset/clean/002309.tif,Dataset/noisy/002309.tif,कर्म
Dataset/clean/002310.tif,Dataset/noisy/002310.tif,स्वयंधीराः
Dataset/clean/002311.tif,Dataset/noisy/002311.tif,इति
Dataset/clean/002312.tif,Dataset/noisy/002312.tif,पतिरेको
Dataset/clean/002313.tif,Dataset/noisy/002313.tif,सुवर्चसः
Dataset/clean/002314.tif,Dataset/noisy/002314.tif,नाः
Dataset/clean/002315.tif,Dataset/noisy/002315.tif,नित्रेतायां
Dataset/clean/002316.tif,Dataset/noisy/002316.tif,व
Dataset/clean/002317.tif,Dataset/noisy/002317.tif,संततानि
Dataset/clean/002318.tif,Dataset/noisy/002318.tif,लोलायते
Dataset/clean/002319.tif,Dataset/noisy/002319.tif,ह्यर्चिः
Dataset/clean/002320.tif,Dataset/noisy/002320.tif,प्रति
Dataset/clean/002321.tif,Dataset/noisy/002321.tif,यस्माग्निहोत्र
Dataset/clean/002322.tif,Dataset/noisy/002322.tif,सम
Dataset/clean/002323.tif,Dataset/noisy/002323.tif,मि
Dataset/clean/002324.tif,Dataset/noisy/002324.tif,देवमविधिना
Dataset/clean/002325.tif,Dataset/noisy/002325.tif,काली
Dataset/clean/002326.tif,Dataset/noisy/002326.tif,चमनोजवा
Dataset/clean/002327.tif,Dataset/noisy/002327.tif,न्
Dataset/clean/002328.tif,Dataset/noisy/002328.tif,चसु
Dataset/clean/002329.tif,Dataset/noisy/002329.tif,व
Dataset/clean/002330.tif,Dataset/noisy/002330.tif,स्फुलिंगिनी
Dataset/clean/002331.tif,Dataset/noisy/002331.tif,विश्वरुची
Dataset/clean/002332.tif,Dataset/noisy/002332.tif,चदेवीले
Dataset/clean/002333.tif,Dataset/noisy/002333.tif,एतेषु
Dataset/clean/002334.tif,Dataset/noisy/002334.tif,यश्च
Dataset/clean/002335.tif,Dataset/noisy/002335.tif,रते
Dataset/clean/002336.tif,Dataset/noisy/002336.tif,भ्राजमानेषु
Dataset/clean/002337.tif,Dataset/noisy/002337.tif,योय
Dataset/clean/002338.tif,Dataset/noisy/002338.tif,यथा
Dataset/clean/002339.tif,Dataset/noisy/002339.tif,का
Dataset/clean/002340.tif,Dataset/noisy/002340.tif,लं
Dataset/clean/002341.tif,Dataset/noisy/002341.tif,चाऊतयो
Dataset/clean/002342.tif,Dataset/noisy/002342.tif,ह्याददायत्
Dataset/clean/002343.tif,Dataset/noisy/002343.tif,मन्नंच
Dataset/clean/002344.tif,Dataset/noisy/002344.tif,जायते
Dataset/clean/002345.tif,Dataset/noisy/002345.tif,२
Dataset/clean/002346.tif,Dataset/noisy/002346.tif,मंत्रेषुकर्माणि
Dataset/clean/002347.tif,Dataset/noisy/002347.tif,पंथाः
Dataset/clean/002348.tif,Dataset/noisy/002348.tif,प्रथमंमुडकं
Dataset/clean/002349.tif,Dataset/noisy/002349.tif,ब्रह्मनामरूप
Dataset/clean/002350.tif,Dataset/noisy/002350.tif,यदा
Dataset/clean/002351.tif,Dataset/noisy/002351.tif,पादयेत्
Dataset/clean/002352.tif,Dataset/noisy/002352.tif,ग्राह्यमगोत्रमवर्णम
Dataset/clean/002353.tif,Dataset/noisy/002353.tif,नित्यं
Dataset/clean/002354.tif,Dataset/noisy/002354.tif,विभुं
Dataset/clean/002355.tif,Dataset/noisy/002355.tif,सर्वगतं
Dataset/clean/002356.tif,Dataset/noisy/002356.tif,निपरिपत्रपंनिधी
Dataset/clean/002357.tif,Dataset/noisy/002357.tif,रायथोर्गनाभिः
Dataset/clean/002358.tif,Dataset/noisy/002358.tif,सजते
Dataset/clean/002359.tif,Dataset/noisy/002359.tif,गलत
Dataset/clean/002360.tif,Dataset/noisy/002360.tif,ते
Dataset/clean/002361.tif,Dataset/noisy/002361.tif,च
Dataset/clean/002362.tif,Dataset/noisy/002362.tif,सतः
Dataset/clean/002363.tif,Dataset/noisy/002363.tif,तयसाचीयते
Dataset/clean/002364.tif,Dataset/noisy/002364.tif,यते
Dataset/clean/002365.tif,Dataset/noisy/002365.tif,अन्नात्प्राणो
Dataset/clean/002366.tif,Dataset/noisy/002366.tif,मनः
Dataset/clean/002367.tif,Dataset/noisy/002367.tif,सत्यं
Dataset/clean/002368.tif,Dataset/noisy/002368.tif,सर्वज्ञः
Dataset/clean/002369.tif,Dataset/noisy/002369.tif,लोकः
Dataset/clean/002370.tif,Dataset/noisy/002370.tif,कर्मसु
Dataset/clean/002371.tif,Dataset/noisy/002371.tif,चामृतं
Dataset/clean/002372.tif,Dataset/noisy/002372.tif,यः
Dataset/clean/002373.tif,Dataset/noisy/002373.tif,विद्येवेदितव्ये
Dataset/clean/002374.tif,Dataset/noisy/002374.tif,इति
Dataset/clean/002375.tif,Dataset/noisy/002375.tif,ह्मविदो
Dataset/clean/002376.tif,Dataset/noisy/002376.tif,तत्रापराऋग्वेदोयजुर्वेदः
Dataset/clean/002377.tif,Dataset/noisy/002377.tif,सामवेदोथर्ववेदः
Dataset/clean/002378.tif,Dataset/noisy/002378.tif,न्यायो
Dataset/clean/002379.tif,Dataset/noisy/002379.tif,मीमांसा
Dataset/clean/002380.tif,Dataset/noisy/002380.tif,राय
Dataset/clean/002381.tif,Dataset/noisy/002381.tif,तीति
Dataset/clean/002382.tif,Dataset/noisy/002382.tif,विज्ञातं
Dataset/clean/002383.tif,Dataset/noisy/002383.tif,भव
Dataset/clean/002384.tif,Dataset/noisy/002384.tif,स्मिन्नु
Dataset/clean/002385.tif,Dataset/noisy/002385.tif,भगव
Dataset/clean/002386.tif,Dataset/noisy/002386.tif,सर्वमिदं
Dataset/clean/002387.tif,Dataset/noisy/002387.tif,सभारद्वाजाय
Dataset/clean/002388.tif,Dataset/noisy/002388.tif,सन्यव
Dataset/clean/002389.tif,Dataset/noisy/002389.tif,महाशालोंगिरसं
Dataset/clean/002390.tif,Dataset/noisy/002390.tif,सच्चिदान
Dataset/clean/002391.tif,Dataset/noisy/002391.tif,दायनमः
Dataset/clean/002392.tif,Dataset/noisy/002392.tif,॥
Dataset/clean/002393.tif,Dataset/noisy/002393.tif,अथाथर्वणीये
Dataset/clean/002394.tif,Dataset/noisy/002394.tif,उपनिषदस्तथा
Dataset/clean/002395.tif,Dataset/noisy/002395.tif,शाखांतरी
Dataset/clean/002396.tif,Dataset/noisy/002396.tif,प्रथमः
Dataset/clean/002397.tif,Dataset/noisy/002397.tif,संवभूव
Dataset/clean/002398.tif,Dataset/noisy/002398.tif,विश्वस्य
Dataset/clean/002399.tif,Dataset/noisy/002399.tif,भुवनस्य
Dataset/clean/002400.tif,Dataset/noisy/002400.tif,गोप्रा
Dataset/clean/002401.tif,Dataset/noisy/002401.tif,सर्व
Dataset/clean/002402.tif,Dataset/noisy/002402.tif,विद्याप्रतिष्ठा
Dataset/clean/002403.tif,Dataset/noisy/002403.tif,अथर्वणे
Dataset/clean/002404.tif,Dataset/noisy/002404.tif,प्राह
Dataset/clean/002405.tif,Dataset/noisy/002405.tif,१
Dataset/clean/002406.tif,Dataset/noisy/002406.tif,क्कि
Dataset/clean/002407.tif,Dataset/noisy/002407.tif,णाभिव्यक्तेन
Dataset/clean/002408.tif,Dataset/noisy/002408.tif,कामं
Dataset/clean/002409.tif,Dataset/noisy/002409.tif,प्रकाश
Dataset/clean/002410.tif,Dataset/noisy/002410.tif,यस्मादात्मयाथात्म्य
Dataset/clean/002411.tif,Dataset/noisy/002411.tif,सत् प्रकाश
Dataset/clean/002412.tif,Dataset/noisy/002412.tif,बंत
Dataset/clean/002413.tif,Dataset/noisy/002413.tif,थं
Dataset/clean/002414.tif,Dataset/noisy/002414.tif,॥
Dataset/clean/002415.tif,Dataset/noisy/002415.tif,व्याचष्टे
Dataset/clean/002416.tif,Dataset/noisy/002416.tif,विपदं
Dataset/clean/002417.tif,Dataset/noisy/002417.tif,भविष्यतीत्यर्थः
Dataset/clean/002418.tif,Dataset/noisy/002418.tif,राम्
Dataset/clean/002419.tif,Dataset/noisy/002419.tif,मानांतर
Dataset/clean/002420.tif,Dataset/noisy/002420.tif,शेषभूतानच
Dataset/clean/002421.tif,Dataset/noisy/002421.tif,॥
Dataset/clean/002422.tif,Dataset/noisy/002422.tif,देतइति
Dataset/clean/002423.tif,Dataset/noisy/002423.tif,त्रान
Dataset/clean/002424.tif,Dataset/noisy/002424.tif,॥
Dataset/clean/002425.tif,Dataset/noisy/002425.tif,नाछाद्यते
Dataset/clean/002426.tif,Dataset/noisy/002426.tif,गंधे
Dataset/clean/002427.tif,Dataset/noisy/002427.tif,न
Dataset/clean/002428.tif,Dataset/noisy/002428.tif,स्वाभाविके
Dataset/clean/002429.tif,Dataset/noisy/002429.tif,निघर्ष
Dataset/clean/002430.tif,Dataset/noisy/002430.tif,जा
Dataset/clean/002431.tif,Dataset/noisy/002431.tif,ना
Dataset/clean/002432.tif,Dataset/noisy/002432.tif,भावादि
Dataset/clean/002433.tif,Dataset/noisy/002433.tif,दिसंबंधा
Dataset/clean/002434.tif,Dataset/noisy/002434.tif,कदा
Dataset/clean/002435.tif,Dataset/noisy/002435.tif,यथेत्तिचंदनागुर्वादिरु
Dataset/clean/002436.tif,Dataset/noisy/002436.tif,॥
Dataset/clean/002437.tif,Dataset/noisy/002437.tif,स्तिरस्का
Dataset/clean/002438.tif,Dataset/noisy/002438.tif,दृष्टि
Dataset/clean/002439.tif,Dataset/noisy/002439.tif,सत्यनृत्त
Dataset/clean/002440.tif,Dataset/noisy/002440.tif,प्रयत्नेन
Dataset/clean/002441.tif,Dataset/noisy/002441.tif,विचारादि
Dataset/clean/002442.tif,Dataset/noisy/002442.tif,तस्य
Dataset/clean/002443.tif,Dataset/noisy/002443.tif,निराक्रियते
Dataset/clean/002444.tif,Dataset/noisy/002444.tif,नृत्त
Dataset/clean/002445.tif,Dataset/noisy/002445.tif,शिक
Dataset/clean/002446.tif,Dataset/noisy/002446.tif,का
Dataset/clean/002447.tif,Dataset/noisy/002447.tif,काशएवास्तिविश्वा
Dataset/clean/002448.tif,Dataset/noisy/002448.tif,स्तित
Dataset/clean/002449.tif,Dataset/noisy/002449.tif,स्तिन
Dataset/clean/002450.tif,Dataset/noisy/002450.tif,स
Dataset/clean/002451.tif,Dataset/noisy/002451.tif,भावो
Dataset/clean/002452.tif,Dataset/noisy/002452.tif,विशेषतः
Dataset/clean/002453.tif,Dataset/noisy/002453.tif,दो
Dataset/clean/002454.tif,Dataset/noisy/002454.tif,पदेशः
Dataset/clean/002455.tif,Dataset/noisy/002455.tif,त
Dataset/clean/002456.tif,Dataset/noisy/002456.tif,मेष
Dataset/clean/002457.tif,Dataset/noisy/002457.tif,ज्ञातव्य
Dataset/clean/002458.tif,Dataset/noisy/002458.tif,स्मीति
Dataset/clean/002459.tif,Dataset/noisy/002459.tif,ईश्वरो
Dataset/clean/002460.tif,Dataset/noisy/002460.tif,र्वात्मक
Dataset/clean/002461.tif,Dataset/noisy/002461.tif,एवात्मैवेति
Dataset/clean/002462.tif,Dataset/noisy/002462.tif,तत्सर्वमीश्वरं
Dataset/clean/002463.tif,Dataset/noisy/002463.tif,यदनीश्वररूपेण
Dataset/clean/002464.tif,Dataset/noisy/002464.tif,मेव
Dataset/clean/002465.tif,Dataset/noisy/002465.tif,तत्व
Dataset/clean/002466.tif,Dataset/noisy/002466.tif,॥
Dataset/clean/002467.tif,Dataset/noisy/002467.tif,पारमार्थिकेनगंधेन
Dataset/clean/002468.tif,Dataset/noisy/002468.tif,स्वेन
Dataset/clean/002469.tif,Dataset/noisy/002469.tif,घर्षणेना
Dataset/clean/002470.tif,Dataset/noisy/002470.tif,नि
Dataset/clean/002471.tif,Dataset/noisy/002471.tif,तत्स्वरूप
Dataset/clean/002472.tif,Dataset/noisy/002472.tif,ध्यं
Dataset/clean/002473.tif,Dataset/noisy/002473.tif,दिसंबंध
Dataset/clean/002474.tif,Dataset/noisy/002474.tif,यथा
Dataset/clean/002475.tif,Dataset/noisy/002475.tif,परमात्मना
Dataset/clean/002476.tif,Dataset/noisy/002476.tif,परमार्थ
Dataset/clean/002477.tif,Dataset/noisy/002477.tif,सर्वमिति
Dataset/clean/002478.tif,Dataset/noisy/002478.tif,हमेवेदं
Dataset/clean/002479.tif,Dataset/noisy/002479.tif,यत्
Dataset/clean/002480.tif,Dataset/noisy/002480.tif,छादनीयं
Dataset/clean/002481.tif,Dataset/noisy/002481.tif,॥
Dataset/clean/002482.tif,Dataset/noisy/002482.tif,मात्मासन्नू
Dataset/clean/002483.tif,Dataset/noisy/002483.tif,ना
Dataset/clean/002484.tif,Dataset/noisy/002484.tif,तू
Dataset/clean/002485.tif,Dataset/noisy/002485.tif,सर्व
Dataset/clean/002486.tif,Dataset/noisy/002486.tif,॥
Dataset/clean/002487.tif,Dataset/noisy/002487.tif,सर्व
Dataset/clean/002488.tif,Dataset/noisy/002488.tif,सहि
Dataset/clean/002489.tif,Dataset/noisy/002489.tif,स्य
Dataset/clean/002490.tif,Dataset/noisy/002490.tif,परमात्मा
Dataset/clean/002491.tif,Dataset/noisy/002491.tif,ईशितापरमेश्वरः
Dataset/clean/002492.tif,Dataset/noisy/002492.tif,॥
Dataset/clean/002493.tif,Dataset/noisy/002493.tif,॥
Dataset/clean/002494.tif,Dataset/noisy/002494.tif,संभवतीत्यर्थः
Dataset/clean/002495.tif,Dataset/noisy/002495.tif,मानं
Dataset/clean/002496.tif,Dataset/noisy/002496.tif,दानु
Dataset/clean/002497.tif,Dataset/noisy/002497.tif,मे
Dataset/clean/002498.tif,Dataset/noisy/002498.tif,वास्तव
Dataset/clean/002499.tif,Dataset/noisy/002499.tif,भाव
Dataset/clean/002500.tif,Dataset/noisy/002500.tif,कल्पित
Dataset/clean/002501.tif,Dataset/noisy/002501.tif,भवति
Dataset/clean/002502.tif,Dataset/noisy/002502.tif,शादिषु
Dataset/clean/002503.tif,Dataset/noisy/002503.tif,यथाद
Dataset/clean/002504.tif,Dataset/noisy/002504.tif,नामिति
Dataset/clean/002505.tif,Dataset/noisy/002505.tif,जंतू
Dataset/clean/002506.tif,Dataset/noisy/002506.tif,सर्व
Dataset/clean/002507.tif,Dataset/noisy/002507.tif,॥
Dataset/clean/002508.tif,Dataset/noisy/002508.tif,क्याह
Dataset/clean/002509.tif,Dataset/noisy/002509.tif,निरुपाधिकस्यच
Dataset/clean/002510.tif,Dataset/noisy/002510.tif,तान
Dataset/clean/002511.tif,Dataset/noisy/002511.tif,कर्म
Dataset/clean/002512.tif,Dataset/noisy/002512.tif,॥
Dataset/clean/002513.tif,Dataset/noisy/002513.tif,धातोः
Dataset/clean/002514.tif,Dataset/noisy/002514.tif,अस्य
Dataset/clean/002515.tif,Dataset/noisy/002515.tif,यो
Dataset/clean/002516.tif,Dataset/noisy/002516.tif,स्त्र
Dataset/clean/002517.tif,Dataset/noisy/002517.tif,शितव्य
Dataset/clean/002518.tif,Dataset/noisy/002518.tif,शित्री
Dataset/clean/002519.tif,Dataset/noisy/002519.tif,भेदने
Dataset/clean/002520.tif,Dataset/noisy/002520.tif,न
Dataset/clean/002521.tif,Dataset/noisy/002521.tif,भावे
Dataset/clean/002522.tif,Dataset/noisy/002522.tif,मीशे
Dataset/clean/002523.tif,Dataset/noisy/002523.tif,तृत्तीयैकवचन
Dataset/clean/002524.tif,Dataset/noisy/002524.tif,तस्य
Dataset/clean/002525.tif,Dataset/noisy/002525.tif,तस्मा
Dataset/clean/002526.tif,Dataset/noisy/002526.tif,॥
Dataset/clean/002527.tif,Dataset/noisy/002527.tif,पितेषां
Dataset/clean/002528.tif,Dataset/noisy/002528.tif,जना
Dataset/clean/002529.tif,Dataset/noisy/002529.tif,दृष्टांत
Dataset/clean/002530.tif,Dataset/noisy/002530.tif,वाच्य
Dataset/clean/002531.tif,Dataset/noisy/002531.tif,शब्द
Dataset/clean/002532.tif,Dataset/noisy/002532.tif,मिथ्यातद्यथातत्स्वरूप
Dataset/clean/002533.tif,Dataset/noisy/002533.tif,इत्यभि
Dataset/clean/002534.tif,Dataset/noisy/002534.tif,रिष्यत
Dataset/clean/002535.tif,Dataset/noisy/002535.tif,तिय
Dataset/clean/002536.tif,Dataset/noisy/002536.tif,रोमहेश्वर
Dataset/clean/002537.tif,Dataset/noisy/002537.tif,हेयोपादेय
Dataset/clean/002538.tif,Dataset/noisy/002538.tif,ज्ञानेनाछादनीयंस
Dataset/clean/002539.tif,Dataset/noisy/002539.tif,दिमं
Dataset/clean/002540.tif,Dataset/noisy/002540.tif,त्घम
Dataset/clean/002541.tif,Dataset/noisy/002541.tif,सित्धसित्याह
Dataset/clean/002542.tif,Dataset/noisy/002542.tif,कृदं
Dataset/clean/002543.tif,Dataset/noisy/002543.tif,तरूपर्माट
Dataset/clean/002544.tif,Dataset/noisy/002544.tif,स्तस्मा
Dataset/clean/002545.tif,Dataset/noisy/002545.tif,ईशेति॥ईशऐश्वर्ये
Dataset/clean/002546.tif,Dataset/noisy/002546.tif,कं
Dataset/clean/002547.tif,Dataset/noisy/002547.tif,पिलुप्ते
Dataset/clean/002548.tif,Dataset/noisy/002548.tif,व्यारव्येयत्वमुत्क्काप्र
Dataset/clean/002549.tif,Dataset/noisy/002549.tif,विरुत्धार्था
Dataset/clean/002550.tif,Dataset/noisy/002550.tif,ईशितेत्ति
Dataset/clean/002551.tif,Dataset/noisy/002551.tif,॥
Dataset/clean/002552.tif,Dataset/noisy/002552.tif,माेयेापाधेरोशन
Dataset/clean/002553.tif,Dataset/noisy/002553.tif,कर्तृत्व
Dataset/clean/002554.tif,Dataset/noisy/002554.tif,सं
Dataset/clean/002555.tif,Dataset/noisy/002555.tif,शब्दवाच्यते
Dataset/clean/002556.tif,Dataset/noisy/002556.tif,त्तितत्राह
Dataset/clean/002557.tif,Dataset/noisy/002557.tif,क्किपूविधानात्परमेश्वरस्यचा
Dataset/clean/002558.tif,Dataset/noisy/002558.tif,क्रिय
Dataset/clean/002559.tif,Dataset/noisy/002559.tif,त्वात्क
Dataset/clean/002560.tif,Dataset/noisy/002560.tif,क्कि
Dataset/clean/002561.tif,Dataset/noisy/002561.tif,त्तिननुकर्त्तरि
Dataset/clean/002562.tif,Dataset/noisy/002562.tif,॥
Dataset/clean/002563.tif,Dataset/noisy/002563.tif,भवात्किबंत
Dataset/clean/002564.tif,Dataset/noisy/002564.tif,विरुत्ध्यत्ते
Dataset/clean/002565.tif,Dataset/noisy/002565.tif,लक्ष्यत्वं
Dataset/clean/002566.tif,Dataset/noisy/002566.tif,प्रतिबिंबानात्मा
Dataset/clean/002567.tif,Dataset/noisy/002567.tif,बिंब
Dataset/clean/002568.tif,Dataset/noisy/002568.tif,भूतो
Dataset/clean/002569.tif,Dataset/noisy/002569.tif,देवदत्तईशित्ता
Dataset/clean/002570.tif,Dataset/noisy/002570.tif,त्तथा
Dataset/clean/002571.tif,Dataset/noisy/002571.tif,सं
Dataset/clean/002572.tif,Dataset/noisy/002572.tif,भवाभ
Dataset/clean/002573.tif,Dataset/noisy/002573.tif,॥
Dataset/clean/002574.tif,Dataset/noisy/002574.tif,ईशाइप्टेइ
Dataset/clean/002575.tif,Dataset/noisy/002575.tif,त्तीटू
Dataset/clean/002576.tif,Dataset/noisy/002576.tif,त्तेनेशा
Dataset/clean/002577.tif,Dataset/noisy/002577.tif,सर्व
Dataset/clean/002578.tif,Dataset/noisy/002578.tif,॥
Dataset/clean/002579.tif,Dataset/noisy/002579.tif,मी
Dataset/clean/002580.tif,Dataset/noisy/002580.tif,ईशित्रीशित्तव्य
Dataset/clean/002581.tif,Dataset/noisy/002581.tif,तर्हिभेदः
Dataset/clean/002582.tif,Dataset/noisy/002582.tif,प्राप्तइत्याशं
Dataset/clean/002583.tif,Dataset/noisy/002583.tif,जं
Dataset/clean/002584.tif,Dataset/noisy/002584.tif,त्तेन
Dataset/clean/002585.tif,Dataset/noisy/002585.tif,स्वेनात्मनाईशावास्यमा
Dataset/clean/002586.tif,Dataset/noisy/002586.tif,॥
Dataset/clean/002587.tif,Dataset/noisy/002587.tif,ष्टे
Dataset/clean/002588.tif,Dataset/noisy/002588.tif,वस
Dataset/clean/002589.tif,Dataset/noisy/002589.tif,आछादने
Dataset/clean/002590.tif,Dataset/noisy/002590.tif,अस्यरूपं
Dataset/clean/002591.tif,Dataset/noisy/002591.tif,त्तईश्वरात्मक
Dataset/clean/002592.tif,Dataset/noisy/002592.tif,संर्व
Dataset/clean/002593.tif,Dataset/noisy/002593.tif,तांत्या
Dataset/clean/002594.tif,Dataset/noisy/002594.tif,गृहीतं
Dataset/clean/002595.tif,Dataset/noisy/002595.tif,स्यं
Dataset/clean/002596.tif,Dataset/noisy/002596.tif,वा
Dataset/clean/002597.tif,Dataset/noisy/002597.tif,ब्रह्मैवसर्वमात्मैव
Dataset/clean/002598.tif,Dataset/noisy/002598.tif,किमिदंसंर्वव्य
Dataset/clean/002599.tif,Dataset/noisy/002599.tif,त्किंच
Dataset/clean/002600.tif,Dataset/noisy/002600.tif,किंचिज्जगत्यां
Dataset/clean/002601.tif,Dataset/noisy/002601.tif,पृथिव्यां
Dataset/clean/002602.tif,Dataset/noisy/002602.tif,जगत्त
Dataset/clean/002603.tif,Dataset/noisy/002603.tif,त्सर्व​
Dataset/clean/002604.tif,Dataset/noisy/002604.tif,स्वेनात्मना
Dataset/clean/002605.tif,Dataset/noisy/002605.tif,सद्रूपेणा
Dataset/clean/002606.tif,Dataset/noisy/002606.tif,नृतमिदं
Dataset/clean/002607.tif,Dataset/noisy/002607.tif,सर्वमाछादनीयं
Dataset/clean/002608.tif,Dataset/noisy/002608.tif,ईशेन
Dataset/clean/002609.tif,Dataset/noisy/002609.tif,चंदनागुर्वादेरुदका
Dataset/clean/002610.tif,Dataset/noisy/002610.tif,जक्केदादिजं
Dataset/clean/002611.tif,Dataset/noisy/002611.tif,दौंर्ग
Dataset/clean/002612.tif,Dataset/noisy/002612.tif,छाद्यते
Dataset/clean/002613.tif,Dataset/noisy/002613.tif,त्वो
Dataset/clean/002614.tif,Dataset/noisy/002614.tif,छां
Dataset/clean/002615.tif,Dataset/noisy/002615.tif,ग्येत्तत्वमसीत्तिवदित्यर्थः
Dataset/clean/002616.tif,Dataset/noisy/002616.tif,यंन
Dataset/clean/002617.tif,Dataset/noisy/002617.tif,त्स्व प्रव
Dataset/clean/002618.tif,Dataset/noisy/002618.tif,दीर्यते
Dataset/clean/002619.tif,Dataset/noisy/002619.tif,उक्तं
Dataset/clean/002620.tif,Dataset/noisy/002620.tif,चनबं
Dataset/clean/002621.tif,Dataset/noisy/002621.tif,धोस्तिन
Dataset/clean/002622.tif,Dataset/noisy/002622.tif,मोक्षो
Dataset/clean/002623.tif,Dataset/noisy/002623.tif,विकल्पो
Dataset/clean/002624.tif,Dataset/noisy/002624.tif,त्वतः
Dataset/clean/002625.tif,Dataset/noisy/002625.tif,॥
Dataset/clean/002626.tif,Dataset/noisy/002626.tif,नित्यप्र​
Dataset/clean/002627.tif,Dataset/noisy/002627.tif,इ
Dataset/clean/002628.tif,Dataset/noisy/002628.tif,स्यौपदे
Dataset/clean/002629.tif,Dataset/noisy/002629.tif,ज्ञानमात्रंणा
Dataset/clean/002630.tif,Dataset/noisy/002630.tif,दृर्ष्टिन
Dataset/clean/002631.tif,Dataset/noisy/002631.tif,त
Dataset/clean/002632.tif,Dataset/noisy/002632.tif,त्वप्र
Dataset/clean/002633.tif,Dataset/noisy/002633.tif,काशे
Dataset/clean/002634.tif,Dataset/noisy/002634.tif,प्रेत्य
Dataset/clean/002635.tif,Dataset/noisy/002635.tif,माह
Dataset/clean/002636.tif,Dataset/noisy/002636.tif,दाट्रा
Dataset/clean/002637.tif,Dataset/noisy/002637.tif,त्तं
Dataset/clean/002638.tif,Dataset/noisy/002638.tif,यद्दौंर्ग
Dataset/clean/002639.tif,Dataset/noisy/002639.tif,मौपाधि
Dataset/clean/002640.tif,Dataset/noisy/002640.tif,तदंर्थे
Dataset/clean/002641.tif,Dataset/noisy/002641.tif,नय।
Dataset/clean/002642.tif,Dataset/noisy/002642.tif,नरा०
Dataset/clean/002643.tif,Dataset/noisy/002643.tif,र्मकृ
Dataset/clean/002644.tif,Dataset/noisy/002644.tif,अस्मान्।त्वदुपा
Dataset/clean/002645.tif,Dataset/noisy/002645.tif,नू
Dataset/clean/002646.tif,Dataset/noisy/002646.tif,।
Dataset/clean/002647.tif,Dataset/noisy/002647.tif,अग्ने
Dataset/clean/002648.tif,Dataset/noisy/002648.tif,येति
Dataset/clean/002649.tif,Dataset/noisy/002649.tif,अग्नेन
Dataset/clean/002650.tif,Dataset/noisy/002650.tif,॥
Dataset/clean/002651.tif,Dataset/noisy/002651.tif,॥१६
Dataset/clean/002652.tif,Dataset/noisy/002652.tif,ते
Dataset/clean/002653.tif,Dataset/noisy/002653.tif,राण
Dataset/clean/002654.tif,Dataset/noisy/002654.tif,॥
Dataset/clean/002655.tif,Dataset/noisy/002655.tif,निधिद्वान्
Dataset/clean/002656.tif,Dataset/noisy/002656.tif,द्ययुना
Dataset/clean/002657.tif,Dataset/noisy/002657.tif,अस्मान्विश्वानिदेव
Dataset/clean/002658.tif,Dataset/noisy/002658.tif,राये
Dataset/clean/002659.tif,Dataset/noisy/002659.tif,सुपथा
Dataset/clean/002660.tif,Dataset/noisy/002660.tif,अग्ने
Dataset/clean/002661.tif,Dataset/noisy/002661.tif,॥
Dataset/clean/002662.tif,Dataset/noisy/002662.tif,अथक
Dataset/clean/002663.tif,Dataset/noisy/002663.tif,॥
Dataset/clean/002664.tif,Dataset/noisy/002664.tif,च
Dataset/clean/002665.tif,Dataset/noisy/002665.tif,पं
Dataset/clean/002666.tif,Dataset/noisy/002666.tif,पूर्णः
Dataset/clean/002667.tif,Dataset/noisy/002667.tif,॥
Dataset/clean/002668.tif,Dataset/noisy/002668.tif,०
Dataset/clean/002669.tif,Dataset/noisy/002669.tif,ईशावा
Dataset/clean/002670.tif,Dataset/noisy/002670.tif,॥
Dataset/clean/002671.tif,Dataset/noisy/002671.tif,॥१५
Dataset/clean/002672.tif,Dataset/noisy/002672.tif,श्लुः
Dataset/clean/002673.tif,Dataset/noisy/002673.tif,सीति
Dataset/clean/002674.tif,Dataset/noisy/002674.tif,छंद
Dataset/clean/002675.tif,Dataset/noisy/002675.tif,बहुलं
Dataset/clean/002676.tif,Dataset/noisy/002676.tif,अमिश्रि
Dataset/clean/002677.tif,Dataset/noisy/002677.tif,।
Dataset/clean/002678.tif,Dataset/noisy/002678.tif,।
Dataset/clean/002679.tif,Dataset/noisy/002679.tif,१६
Dataset/clean/002680.tif,Dataset/noisy/002680.tif,सनो
Dataset/clean/002681.tif,Dataset/noisy/002681.tif,।
Dataset/clean/002682.tif,Dataset/noisy/002682.tif,।
Dataset/clean/002683.tif,Dataset/noisy/002683.tif,विश्वानि
Dataset/clean/002684.tif,Dataset/noisy/002684.tif,।
Dataset/clean/002685.tif,Dataset/noisy/002685.tif,मु
Dataset/clean/002686.tif,Dataset/noisy/002686.tif,भोग्याय
Dataset/clean/002687.tif,Dataset/noisy/002687.tif,देवः
Dataset/clean/002688.tif,Dataset/noisy/002688.tif,इति
Dataset/clean/002689.tif,Dataset/noisy/002689.tif,युयोध्यस्मज्जुहु
Dataset/clean/002690.tif,Dataset/noisy/002690.tif,सर्वाश्रमेषुपरिचरित
Dataset/clean/002691.tif,Dataset/noisy/002691.tif,युधातोरादादिकादपि
Dataset/clean/002692.tif,Dataset/noisy/002692.tif,का
Dataset/clean/002693.tif,Dataset/noisy/002693.tif,अमिश्रणार्थ
Dataset/clean/002694.tif,Dataset/noisy/002694.tif,।
Dataset/clean/002695.tif,Dataset/noisy/002695.tif,।
Dataset/clean/002696.tif,Dataset/noisy/002696.tif,कुरु
Dataset/clean/002697.tif,Dataset/noisy/002697.tif,तं
Dataset/clean/002698.tif,Dataset/noisy/002698.tif,पापं
Dataset/clean/002699.tif,Dataset/noisy/002699.tif,।
Dataset/clean/002700.tif,Dataset/noisy/002700.tif,एनः
Dataset/clean/002701.tif,Dataset/noisy/002701.tif,व्यवहारार्थमा
Dataset/clean/002702.tif,Dataset/noisy/002702.tif,चनात्मकं
Dataset/clean/002703.tif,Dataset/noisy/002703.tif,वा
Dataset/clean/002704.tif,Dataset/noisy/002704.tif,कर्माणि
Dataset/clean/002705.tif,Dataset/noisy/002705.tif,ज्ञानानि
Dataset/clean/002706.tif,Dataset/noisy/002706.tif,सर्वाणि
Dataset/clean/002707.tif,Dataset/noisy/002707.tif,भवान्
Dataset/clean/002708.tif,Dataset/noisy/002708.tif,यतः
Dataset/clean/002709.tif,Dataset/noisy/002709.tif,।
Dataset/clean/002710.tif,Dataset/noisy/002710.tif,प्रापय
Dataset/clean/002711.tif,Dataset/noisy/002711.tif,।
Dataset/clean/002712.tif,Dataset/noisy/002712.tif,।
Dataset/clean/002713.tif,Dataset/noisy/002713.tif,चतुर्थी
Dataset/clean/002714.tif,Dataset/noisy/002714.tif,हितेन
Dataset/clean/002715.tif,Dataset/noisy/002715.tif,गतागतर
Dataset/clean/002716.tif,Dataset/noisy/002716.tif,।
Dataset/clean/002717.tif,Dataset/noisy/002717.tif,सुपथा
Dataset/clean/002718.tif,Dataset/noisy/002718.tif,।
Dataset/clean/002719.tif,Dataset/noisy/002719.tif,सका
Dataset/clean/002720.tif,Dataset/noisy/002720.tif,मुक्तियोग्य
Dataset/clean/002721.tif,Dataset/noisy/002721.tif,।
Dataset/clean/002722.tif,Dataset/noisy/002722.tif,सो
Dataset/clean/002723.tif,Dataset/noisy/002723.tif,पुरुषः
Dataset/clean/002724.tif,Dataset/noisy/002724.tif,यो
Dataset/clean/002725.tif,Dataset/noisy/002725.tif,॥
Dataset/clean/002726.tif,Dataset/noisy/002726.tif,मुखं
Dataset/clean/002727.tif,Dataset/noisy/002727.tif,सत्यस्यापिहितं
Dataset/clean/002728.tif,Dataset/noisy/002728.tif,पात्रेण
Dataset/clean/002729.tif,Dataset/noisy/002729.tif,न
Dataset/clean/002730.tif,Dataset/noisy/002730.tif,हिरण्मये
Dataset/clean/002731.tif,Dataset/noisy/002731.tif,का
Dataset/clean/002732.tif,Dataset/noisy/002732.tif,अथपुन
Dataset/clean/002733.tif,Dataset/noisy/002733.tif,प्रीय
Dataset/clean/002734.tif,Dataset/noisy/002734.tif,मंत्रः
Dataset/clean/002735.tif,Dataset/noisy/002735.tif,संपूर्णः
Dataset/clean/002736.tif,Dataset/noisy/002736.tif,शावाणा
Dataset/clean/002737.tif,Dataset/noisy/002737.tif,चा
Dataset/clean/002738.tif,Dataset/noisy/002738.tif,वा
Dataset/clean/002739.tif,Dataset/noisy/002739.tif,बहुधा
Dataset/clean/002740.tif,Dataset/noisy/002740.tif,ते
Dataset/clean/002741.tif,Dataset/noisy/002741.tif,पृथक्
Dataset/clean/002742.tif,Dataset/noisy/002742.tif,कुरुनः
Dataset/clean/002743.tif,Dataset/noisy/002743.tif,नः
Dataset/clean/002744.tif,Dataset/noisy/002744.tif,सुपथा
Dataset/clean/002745.tif,Dataset/noisy/002745.tif,स्मान्
Dataset/clean/002746.tif,Dataset/noisy/002746.tif,निसर्वाणि
Dataset/clean/002747.tif,Dataset/noisy/002747.tif,।
Dataset/clean/002748.tif,Dataset/noisy/002748.tif,ज्ञा
Dataset/clean/002749.tif,Dataset/noisy/002749.tif,।
Dataset/clean/002750.tif,Dataset/noisy/002750.tif,श्लोकः
Dataset/clean/002751.tif,Dataset/noisy/002751.tif,संग्रह
Dataset/clean/002752.tif,Dataset/noisy/002752.tif,॥
Dataset/clean/002753.tif,Dataset/noisy/002753.tif,॥१६
Dataset/clean/002754.tif,Dataset/noisy/002754.tif,प्रसन्नो
Dataset/clean/002755.tif,Dataset/noisy/002755.tif,त्वं
Dataset/clean/002756.tif,Dataset/noisy/002756.tif,नमो
Dataset/clean/002757.tif,Dataset/noisy/002757.tif,नमोस्तु
Dataset/clean/002758.tif,Dataset/noisy/002758.tif,।
Dataset/clean/002759.tif,Dataset/noisy/002759.tif,इतिवचनात्
Dataset/clean/002760.tif,Dataset/noisy/002760.tif,वै
Dataset/clean/002761.tif,Dataset/noisy/002761.tif,नमस्कारेण
Dataset/clean/002762.tif,Dataset/noisy/002762.tif,बहुत
Dataset/clean/002763.tif,Dataset/noisy/002763.tif,।
Dataset/clean/002764.tif,Dataset/noisy/002764.tif,किमुतान्य
Dataset/clean/002765.tif,Dataset/noisy/002765.tif,यं
Dataset/clean/002766.tif,Dataset/noisy/002766.tif,अधुनाव
Dataset/clean/002767.tif,Dataset/noisy/002767.tif,यतः
Dataset/clean/002768.tif,Dataset/noisy/002768.tif,।
Dataset/clean/002769.tif,Dataset/noisy/002769.tif,स्यादितिभावः
Dataset/clean/002770.tif,Dataset/noisy/002770.tif,हिरण्य
Dataset/clean/002771.tif,Dataset/noisy/002771.tif,।
Dataset/clean/002772.tif,Dataset/noisy/002772.tif,न
Dataset/clean/002773.tif,Dataset/noisy/002773.tif,हिरण्मये
Dataset/clean/002774.tif,Dataset/noisy/002774.tif,।
Dataset/clean/002775.tif,Dataset/noisy/002775.tif,ब्रह्म
Dataset/clean/002776.tif,Dataset/noisy/002776.tif,खं
Dataset/clean/002777.tif,Dataset/noisy/002777.tif,३
Dataset/clean/002778.tif,Dataset/noisy/002778.tif,॥
Dataset/clean/002779.tif,Dataset/noisy/002779.tif,॥१७
Dataset/clean/002780.tif,Dataset/noisy/002780.tif,वहम्
Dataset/clean/002781.tif,Dataset/noisy/002781.tif,सा
Dataset/clean/002782.tif,Dataset/noisy/002782.tif,मार्गेण।
Dataset/clean/002783.tif,Dataset/noisy/002783.tif,राये।
Dataset/clean/002784.tif,Dataset/noisy/002784.tif,फलाय
Dataset/clean/002785.tif,Dataset/noisy/002785.tif,स्व​
Dataset/clean/002786.tif,Dataset/noisy/002786.tif,॥१६॥
Dataset/clean/002787.tif,Dataset/noisy/002787.tif,अभेदेन
Dataset/clean/002788.tif,Dataset/noisy/002788.tif,सावादित्ये
Dataset/clean/002789.tif,Dataset/noisy/002789.tif,ॐ
Dataset/clean/002790.tif,Dataset/noisy/002790.tif,षोडशो
Dataset/clean/002791.tif,Dataset/noisy/002791.tif,०य
Dataset/clean/002792.tif,Dataset/noisy/002792.tif,६॥
Dataset/clean/002793.tif,Dataset/noisy/002793.tif,राहित्यां
Dataset/clean/002794.tif,Dataset/noisy/002794.tif,तर्या
Dataset/clean/002795.tif,Dataset/noisy/002795.tif,मिपुरुषोपासनां
Dataset/clean/002796.tif,Dataset/noisy/002796.tif,सं
Dataset/clean/002797.tif,Dataset/noisy/002797.tif,ब्रूमः
Dataset/clean/002798.tif,Dataset/noisy/002798.tif,प्रापया
Dataset/clean/002799.tif,Dataset/noisy/002799.tif,।
Dataset/clean/002800.tif,Dataset/noisy/002800.tif,पिकर्तुमशक्ताः
Dataset/clean/002801.tif,Dataset/noisy/002801.tif,नमस्कारम
Dataset/clean/002802.tif,Dataset/noisy/002802.tif,च
Dataset/clean/002803.tif,Dataset/noisy/002803.tif,क।
Dataset/clean/002804.tif,Dataset/noisy/002804.tif,वर्णयन् ऐ
Dataset/clean/002805.tif,Dataset/noisy/002805.tif,त्म्यमुपसंहरति
Dataset/clean/002806.tif,Dataset/noisy/002806.tif,॥
Dataset/clean/002807.tif,Dataset/noisy/002807.tif,विकाशे
Dataset/clean/002808.tif,Dataset/noisy/002808.tif,॥हिरण्मयेनेति
Dataset/clean/002809.tif,Dataset/noisy/002809.tif,स्य
Dataset/clean/002810.tif,Dataset/noisy/002810.tif,।
Dataset/clean/002811.tif,Dataset/noisy/002811.tif,विद्वान्।
Dataset/clean/002812.tif,Dataset/noisy/002812.tif,किंच।जुहुराणं
Dataset/clean/002813.tif,Dataset/noisy/002813.tif,कौटिल्यं
Dataset/clean/002814.tif,Dataset/noisy/002814.tif,वं
Dataset/clean/002815.tif,Dataset/noisy/002815.tif,चरितं।
Dataset/clean/002816.tif,Dataset/noisy/002816.tif,नाशये
Dataset/clean/002817.tif,Dataset/noisy/002817.tif,त्यर्थः
Dataset/clean/002818.tif,Dataset/noisy/002818.tif,त्
Dataset/clean/002819.tif,Dataset/noisy/002819.tif,हुर्छे:
Dataset/clean/002820.tif,Dataset/noisy/002820.tif,लुक् छ
Dataset/clean/002821.tif,Dataset/noisy/002821.tif,लोपश्वेतिसित्धं
Dataset/clean/002822.tif,Dataset/noisy/002822.tif,अस्मत्।
Dataset/clean/002823.tif,Dataset/noisy/002823.tif,अस्मत्त:
Dataset/clean/002824.tif,Dataset/noisy/002824.tif,युयोधि।
Dataset/clean/002825.tif,Dataset/noisy/002825.tif,अङि
Dataset/clean/002826.tif,Dataset/noisy/002826.tif,मस्कारव
Dataset/clean/002827.tif,Dataset/noisy/002827.tif,त्
Dataset/clean/002828.tif,Dataset/noisy/002828.tif,स्मराघ
Dataset/clean/002829.tif,Dataset/noisy/002829.tif,दशोमंत्रः
Dataset/clean/002830.tif,Dataset/noisy/002830.tif,प्रीयतांते
Dataset/clean/002831.tif,Dataset/noisy/002831.tif,मे
Dataset/clean/002832.tif,Dataset/noisy/002832.tif,नमउक्तिं।न
Dataset/clean/002833.tif,Dataset/noisy/002833.tif,त्वं
Dataset/clean/002834.tif,Dataset/noisy/002834.tif,निष्पापत्वे
Dataset/clean/002835.tif,Dataset/noisy/002835.tif,तश्चेतिहेर्धिः
Dataset/clean/002836.tif,Dataset/noisy/002836.tif,परिचर्यामतः
Dataset/clean/002837.tif,Dataset/noisy/002837.tif,ते।तव।
Dataset/clean/002838.tif,Dataset/noisy/002838.tif,भूयिष्ठां।
Dataset/clean/002839.tif,Dataset/noisy/002839.tif,रां।
Dataset/clean/002840.tif,Dataset/noisy/002840.tif,शरीरापाटवात्
Dataset/clean/002841.tif,Dataset/noisy/002841.tif,।
Dataset/clean/002842.tif,Dataset/noisy/002842.tif,कुर्याम
Dataset/clean/002843.tif,Dataset/noisy/002843.tif,।
Dataset/clean/002844.tif,Dataset/noisy/002844.tif,एताव
Dataset/clean/002845.tif,Dataset/noisy/002845.tif,स्त्विति
Dataset/clean/002846.tif,Dataset/noisy/002846.tif,नमउक्तिंद्यिधेम
Dataset/clean/002847.tif,Dataset/noisy/002847.tif,तैव
Dataset/clean/002848.tif,Dataset/noisy/002848.tif,जाननू।
Dataset/clean/002849.tif,Dataset/noisy/002849.tif,नाेभूयिष्ठां
Dataset/clean/002850.tif,Dataset/noisy/002850.tif,देव।
Dataset/clean/002851.tif,Dataset/noisy/002851.tif,।हे
Dataset/clean/002852.tif,Dataset/noisy/002852.tif,रवल्वपि
Dataset/clean/002853.tif,Dataset/noisy/002853.tif,नं।विधेम
Dataset/clean/002854.tif,Dataset/noisy/002854.tif,।
Dataset/clean/002855.tif,Dataset/noisy/002855.tif,।
Dataset/clean/002856.tif,Dataset/noisy/002856.tif,वयुननि
Dataset/clean/002857.tif,Dataset/noisy/002857.tif,ई
Dataset/clean/002858.tif,Dataset/noisy/002858.tif,विदंस्त्वमग्ने
Dataset/clean/002859.tif,Dataset/noisy/002859.tif,नय
Dataset/clean/002860.tif,Dataset/noisy/002860.tif,भवेति
Dataset/clean/002861.tif,Dataset/noisy/002861.tif,प्रार्थयेत
Dataset/clean/002862.tif,Dataset/noisy/002862.tif,।
Dataset/clean/002863.tif,Dataset/noisy/002863.tif,तात्पंर्य
Dataset/clean/002864.tif,Dataset/noisy/002864.tif,अत्रायं
Dataset/clean/002865.tif,Dataset/noisy/002865.tif,ना
Dataset/clean/002866.tif,Dataset/noisy/002866.tif,विमुक्तिं
Dataset/clean/002867.tif,Dataset/noisy/002867.tif,॥
Dataset/clean/002868.tif,Dataset/noisy/002868.tif,कौटिल्यमे
Dataset/clean/002869.tif,Dataset/noisy/002869.tif,त्त्वां
Dataset/clean/002870.tif,Dataset/noisy/002870.tif,।
Dataset/clean/002871.tif,Dataset/noisy/002871.tif,कुर्मो
Dataset/clean/002872.tif,Dataset/noisy/002872.tif,नमों
Dataset/clean/002873.tif,Dataset/noisy/002873.tif,मग्निं
Dataset/clean/002874.tif,Dataset/noisy/002874.tif,दीव्यतिदीप्यते
Dataset/clean/002875.tif,Dataset/noisy/002875.tif,।द्योतनात्म
Dataset/clean/002876.tif,Dataset/noisy/002876.tif,क्तिरुपाय।तादर्थ्ये
Dataset/clean/002877.tif,Dataset/noisy/002877.tif,६३
Dataset/clean/002878.tif,Dataset/noisy/002878.tif,२
Dataset/clean/002879.tif,Dataset/noisy/002879.tif,द्विमुक्तः
Dataset/clean/002880.tif,Dataset/noisy/002880.tif,एकीभवंति
Dataset/clean/002881.tif,Dataset/noisy/002881.tif,प्राणादयः
Dataset/clean/002882.tif,Dataset/noisy/002882.tif,शि
Dataset/clean/002883.tif,Dataset/noisy/002883.tif,ऽविद्याकृता
Dataset/clean/002884.tif,Dataset/noisy/002884.tif,डकोपनिषद्भाष्यं॥र्उमि
Dataset/clean/002885.tif,Dataset/noisy/002885.tif,ष्टे
Dataset/clean/002886.tif,Dataset/noisy/002886.tif,स
Dataset/clean/002887.tif,Dataset/noisy/002887.tif,एकोनविंशतिर्यस्य
Dataset/clean/002888.tif,Dataset/noisy/002888.tif,मुखानीव
Dataset/clean/002889.tif,Dataset/noisy/002889.tif,डिया
Dataset/clean/002890.tif,Dataset/noisy/002890.tif,र्मे
Dataset/clean/002891.tif,Dataset/noisy/002891.tif,णिचदश​वायवश्व
Dataset/clean/002892.tif,Dataset/noisy/002892.tif,क
Dataset/clean/002893.tif,Dataset/noisy/002893.tif,वि
Dataset/clean/002894.tif,Dataset/noisy/002894.tif,वुंद्विद्रियाणि
Dataset/clean/002895.tif,Dataset/noisy/002895.tif,नाहवनीयनुक्त
Dataset/clean/002896.tif,Dataset/noisy/002896.tif,शेषत्वेनाग्निर्मुखत्वे
Dataset/clean/002897.tif,Dataset/noisy/002897.tif,र्त्त्मात्मासंदेहोवऊलोवस्तिरेवरयिः
Dataset/clean/002898.tif,Dataset/noisy/002898.tif,पृथग्व
Dataset/clean/002899.tif,Dataset/noisy/002899.tif,प्राण:
Dataset/clean/002900.tif,Dataset/noisy/002900.tif,सुतेजाश्चक्षुर्विश्वरूपः
Dataset/clean/002901.tif,Dataset/noisy/002901.tif,वाण्तस्पात्मनोवैश्वारस्यमूईव
Dataset/clean/002902.tif,Dataset/noisy/002902.tif,व्रह्म​
Dataset/clean/002903.tif,Dataset/noisy/002903.tif,कारण्व
Dataset/clean/002904.tif,Dataset/noisy/002904.tif,तदय्यों
Dataset/clean/002905.tif,Dataset/noisy/002905.tif,च्चान्यत्रिकालातीतं
Dataset/clean/002906.tif,Dataset/noisy/002906.tif,प्रांगए
Dataset/clean/002907.tif,Dataset/noisy/002907.tif,स्थानो
Dataset/clean/002908.tif,Dataset/noisy/002908.tif,चतुष्यातू
Dataset/clean/002909.tif,Dataset/noisy/002909.tif,रश्वित्तमिति
Dataset/clean/002910.tif,Dataset/noisy/002910.tif,णनित्योपलब्धिस्वनावत्वातू
Dataset/clean/002911.tif,Dataset/noisy/002911.tif,वरेलैषपरमात्मालम्यो
Dataset/clean/002912.tif,Dataset/noisy/002912.tif,विद्वान् वृतुते
Dataset/clean/002913.tif,Dataset/noisy/002913.tif,प्राप्तुमिछनितेन
Dataset/clean/002914.tif,Dataset/noisy/002914.tif,।
Dataset/clean/002915.tif,Dataset/noisy/002915.tif,नोपाधियरिछिन्नेनैकदेशेन
Dataset/clean/002916.tif,Dataset/noisy/002916.tif,समस्तंश
Dataset/clean/002917.tif,Dataset/noisy/002917.tif,तपोत्रज्ञांनलिंगं
Dataset/clean/002918.tif,Dataset/noisy/002918.tif,निमित्तात्प्रमादात्
Dataset/clean/002919.tif,Dataset/noisy/002919.tif,निष्टाजनितवीर्यहीदानेनसनभ्य:
Dataset/clean/002920.tif,Dataset/noisy/002920.tif,लौकिक
Dataset/clean/002921.tif,Dataset/noisy/002921.tif,प्रकाशयति
Dataset/clean/002922.tif,Dataset/noisy/002922.tif,तस्पैषआत्माऽ
Dataset/clean/002923.tif,Dataset/noisy/002923.tif,सं
Dataset/clean/002924.tif,Dataset/noisy/002924.tif,छन्नांस्वांतनुं
Dataset/clean/002925.tif,Dataset/noisy/002925.tif,स्वात्मतत्वस्वरूपंविवृणुते
Dataset/clean/002926.tif,Dataset/noisy/002926.tif,ब्रह्मभूता:
Dataset/clean/002927.tif,Dataset/noisy/002927.tif,त्प्रदीप
Dataset/clean/002928.tif,Dataset/noisy/002928.tif,निर्वाण
Dataset/clean/002929.tif,Dataset/noisy/002929.tif,संसारिणांये
Dataset/clean/002930.tif,Dataset/noisy/002930.tif,लास्तेऽपरांतास्तान
Dataset/clean/002931.tif,Dataset/noisy/002931.tif,येक्ष्य
Dataset/clean/002932.tif,Dataset/noisy/002932.tif,मुमुक्षू
Dataset/clean/002933.tif,Dataset/noisy/002933.tif,णां
Dataset/clean/002934.tif,Dataset/noisy/002934.tif,सानेदेह
Dataset/clean/002935.tif,Dataset/noisy/002935.tif,परमममृ
Dataset/clean/002936.tif,Dataset/noisy/002936.tif,त
Dataset/clean/002937.tif,Dataset/noisy/002937.tif,ममरण
Dataset/clean/002938.tif,Dataset/noisy/002938.tif,कं
Dataset/clean/002939.tif,Dataset/noisy/002939.tif,ब्रह्मात्मभूतं
Dataset/clean/002940.tif,Dataset/noisy/002940.tif,परामृता
Dataset/clean/002941.tif,Dataset/noisy/002941.tif,जीवंत
Dataset/clean/002942.tif,Dataset/noisy/002942.tif,लेप्याविशंतिभिन्नघटाकाशवदविद्या
Dataset/clean/002943.tif,Dataset/noisy/002943.tif,कृतोपाधिपरिछेदं
Dataset/clean/002944.tif,Dataset/noisy/002944.tif,परांत
Dataset/clean/002945.tif,Dataset/noisy/002945.tif,काले
Dataset/clean/002946.tif,Dataset/noisy/002946.tif,।
Dataset/clean/002947.tif,Dataset/noisy/002947.tif,वाऽतोवऊ
Dataset/clean/002948.tif,Dataset/noisy/002948.tif,ब्रह्मलोकेष्विति
Dataset/clean/002949.tif,Dataset/noisy/002949.tif,ब्रह्मणी
Dataset/clean/002950.tif,Dataset/noisy/002950.tif,रीरपात
Dataset/clean/002951.tif,Dataset/noisy/002951.tif,नांव
Dataset/clean/002952.tif,Dataset/noisy/002952.tif,ऊत्वा
Dataset/clean/002953.tif,Dataset/noisy/002953.tif,ब्रह्मैवलोक
Dataset/clean/002954.tif,Dataset/noisy/002954.tif,वंतोयथोक्तकर्मानुष्टानयुक्ताः
Dataset/clean/002955.tif,Dataset/noisy/002955.tif,॥
Dataset/clean/002956.tif,Dataset/noisy/002956.tif,कारणंगताभवंति
Dataset/clean/002957.tif,Dataset/noisy/002957.tif,संप्रदानविधानमृचा
Dataset/clean/002958.tif,Dataset/noisy/002958.tif,मंत्रेणा
Dataset/clean/002959.tif,Dataset/noisy/002959.tif,म्युक्तं
Dataset/clean/002960.tif,Dataset/noisy/002960.tif,प्रकाशितंक्रिया
Dataset/clean/002961.tif,Dataset/noisy/002961.tif,प्रतिष्टागताः
Dataset/clean/002962.tif,Dataset/noisy/002962.tif,वन्निर्वृत्तिमुपयांति
Dataset/clean/002963.tif,Dataset/noisy/002963.tif,देशांतरंगंत
Dataset/clean/002964.tif,Dataset/noisy/002964.tif,अपेक्षते
Dataset/clean/002965.tif,Dataset/noisy/002965.tif,काला:
Dataset/clean/002966.tif,Dataset/noisy/002966.tif,व्रह्मवुमुत्सवः
Dataset/clean/002967.tif,Dataset/noisy/002967.tif,ब्रह्मनिष्टाअपर
Dataset/clean/002968.tif,Dataset/noisy/002968.tif,स्मि
Dataset/clean/002969.tif,Dataset/noisy/002969.tif,न्व्रह्म
Dataset/clean/002970.tif,Dataset/noisy/002970.tif,दंसंर्व
Dataset/clean/002971.tif,Dataset/noisy/002971.tif,व्र​ह्मा
Dataset/clean/002972.tif,Dataset/noisy/002972.tif,मिधा
Dataset/clean/002973.tif,Dataset/noisy/002973.tif,नाभिधेयोपायपूर्वक
Dataset/clean/002974.tif,Dataset/noisy/002974.tif,ग्निधारणलक्षणं
Dataset/clean/002975.tif,Dataset/noisy/002975.tif,॥
Dataset/clean/002976.tif,Dataset/noisy/002976.tif,इतिमु
Dataset/clean/002977.tif,Dataset/noisy/002977.tif,ऋषिनामानमगिजुव्हतो
Dataset/clean/002978.tif,Dataset/noisy/002978.tif,जुव्हति
Dataset/clean/002979.tif,Dataset/noisy/002979.tif,श्रद्दधा
Dataset/clean/002980.tif,Dataset/noisy/002980.tif,श्रद्वयंतः
Dataset/clean/002981.tif,Dataset/noisy/002981.tif,शिरस्प
Dataset/clean/002982.tif,Dataset/noisy/002982.tif,रेकादमिधानस्यचों
Dataset/clean/002983.tif,Dataset/noisy/002983.tif,व्ययतिरेकादों
Dataset/clean/002984.tif,Dataset/noisy/002984.tif,भूतंतस्पामिधानाव्यति
Dataset/clean/002985.tif,Dataset/noisy/002985.tif,अर्थ
Dataset/clean/002986.tif,Dataset/noisy/002986.tif,पोपगम्पतइत्यों
Dataset/clean/002987.tif,Dataset/noisy/002987.tif,का
Dataset/clean/002988.tif,Dataset/noisy/002988.tif,कारण्वे
Dataset/clean/002989.tif,Dataset/noisy/002989.tif,प्रतिपत्र्युपायत्वा
Dataset/clean/002990.tif,Dataset/noisy/002990.tif,व्रह्मस
Dataset/clean/002991.tif,Dataset/noisy/002991.tif,तस्पोपव्याख्यानंव्रह्म​
Dataset/clean/002992.tif,Dataset/noisy/002992.tif,रणसाधनः
Dataset/clean/002993.tif,Dataset/noisy/002993.tif,पादश​
Dataset/clean/002994.tif,Dataset/noisy/002994.tif,त्यक्ष
Dataset/clean/002995.tif,Dataset/noisy/002995.tif,तो
Dataset/clean/002996.tif,Dataset/noisy/002996.tif,नंनुपव्याख्यानं
Dataset/clean/002997.tif,Dataset/noisy/002997.tif,कारामिधेयः
Dataset/clean/002998.tif,Dataset/noisy/002998.tif,व्रह्मे
Dataset/clean/002999.tif,Dataset/noisy/002999.tif,साेयमात्मांर्उ
Dataset/clean/003000.tif,Dataset/noisy/003000.tif,ष्दस्तुरीयस्यपद्यत
Dataset/clean/003001.tif,Dataset/noisy/003001.tif,कर्मसाधन:
Dataset/clean/003002.tif,Dataset/noisy/003002.tif,तीतं
Dataset/clean/003003.tif,Dataset/noisy/003003.tif,कार्याधिगम्यं
Dataset/clean/003004.tif,Dataset/noisy/003004.tif,अव्याकृतादितदप्यों
Dataset/clean/003005.tif,Dataset/noisy/003005.tif,कार्षाय
Dataset/clean/003006.tif,Dataset/noisy/003006.tif,णवन्नगौरिवत्रयाणां
Dataset/clean/003007.tif,Dataset/noisy/003007.tif,पादशष्द
Dataset/clean/003008.tif,Dataset/noisy/003008.tif,कथं
Dataset/clean/003009.tif,Dataset/noisy/003009.tif,जागरितं
Dataset/clean/003010.tif,Dataset/noisy/003010.tif,तदेतहह्मतच्चव्र​ह्मपरोक्षेणा
Dataset/clean/003011.tif,Dataset/noisy/003011.tif,प्रविलायनेन
Dataset/clean/003012.tif,Dataset/noisy/003012.tif,प्रांगानियस्य
Dataset/clean/003013.tif,Dataset/noisy/003013.tif,संर्वउक्तमों
Dataset/clean/003014.tif,Dataset/noisy/003014.tif,विश्वादीनां
Dataset/clean/003015.tif,Dataset/noisy/003015.tif,मस्येति
Dataset/clean/003016.tif,Dataset/noisy/003016.tif,स्वात्मव्यतिरिक्ते
Dataset/clean/003017.tif,Dataset/noisy/003017.tif,विषयेप्रज्ञायस्य
Dataset/clean/003018.tif,Dataset/noisy/003018.tif,॥
Dataset/clean/003019.tif,Dataset/noisy/003019.tif,मिहितंप्र​
Dataset/clean/003020.tif,Dataset/noisy/003020.tif,॥
Dataset/clean/003021.tif,Dataset/noisy/003021.tif,म्य​स्तस्यैष
Dataset/clean/003022.tif,Dataset/noisy/003022.tif,आत्माविवृणुते
Dataset/clean/003023.tif,Dataset/noisy/003023.tif,स्वां।नायमात्माव
Dataset/clean/003024.tif,Dataset/noisy/003024.tif,लहीनेनल
Dataset/clean/003025.tif,Dataset/noisy/003025.tif,म्पोनचप्रमादात्र
Dataset/clean/003026.tif,Dataset/noisy/003026.tif,नवऊनाश्रुतेन।ये
Dataset/clean/003027.tif,Dataset/noisy/003027.tif,दर्शनवं
Dataset/clean/003028.tif,Dataset/noisy/003028.tif,त:
Dataset/clean/003029.tif,Dataset/noisy/003029.tif,त
Dataset/clean/003030.tif,Dataset/noisy/003030.tif,नित्य
Dataset/clean/003031.tif,Dataset/noisy/003031.tif,स्वभावा:
Dataset/clean/003032.tif,Dataset/noisy/003032.tif,बिद्वांस्त
Dataset/clean/003033.tif,Dataset/noisy/003033.tif,स्यैष
Dataset/clean/003034.tif,Dataset/noisy/003034.tif,संप्राप्पै
Dataset/clean/003035.tif,Dataset/noisy/003035.tif,नमृष
Dataset/clean/003036.tif,Dataset/noisy/003036.tif,योज्ञान
Dataset/clean/003037.tif,Dataset/noisy/003037.tif,तृप्रा:
Dataset/clean/003038.tif,Dataset/noisy/003038.tif,प्राप्यधीराः
Dataset/clean/003039.tif,Dataset/noisy/003039.tif,पसोवाप्पलिंगातू
Dataset/clean/003040.tif,Dataset/noisy/003040.tif,प्रशांताः
Dataset/clean/003041.tif,Dataset/noisy/003041.tif,समाहित
Dataset/clean/003042.tif,Dataset/noisy/003042.tif,संविश​ते
Dataset/clean/003043.tif,Dataset/noisy/003043.tif,पंचदश​
Dataset/clean/003044.tif,Dataset/noisy/003044.tif,स।
Dataset/clean/003045.tif,Dataset/noisy/003045.tif,श्र्व
Dataset/clean/003046.tif,Dataset/noisy/003046.tif,ऽऽदित्यादिषु
Dataset/clean/003047.tif,Dataset/noisy/003047.tif,कर्माणिविज्ञानमयश्व
Dataset/clean/003048.tif,Dataset/noisy/003048.tif,।
Dataset/clean/003049.tif,Dataset/noisy/003049.tif,६१
Dataset/clean/003050.tif,Dataset/noisy/003050.tif,ऽऽत्मा
Dataset/clean/003051.tif,Dataset/noisy/003051.tif,ब्रह्मत्नो
Dataset/clean/003052.tif,Dataset/noisy/003052.tif,षुपरांतकाले
Dataset/clean/003053.tif,Dataset/noisy/003053.tif,तिसर्वे।गताः
Dataset/clean/003054.tif,Dataset/noisy/003054.tif,कलाः
Dataset/clean/003055.tif,Dataset/noisy/003055.tif,सर्वमेवाविशं​ति
Dataset/clean/003056.tif,Dataset/noisy/003056.tif,सुनिश्चितार्था:
Dataset/clean/003057.tif,Dataset/noisy/003057.tif,श्रु
Dataset/clean/003058.tif,Dataset/noisy/003058.tif,द्व
Dataset/clean/003059.tif,Dataset/noisy/003059.tif,सत्वाः।सै
Dataset/clean/003060.tif,Dataset/noisy/003060.tif,परामृताः
Dataset/clean/003061.tif,Dataset/noisy/003061.tif,दिव्यं।
Dataset/clean/003062.tif,Dataset/noisy/003062.tif,वैतत्परमं
Dataset/clean/003063.tif,Dataset/noisy/003063.tif,व्र​ह्मवेदव्र
Dataset/clean/003064.tif,Dataset/noisy/003064.tif,विहाय।तथाविद्वान्नामरूपा
Dataset/clean/003065.tif,Dataset/noisy/003065.tif,ह्मैवभवति
Dataset/clean/003066.tif,Dataset/noisy/003066.tif,व्र​ह्म
Dataset/clean/003067.tif,Dataset/noisy/003067.tif,अयमात्मा
Dataset/clean/003068.tif,Dataset/noisy/003068.tif,संर्वह्मेत​
Dataset/clean/003069.tif,Dataset/noisy/003069.tif,त्रिका-लयरिछेद्य
Dataset/clean/003070.tif,Dataset/noisy/003070.tif,यन्नद
Dataset/clean/003071.tif,Dataset/noisy/003071.tif,प्यों
Dataset/clean/003072.tif,Dataset/noisy/003072.tif,मित्येतदक्षरमिदऽ
Dataset/clean/003073.tif,Dataset/noisy/003073.tif,॥र्नु॥र्नु
Dataset/clean/003074.tif,Dataset/noisy/003074.tif,द्यैरक्त
Dataset/clean/003075.tif,Dataset/noisy/003075.tif,भूतभवड्भविष्यदिति
Dataset/clean/003076.tif,Dataset/noisy/003076.tif,चींर्ण।त
Dataset/clean/003077.tif,Dataset/noisy/003077.tif,व्यं
Dataset/clean/003078.tif,Dataset/noisy/003078.tif,सर्वेन
Dataset/clean/003079.tif,Dataset/noisy/003079.tif,प्राप्यते
Dataset/clean/003080.tif,Dataset/noisy/003080.tif,दृश्यते
Dataset/clean/003081.tif,Dataset/noisy/003081.tif,नेक
Dataset/clean/003082.tif,Dataset/noisy/003082.tif,एकोप्प
Dataset/clean/003083.tif,Dataset/noisy/003083.tif,का
Dataset/clean/003084.tif,Dataset/noisy/003084.tif,नापि
Dataset/clean/003085.tif,Dataset/noisy/003085.tif,यमेवपरत्मानमेव
Dataset/clean/003086.tif,Dataset/noisy/003086.tif,स्वं
Dataset/clean/003087.tif,Dataset/noisy/003087.tif,स्वं
Dataset/clean/003088.tif,Dataset/noisy/003088.tif,स्वां
Dataset/clean/003089.tif,Dataset/noisy/003089.tif,स्वां
Dataset/clean/003090.tif,Dataset/noisy/003090.tif,प्राणाद्याः
Dataset/clean/003091.tif,Dataset/noisy/003091.tif,त्यर्थः
Dataset/clean/003092.tif,Dataset/noisy/003092.tif,वचनं
Dataset/clean/003093.tif,Dataset/noisy/003093.tif,जहति
Dataset/clean/003094.tif,Dataset/noisy/003094.tif,तथा
Dataset/clean/003095.tif,Dataset/noisy/003095.tif,पुत्रयञ्चादिविषयासंग
Dataset/clean/003096.tif,Dataset/noisy/003096.tif,साधनांतरे
Dataset/clean/003097.tif,Dataset/noisy/003097.tif,नान्येन
Dataset/clean/003098.tif,Dataset/noisy/003098.tif,जातमनिधेय
Dataset/clean/003099.tif,Dataset/noisy/003099.tif,यदिदं
Dataset/clean/003100.tif,Dataset/noisy/003100.tif,वहिः
Dataset/clean/003101.tif,Dataset/noisy/003101.tif,जागरितस्थानः
Dataset/clean/003102.tif,Dataset/noisy/003102.tif,स्थान
Dataset/clean/003103.tif,Dataset/noisy/003103.tif,:
Dataset/clean/003104.tif,Dataset/noisy/003104.tif,इति
Dataset/clean/003105.tif,Dataset/noisy/003105.tif,पूर्व
Dataset/clean/003106.tif,Dataset/noisy/003106.tif,पूर्व
Dataset/clean/003107.tif,Dataset/noisy/003107.tif,चतुष्पात्
Dataset/clean/003108.tif,Dataset/noisy/003108.tif,व्यवस्थितः
Dataset/clean/003109.tif,Dataset/noisy/003109.tif,ऽविद्या
Dataset/clean/003110.tif,Dataset/noisy/003110.tif,ग्रिहोत्र
Dataset/clean/003111.tif,Dataset/noisy/003111.tif,कल्पना
Dataset/clean/003112.tif,Dataset/noisy/003112.tif,पंचमनोवुद्धिरहं
Dataset/clean/003113.tif,Dataset/noisy/003113.tif,तेषा
Dataset/clean/003114.tif,Dataset/noisy/003114.tif,संर्वत
Dataset/clean/003115.tif,Dataset/noisy/003115.tif,नमः
Dataset/clean/003116.tif,Dataset/noisy/003116.tif,परापरत्वेन
Dataset/clean/003117.tif,Dataset/noisy/003117.tif,कारमात्रं
Dataset/clean/003118.tif,Dataset/noisy/003118.tif,कारएव
Dataset/clean/003119.tif,Dataset/noisy/003119.tif,तदेतद्विद्या
Dataset/clean/003120.tif,Dataset/noisy/003120.tif,एव
Dataset/clean/003121.tif,Dataset/noisy/003121.tif,ते
Dataset/clean/003122.tif,Dataset/noisy/003122.tif,येषां
Dataset/clean/003123.tif,Dataset/noisy/003123.tif,धर्म
Dataset/clean/003124.tif,Dataset/noisy/003124.tif,परामृताः
Dataset/clean/003125.tif,Dataset/noisy/003125.tif,संसाराव
Dataset/clean/003126.tif,Dataset/noisy/003126.tif,मरणका
Dataset/clean/003127.tif,Dataset/noisy/003127.tif,प्राप्य
Dataset/clean/003128.tif,Dataset/noisy/003128.tif,सर्वत्र
Dataset/clean/003129.tif,Dataset/noisy/003129.tif,सर्वतः
Dataset/clean/003130.tif,Dataset/noisy/003130.tif,संन्यासः
Dataset/clean/003131.tif,Dataset/noisy/003131.tif,लिंगात्
Dataset/clean/003132.tif,Dataset/noisy/003132.tif,तपसोवाप्य
Dataset/clean/003133.tif,Dataset/noisy/003133.tif,विद्या
Dataset/clean/003134.tif,Dataset/noisy/003134.tif,का
Dataset/clean/003135.tif,Dataset/noisy/003135.tif,यच्चान्पत्रिकाला
Dataset/clean/003136.tif,Dataset/noisy/003136.tif,शेषः
Dataset/clean/003137.tif,Dataset/noisy/003137.tif,इतिवाक्य
Dataset/clean/003138.tif,Dataset/noisy/003138.tif,रण्व
Dataset/clean/003139.tif,Dataset/noisy/003139.tif,मे
Dataset/clean/003140.tif,Dataset/noisy/003140.tif,च
Dataset/clean/003141.tif,Dataset/noisy/003141.tif,परं
Dataset/clean/003142.tif,Dataset/noisy/003142.tif,संमता
Dataset/clean/003143.tif,Dataset/noisy/003143.tif,संतः
Dataset/clean/003144.tif,Dataset/noisy/003144.tif,साधका
Dataset/clean/003145.tif,Dataset/noisy/003145.tif,कालस्तस्मिन्
Dataset/clean/003146.tif,Dataset/noisy/003146.tif,परित्यागकालःपरांत
Dataset/clean/003147.tif,Dataset/noisy/003147.tif,सर्वमेव
Dataset/clean/003148.tif,Dataset/noisy/003148.tif,वलहीनेनात्म
Dataset/clean/003149.tif,Dataset/noisy/003149.tif,प्रकथ
Dataset/clean/003150.tif,Dataset/noisy/003150.tif,विस्पष्टं
Dataset/clean/003151.tif,Dataset/noisy/003151.tif,मापतया
Dataset/clean/003152.tif,Dataset/noisy/003152.tif,ति
Dataset/clean/003153.tif,Dataset/noisy/003153.tif,निर्दिशत्ययमात्मा
Dataset/clean/003154.tif,Dataset/noisy/003154.tif,वेदितव्यं
Dataset/clean/003155.tif,Dataset/noisy/003155.tif,प्रस्तुतं
Dataset/clean/003156.tif,Dataset/noisy/003156.tif,पर
Dataset/clean/003157.tif,Dataset/noisy/003157.tif,नियुक्ताः
Dataset/clean/003158.tif,Dataset/noisy/003158.tif,एप
Dataset/clean/003159.tif,Dataset/noisy/003159.tif,श्रोत्रिया
Dataset/clean/003160.tif,Dataset/noisy/003160.tif,रितिक
Dataset/clean/003161.tif,Dataset/noisy/003161.tif,शिरोव्रतं
Dataset/clean/003162.tif,Dataset/noisy/003162.tif,संतः
Dataset/clean/003163.tif,Dataset/noisy/003163.tif,नाः
Dataset/clean/003164.tif,Dataset/noisy/003164.tif,स्वयमेक
Dataset/clean/003165.tif,Dataset/noisy/003165.tif,सर्वमिति
Dataset/clean/003166.tif,Dataset/noisy/003166.tif,इदं
Dataset/clean/003167.tif,Dataset/noisy/003167.tif,त्येतदक्षरं
Dataset/clean/003168.tif,Dataset/noisy/003168.tif,v
Dataset/clean/003169.tif,Dataset/noisy/003169.tif,स
Dataset/clean/003170.tif,Dataset/noisy/003170.tif,प्राज्ञः
Dataset/clean/003171.tif,Dataset/noisy/003171.tif,वहिः
Dataset/clean/003172.tif,Dataset/noisy/003172.tif,तस्प
Dataset/clean/003173.tif,Dataset/noisy/003173.tif,स
Dataset/clean/003174.tif,Dataset/noisy/003174.tif,प्रतिपति
Dataset/clean/003175.tif,Dataset/noisy/003175.tif,तुरीयस्य
Dataset/clean/003176.tif,Dataset/noisy/003176.tif,ह
Dataset/clean/003177.tif,Dataset/noisy/003177.tif,सर्वगं
Dataset/clean/003178.tif,Dataset/noisy/003178.tif,ते
Dataset/clean/003179.tif,Dataset/noisy/003179.tif,नोवीतरागाः
Dataset/clean/003180.tif,Dataset/noisy/003180.tif,।
Dataset/clean/003181.tif,Dataset/noisy/003181.tif,मेवैषवृणुते
Dataset/clean/003182.tif,Dataset/noisy/003182.tif,।
Dataset/clean/003183.tif,Dataset/noisy/003183.tif,प्रतिदेवतासु
Dataset/clean/003184.tif,Dataset/noisy/003184.tif,सर्वे
Dataset/clean/003185.tif,Dataset/noisy/003185.tif,देवा
Dataset/clean/003186.tif,Dataset/noisy/003186.tif,न्यासयोगाद्यतयः
Dataset/clean/003187.tif,Dataset/noisy/003187.tif,जागरित
Dataset/clean/003188.tif,Dataset/noisy/003188.tif,सर्वमोंकारएवय
Dataset/clean/003189.tif,Dataset/noisy/003189.tif,विज्ञान
Dataset/clean/003190.tif,Dataset/noisy/003190.tif,वेदांत
Dataset/clean/003191.tif,Dataset/noisy/003191.tif,युक्तात्मानः
Dataset/clean/003192.tif,Dataset/noisy/003192.tif,सर्वतः
Dataset/clean/003193.tif,Dataset/noisy/003193.tif,कृतात्मा
Dataset/clean/003194.tif,Dataset/noisy/003194.tif,ब्रह्मधाम
Dataset/clean/003195.tif,Dataset/noisy/003195.tif,आत्माविशते
Dataset/clean/003196.tif,Dataset/noisy/003196.tif,यक्क्त
Dataset/clean/003197.tif,Dataset/noisy/003197.tif,एतैरुपायैर्यतते
Dataset/clean/003198.tif,Dataset/noisy/003198.tif,तनूं
Dataset/clean/003199.tif,Dataset/noisy/003199.tif,तेनल
Dataset/clean/003200.tif,Dataset/noisy/003200.tif,जनि
Dataset/clean/003201.tif,Dataset/noisy/003201.tif,कथं
Dataset/clean/003202.tif,Dataset/noisy/003202.tif,परमर्षिभ्यः
Dataset/clean/003203.tif,Dataset/noisy/003203.tif,नमः
Dataset/clean/003204.tif,Dataset/noisy/003204.tif,तदेतदृचा
Dataset/clean/003205.tif,Dataset/noisy/003205.tif,भवति
Dataset/clean/003206.tif,Dataset/noisy/003206.tif,मृतो
Dataset/clean/003207.tif,Dataset/noisy/003207.tif,विमुक्तो
Dataset/clean/003208.tif,Dataset/noisy/003208.tif,त्यो
Dataset/clean/003209.tif,Dataset/noisy/003209.tif,योह
Dataset/clean/003210.tif,Dataset/noisy/003210.tif,स
Dataset/clean/003211.tif,Dataset/noisy/003211.tif,समुद्रेऽ
Dataset/clean/003212.tif,Dataset/noisy/003212.tif,पुरोवाचनैतदचीर्णव्रतोधीते
Dataset/clean/003213.tif,Dataset/noisy/003213.tif,य
Dataset/clean/003214.tif,Dataset/noisy/003214.tif,स्पंदमानाः
Dataset/clean/003215.tif,Dataset/noisy/003215.tif,यथानद्यः
Dataset/clean/003216.tif,Dataset/noisy/003216.tif,आत्मापरेव्यये
Dataset/clean/003217.tif,Dataset/noisy/003217.tif,प्रतिष्ठा
Dataset/clean/003218.tif,Dataset/noisy/003218.tif,के
Dataset/clean/003219.tif,Dataset/noisy/003219.tif,देतत्सत्यमृषिरंगिशः
Dataset/clean/003220.tif,Dataset/noisy/003220.tif,शौनका
Dataset/clean/003221.tif,Dataset/noisy/003221.tif,सोयमात्मा
Dataset/clean/003222.tif,Dataset/noisy/003222.tif,व्याख्यानं
Dataset/clean/003223.tif,Dataset/noisy/003223.tif,स्पोप
Dataset/clean/003224.tif,Dataset/noisy/003224.tif,परमर्षिभ्यो
Dataset/clean/003225.tif,Dataset/noisy/003225.tif,तेषामेवैतां
Dataset/clean/003226.tif,Dataset/noisy/003226.tif,।
Dataset/clean/003227.tif,Dataset/noisy/003227.tif,यंतः
Dataset/clean/003228.tif,Dataset/noisy/003228.tif,श्र
Dataset/clean/003229.tif,Dataset/noisy/003229.tif,गुहाथ
Dataset/clean/003230.tif,Dataset/noisy/003230.tif,तर
Dataset/clean/003231.tif,Dataset/noisy/003231.tif,तर
Dataset/clean/003232.tif,Dataset/noisy/003232.tif,पुरुषमुपैति
Dataset/clean/003233.tif,Dataset/noisy/003233.tif,र्नुतत्सदि
Dataset/clean/003234.tif,Dataset/noisy/003234.tif,॥
Dataset/clean/003235.tif,Dataset/noisy/003235.tif,द्व​
Dataset/clean/003236.tif,Dataset/noisy/003236.tif,परात्परं
Dataset/clean/003237.tif,Dataset/noisy/003237.tif,सर्व
Dataset/clean/003238.tif,Dataset/noisy/003238.tif,परिमुच्यं
Dataset/clean/003239.tif,Dataset/noisy/003239.tif,तिमुंडकोपनिषत्संपूर्णा
Dataset/clean/003240.tif,Dataset/noisy/003240.tif,श्रोत्रियाव्रह्मनिष्टाः
Dataset/clean/003241.tif,Dataset/noisy/003241.tif,क्रियावंतः
Dataset/clean/003242.tif,Dataset/noisy/003242.tif,तिपाभानं
Dataset/clean/003243.tif,Dataset/noisy/003243.tif,तिशोकं
Dataset/clean/003244.tif,Dataset/noisy/003244.tif,भवति
Dataset/clean/003245.tif,Dataset/noisy/003245.tif,नास्पाव्रह्मवित्कुले
Dataset/clean/003246.tif,Dataset/noisy/003246.tif,छंतिनामरूपे
Dataset/clean/003247.tif,Dataset/noisy/003247.tif,स्तंग
Dataset/clean/003248.tif,Dataset/noisy/003248.tif,एवं
Dataset/clean/003249.tif,Dataset/noisy/003249.tif,।
Dataset/clean/003250.tif,Dataset/noisy/003250.tif,द्वाराणि
Dataset/clean/003251.tif,Dataset/noisy/003251.tif,मुखान्पुपलब्धि
Dataset/clean/003252.tif,Dataset/noisy/003252.tif,का
Dataset/clean/003253.tif,Dataset/noisy/003253.tif,सप्तांगानि
Dataset/clean/003254.tif,Dataset/noisy/003254.tif,एकर्षिःठ
Dataset/clean/003255.tif,Dataset/noisy/003255.tif,स्वयंजुव्हत
Dataset/clean/003256.tif,Dataset/noisy/003256.tif,इत्येवं
Dataset/clean/003257.tif,Dataset/noisy/003257.tif,पृथिव्येवपदाव
Dataset/clean/003258.tif,Dataset/noisy/003258.tif,म्पुक्तं।
Dataset/clean/003259.tif,Dataset/noisy/003259.tif,व्रह्मविद्यांवदेत
Dataset/clean/003260.tif,Dataset/noisy/003260.tif,v३
Dataset/clean/003261.tif,Dataset/noisy/003261.tif,शिरोव्रतंधिव वि
Dataset/clean/003262.tif,Dataset/noisy/003262.tif,स
Dataset/clean/003263.tif,Dataset/noisy/003263.tif,१७
Dataset/clean/003264.tif,Dataset/noisy/003264.tif,॥
Dataset/clean/003265.tif,Dataset/noisy/003265.tif,ग्न्यादय
Dataset/clean/003266.tif,Dataset/noisy/003266.tif,सर्वाएपेतानिप्रज्ञप्तिमात्रस्य​ना
Dataset/clean/003267.tif,Dataset/noisy/003267.tif,व्र​ह्म
Dataset/clean/003268.tif,Dataset/noisy/003268.tif,मभवतीत्यादिस
Dataset/clean/003269.tif,Dataset/noisy/003269.tif,प्राणन्नैवप्राणो
Dataset/clean/003270.tif,Dataset/noisy/003270.tif,तथा
Dataset/clean/003271.tif,Dataset/noisy/003271.tif,मधेयानि
Dataset/clean/003272.tif,Dataset/noisy/003272.tif,भेदग​तसूर्य
Dataset/clean/003273.tif,Dataset/noisy/003273.tif,द्व​
Dataset/clean/003274.tif,Dataset/noisy/003274.tif,श्रुक्तकृत्मादिनावेन
Dataset/clean/003275.tif,Dataset/noisy/003275.tif,खित्वादिभावः
Dataset/clean/003276.tif,Dataset/noisy/003276.tif,तसोरुजादिड
Dataset/clean/003277.tif,Dataset/noisy/003277.tif,धारण
Dataset/clean/003278.tif,Dataset/noisy/003278.tif,काक्षातृघ्मा
Dataset/clean/003279.tif,Dataset/noisy/003279.tif,प्राणनादिजीवन
Dataset/clean/003280.tif,Dataset/noisy/003280.tif,प्रज्ञा।
Dataset/clean/003281.tif,Dataset/noisy/003281.tif,आज्ञानमाज्ञप्तिरीश्वर
Dataset/clean/003282.tif,Dataset/noisy/003282.tif,इमानु
Dataset/clean/003283.tif,Dataset/noisy/003283.tif,स्य​
Dataset/clean/003284.tif,Dataset/noisy/003284.tif,स्पोपलब्धु
Dataset/clean/003285.tif,Dataset/noisy/003285.tif,करणोपाधिस्थ
Dataset/clean/003286.tif,Dataset/noisy/003286.tif,स्यहृदय
Dataset/clean/003287.tif,Dataset/noisy/003287.tif,व्ध्यर्थमेत
Dataset/clean/003288.tif,Dataset/noisy/003288.tif,परिशेषात् य​
Dataset/clean/003289.tif,Dataset/noisy/003289.tif,ब्रह्मोपास्यआत्मामवितुमर्हति
Dataset/clean/003290.tif,Dataset/noisy/003290.tif,भूतत्वान्नैवतद्वस्क्त​
Dataset/clean/003291.tif,Dataset/noisy/003291.tif,णास​
Dataset/clean/003292.tif,Dataset/noisy/003292.tif,श्रात्मानो
Dataset/clean/003293.tif,Dataset/noisy/003293.tif,स्य​
Dataset/clean/003294.tif,Dataset/noisy/003294.tif,पा
Dataset/clean/003295.tif,Dataset/noisy/003295.tif,लत्वेनगुणा
Dataset/clean/003296.tif,Dataset/noisy/003296.tif,व्र​ह्म
Dataset/clean/003297.tif,Dataset/noisy/003297.tif,तस्माद्यत्यभ्यां
Dataset/clean/003298.tif,Dataset/noisy/003298.tif,प्राण
Dataset/clean/003299.tif,Dataset/noisy/003299.tif,प्राणोयो
Dataset/clean/003300.tif,Dataset/noisy/003300.tif,षइंद्रएष
Dataset/clean/003301.tif,Dataset/noisy/003301.tif,ब्रह्मै
Dataset/clean/003302.tif,Dataset/noisy/003302.tif,घेयानिनवंत्येष
Dataset/clean/003303.tif,Dataset/noisy/003303.tif,सर्वाएपेवैतानिप्रज्ञानस्य
Dataset/clean/003304.tif,Dataset/noisy/003304.tif,संकल्प:
Dataset/clean/003305.tif,Dataset/noisy/003305.tif,तिः
Dataset/clean/003306.tif,Dataset/noisy/003306.tif,र
Dataset/clean/003307.tif,Dataset/noisy/003307.tif,कतु
Dataset/clean/003308.tif,Dataset/noisy/003308.tif,सु:
Dataset/clean/003309.tif,Dataset/noisy/003309.tif,ज्ञानमा
Dataset/clean/003310.tif,Dataset/noisy/003310.tif,ततूस
Dataset/clean/003311.tif,Dataset/noisy/003311.tif,मनश्वै
Dataset/clean/003312.tif,Dataset/noisy/003312.tif,हृदयं
Dataset/clean/003313.tif,Dataset/noisy/003313.tif,येनवास्वाडुचास्वाडुचविजानातियेदेत
Dataset/clean/003314.tif,Dataset/noisy/003314.tif,साह्वोवप
Dataset/clean/003315.tif,Dataset/noisy/003315.tif,वाजसनेय
Dataset/clean/003316.tif,Dataset/noisy/003316.tif,सर्वोपा
Dataset/clean/003317.tif,Dataset/noisy/003317.tif,पाणि
Dataset/clean/003318.tif,Dataset/noisy/003318.tif,समारुह्व
Dataset/clean/003319.tif,Dataset/noisy/003319.tif,साशृणोति
Dataset/clean/003320.tif,Dataset/noisy/003320.tif,श्यतिमन
Dataset/clean/003321.tif,Dataset/noisy/003321.tif,वाचं
Dataset/clean/003322.tif,Dataset/noisy/003322.tif,कौ
Dataset/clean/003323.tif,Dataset/noisy/003323.tif,व्ध्यर्थमुपलब्धुः
Dataset/clean/003324.tif,Dataset/noisy/003324.tif,सर्वोपल​
Dataset/clean/003325.tif,Dataset/noisy/003325.tif,करणं
Dataset/clean/003326.tif,Dataset/noisy/003326.tif,र​विषय
Dataset/clean/003327.tif,Dataset/noisy/003327.tif,रूपेणाध्यवस्पति
Dataset/clean/003328.tif,Dataset/noisy/003328.tif,णमनसाविकल्ययति
Dataset/clean/003329.tif,Dataset/noisy/003329.tif,वाग्मूते
Dataset/clean/003330.tif,Dataset/noisy/003330.tif,घ्राणभूतेन
Dataset/clean/003331.tif,Dataset/noisy/003331.tif,भूतेन
Dataset/clean/003332.tif,Dataset/noisy/003332.tif,श्रोतृ
Dataset/clean/003333.tif,Dataset/noisy/003333.tif,पश्यति
Dataset/clean/003334.tif,Dataset/noisy/003334.tif,विकल्यनारूपे
Dataset/clean/003335.tif,Dataset/noisy/003335.tif,रसयतिस्वैनैव
Dataset/clean/003336.tif,Dataset/noisy/003336.tif,ह्वाभूतेन
Dataset/clean/003337.tif,Dataset/noisy/003337.tif,चक्षुर्मूते
Dataset/clean/003338.tif,Dataset/noisy/003338.tif,लेनै
Dataset/clean/003339.tif,Dataset/noisy/003339.tif,श्वैकमेतदनेकधा
Dataset/clean/003340.tif,Dataset/noisy/003340.tif,मनसासृष्टाऽपश्ववरुण
Dataset/clean/003341.tif,Dataset/noisy/003341.tif,श्व
Dataset/clean/003342.tif,Dataset/noisy/003342.tif,मनो।
Dataset/clean/003343.tif,Dataset/noisy/003343.tif,स्तदे
Dataset/clean/003344.tif,Dataset/noisy/003344.tif,स्वाडुचा
Dataset/clean/003345.tif,Dataset/noisy/003345.tif,वाजिल्का
Dataset/clean/003346.tif,Dataset/noisy/003346.tif,साध्व
Dataset/clean/003347.tif,Dataset/noisy/003347.tif,व्याकरोतिगोरश्वइत्येवमाद्यां
Dataset/clean/003348.tif,Dataset/noisy/003348.tif,करणभूतेन
Dataset/clean/003349.tif,Dataset/noisy/003349.tif,वाक्
Dataset/clean/003350.tif,Dataset/noisy/003350.tif,पश्पति
Dataset/clean/003351.tif,Dataset/noisy/003351.tif,नुच्यते
Dataset/clean/003352.tif,Dataset/noisy/003352.tif,लभ​ले
Dataset/clean/003353.tif,Dataset/noisy/003353.tif,आत्माभवितुमर्हति
Dataset/clean/003354.tif,Dataset/noisy/003354.tif,तावद्येनोपलभ​
Dataset/clean/003355.tif,Dataset/noisy/003355.tif,कउपलभति
Dataset/clean/003356.tif,Dataset/noisy/003356.tif,यश्वै
Dataset/clean/003357.tif,Dataset/noisy/003357.tif,भेदभिन्नेन
Dataset/clean/003358.tif,Dataset/noisy/003358.tif,अनेक
Dataset/clean/003359.tif,Dataset/noisy/003359.tif,द्वेव
Dataset/clean/003360.tif,Dataset/noisy/003360.tif,भूतू
Dataset/clean/003361.tif,Dataset/noisy/003361.tif,बिषया
Dataset/clean/003362.tif,Dataset/noisy/003362.tif,निर्द्वारणांर्थ
Dataset/clean/003363.tif,Dataset/noisy/003363.tif,आत्मेति
Dataset/clean/003364.tif,Dataset/noisy/003364.tif,कुतरोनुस
Dataset/clean/003365.tif,Dataset/noisy/003365.tif,मवितुमर्हति
Dataset/clean/003366.tif,Dataset/noisy/003366.tif,आत्मोपास्पो
Dataset/clean/003367.tif,Dataset/noisy/003367.tif,स्यात्मभूते
Dataset/clean/003368.tif,Dataset/noisy/003368.tif,तेचा
Dataset/clean/003369.tif,Dataset/noisy/003369.tif,तर
Dataset/clean/003370.tif,Dataset/noisy/003370.tif,तत्रेन
Dataset/clean/003371.tif,Dataset/noisy/003371.tif,तरोपलब्धबिविवयस्मृति
Dataset/clean/003372.tif,Dataset/noisy/003372.tif,सर्व
Dataset/clean/003373.tif,Dataset/noisy/003373.tif,च
Dataset/clean/003374.tif,Dataset/noisy/003374.tif,सर्वे
Dataset/clean/003375.tif,Dataset/noisy/003375.tif,तेऽ
Dataset/clean/003376.tif,Dataset/noisy/003376.tif,येप्पे
Dataset/clean/003377.tif,Dataset/noisy/003377.tif,एव
Dataset/clean/003378.tif,Dataset/noisy/003378.tif,सप्रजापतिरेष
Dataset/clean/003379.tif,Dataset/noisy/003379.tif,पाला
Dataset/clean/003380.tif,Dataset/noisy/003380.tif,लोक
Dataset/clean/003381.tif,Dataset/noisy/003381.tif,लाग्न्यादयो
Dataset/clean/003382.tif,Dataset/noisy/003382.tif,तोमुखादिनिर्भेदद्वारे
Dataset/clean/003383.tif,Dataset/noisy/003383.tif,नारीरीय
Dataset/clean/003384.tif,Dataset/noisy/003384.tif,य
Dataset/clean/003385.tif,Dataset/noisy/003385.tif,एष
Dataset/clean/003386.tif,Dataset/noisy/003386.tif,प्रज्ञात्मा
Dataset/clean/003387.tif,Dataset/noisy/003387.tif,करणोपाधिधनुप्रविष्टोजल
Dataset/clean/003388.tif,Dataset/noisy/003388.tif,शरीरस्थ
Dataset/clean/003389.tif,Dataset/noisy/003389.tif,सर्व
Dataset/clean/003390.tif,Dataset/noisy/003390.tif,आत्मा
Dataset/clean/003391.tif,Dataset/noisy/003391.tif,ज्ञानरूप
Dataset/clean/003392.tif,Dataset/noisy/003392.tif,प्र
Dataset/clean/003393.tif,Dataset/noisy/003393.tif,एष
Dataset/clean/003394.tif,Dataset/noisy/003394.tif,ना
Dataset/clean/003395.tif,Dataset/noisy/003395.tif,साक्षात्
Dataset/clean/003396.tif,Dataset/noisy/003396.tif,ज्ञानादीनि
Dataset/clean/003397.tif,Dataset/noisy/003397.tif,ब्रह्मल
Dataset/clean/003398.tif,Dataset/noisy/003398.tif,ज्ञानरूपस्य
Dataset/clean/003399.tif,Dataset/noisy/003399.tif,शुद्ध
Dataset/clean/003400.tif,Dataset/noisy/003400.tif,निलाषः
Dataset/clean/003401.tif,Dataset/noisy/003401.tif,स्त्रीव्यतिकराव
Dataset/clean/003402.tif,Dataset/noisy/003402.tif,या
Dataset/clean/003403.tif,Dataset/noisy/003403.tif,कामोऽ
Dataset/clean/003404.tif,Dataset/noisy/003404.tif,क्रियानिमित्तावृत्तिः
Dataset/clean/003405.tif,Dataset/noisy/003405.tif,तत्र
Dataset/clean/003406.tif,Dataset/noisy/003406.tif,मनीषा
Dataset/clean/003407.tif,Dataset/noisy/003407.tif,शरीरमु
Dataset/clean/003408.tif,Dataset/noisy/003408.tif,धृत्या
Dataset/clean/003409.tif,Dataset/noisy/003409.tif,भवति
Dataset/clean/003410.tif,Dataset/noisy/003410.tif,मवसन्नानां
Dataset/clean/003411.tif,Dataset/noisy/003411.tif,करनादिपरिज्ञान
Dataset/clean/003412.tif,Dataset/noisy/003412.tif,निर्णय
Dataset/clean/003413.tif,Dataset/noisy/003413.tif,इति
Dataset/clean/003414.tif,Dataset/noisy/003414.tif,भवितुमर्हति
Dataset/clean/003415.tif,Dataset/noisy/003415.tif,उपलब्धो
Dataset/clean/003416.tif,Dataset/noisy/003416.tif,वक्ष्यमा
Dataset/clean/003417.tif,Dataset/noisy/003417.tif,स्प
Dataset/clean/003418.tif,Dataset/noisy/003418.tif,मनोरूप
Dataset/clean/003419.tif,Dataset/noisy/003419.tif,तडुपलब्धेरुपलव्धिकर
Dataset/clean/003420.tif,Dataset/noisy/003420.tif,प्रापद्यत
Dataset/clean/003421.tif,Dataset/noisy/003421.tif,प्राणइत्यवोचाम
Dataset/clean/003422.tif,Dataset/noisy/003422.tif,इतरे
Dataset/clean/003423.tif,Dataset/noisy/003423.tif,ब्रह्मणी
Dataset/clean/003424.tif,Dataset/noisy/003424.tif,विदार्यैत
Dataset/clean/003425.tif,Dataset/noisy/003425.tif,मंपुरुषं
Dataset/clean/003426.tif,Dataset/noisy/003426.tif,व्र​ह्मे
Dataset/clean/003427.tif,Dataset/noisy/003427.tif,अतिकांत
Dataset/clean/003428.tif,Dataset/noisy/003428.tif,पुनस्तेषांवेचा
Dataset/clean/003429.tif,Dataset/noisy/003429.tif,उपलघुरुपलव्ध्यर्थत्वात्
Dataset/clean/003430.tif,Dataset/noisy/003430.tif,कर
Dataset/clean/003431.tif,Dataset/noisy/003431.tif,द्वारा
Dataset/clean/003432.tif,Dataset/noisy/003432.tif,रुपल
Dataset/clean/003433.tif,Dataset/noisy/003433.tif,स्पोपलब्धु
Dataset/clean/003434.tif,Dataset/noisy/003434.tif,इति
Dataset/clean/003435.tif,Dataset/noisy/003435.tif,प्रज्ञास
Dataset/clean/003436.tif,Dataset/noisy/003436.tif,साप्रज्ञायवे
Dataset/clean/003437.tif,Dataset/noisy/003437.tif,वै
Dataset/clean/003438.tif,Dataset/noisy/003438.tif,प्रजापति
Dataset/clean/003439.tif,Dataset/noisy/003439.tif,नाम
Dataset/clean/003440.tif,Dataset/noisy/003440.tif,अपरं
Dataset/clean/003441.tif,Dataset/noisy/003441.tif,प्रज्ञात्माअंत:
Dataset/clean/003442.tif,Dataset/noisy/003442.tif,प्राण:
Dataset/clean/003443.tif,Dataset/noisy/003443.tif,:
Dataset/clean/003444.tif,Dataset/noisy/003444.tif,चोक्तं
Dataset/clean/003445.tif,Dataset/noisy/003445.tif,भवंतिनस्वत:
Dataset/clean/003446.tif,Dataset/noisy/003446.tif,वश​:
Dataset/clean/003447.tif,Dataset/noisy/003447.tif,उपाधिभूतास्तदुपाधिजनितगुणनामधेयानिसं
Dataset/clean/003448.tif,Dataset/noisy/003448.tif,मेधाग्रथं
Dataset/clean/003449.tif,Dataset/noisy/003449.tif,यडुक्तं
Dataset/clean/003450.tif,Dataset/noisy/003450.tif,:
Dataset/clean/003451.tif,Dataset/noisy/003451.tif,नव्र​ज्ञप्ति:
Dataset/clean/003452.tif,Dataset/noisy/003452.tif,कृॅतुरध्यवसाय:
Dataset/clean/003453.tif,Dataset/noisy/003453.tif,इत्येवमाद्याश्रत्त:
Dataset/clean/003454.tif,Dataset/noisy/003454.tif,संनिहितविष
Dataset/clean/003455.tif,Dataset/noisy/003455.tif,असु:
Dataset/clean/003456.tif,Dataset/noisy/003456.tif,सकल्पनंरूपादीनां
Dataset/clean/003457.tif,Dataset/noisy/003457.tif,णवृत्तय​:
Dataset/clean/003458.tif,Dataset/noisy/003458.tif,संकल्पः
Dataset/clean/003459.tif,Dataset/noisy/003459.tif,स्मरणं
Dataset/clean/003460.tif,Dataset/noisy/003460.tif,दृष्टिरिंदिय
Dataset/clean/003461.tif,Dataset/noisy/003461.tif,सामर्थ्यं
Dataset/clean/003462.tif,Dataset/noisy/003462.tif,:
Dataset/clean/003463.tif,Dataset/noisy/003463.tif,स्वातंत्र्यंज्यूतिश्वे
Dataset/clean/003464.tif,Dataset/noisy/003464.tif,थोत्तंमनं
Dataset/clean/003465.tif,Dataset/noisy/003465.tif,प्रथमज:
Dataset/clean/003466.tif,Dataset/noisy/003466.tif,:
Dataset/clean/003467.tif,Dataset/noisy/003467.tif,प्रजापतिरेष:
Dataset/clean/003468.tif,Dataset/noisy/003468.tif,भिन्नं
Dataset/clean/003469.tif,Dataset/noisy/003469.tif,स्वाडुचा
Dataset/clean/003470.tif,Dataset/noisy/003470.tif,णशप्दं
Dataset/clean/003471.tif,Dataset/noisy/003471.tif,अस्मिन्यिं
Dataset/clean/003472.tif,Dataset/noisy/003472.tif,रयंताविशेषविचारणास्पद
Dataset/clean/003473.tif,Dataset/noisy/003473.tif,कथं
Dataset/clean/003474.tif,Dataset/noisy/003474.tif,योत्रोपास्य:
Dataset/clean/003475.tif,Dataset/noisy/003475.tif,प्रतिसंधानात्
Dataset/clean/003476.tif,Dataset/noisy/003476.tif,करणां
Dataset/clean/003477.tif,Dataset/noisy/003477.tif,वाचंनामात्मिकां
Dataset/clean/003478.tif,Dataset/noisy/003478.tif,गंधा
Dataset/clean/003479.tif,Dataset/noisy/003479.tif,किंपुन
Dataset/clean/003480.tif,Dataset/noisy/003480.tif,वाचक्षुषारूपं
Dataset/clean/003481.tif,Dataset/noisy/003481.tif,स्पपिंड
Dataset/clean/003482.tif,Dataset/noisy/003482.tif,छतां
Dataset/clean/003483.tif,Dataset/noisy/003483.tif,एतमेवपुरुषंद्वे
Dataset/clean/003484.tif,Dataset/noisy/003484.tif,म्यां
Dataset/clean/003485.tif,Dataset/noisy/003485.tif,तं
Dataset/clean/003486.tif,Dataset/noisy/003486.tif,श्रुतिसंस्कारं
Dataset/clean/003487.tif,Dataset/noisy/003487.tif,कंअत्योन्यंप्र
Dataset/clean/003488.tif,Dataset/noisy/003488.tif,पप्रछुर्विचारंयंतः
Dataset/clean/003489.tif,Dataset/noisy/003489.tif,पुनरन्योन्यं
Dataset/clean/003490.tif,Dataset/noisy/003490.tif,सीमानं
Dataset/clean/003491.tif,Dataset/noisy/003491.tif,जनिता
Dataset/clean/003492.tif,Dataset/noisy/003492.tif,एवंजिज्ञासापूर्व
Dataset/clean/003493.tif,Dataset/noisy/003493.tif,प्रातिकूल्येन
Dataset/clean/003494.tif,Dataset/noisy/003494.tif,विशेष
Dataset/clean/003495.tif,Dataset/noisy/003495.tif,प्रतिपन्ने
Dataset/clean/003496.tif,Dataset/noisy/003496.tif,इति
Dataset/clean/003497.tif,Dataset/noisy/003497.tif,मतिर
Dataset/clean/003498.tif,Dataset/noisy/003498.tif,तेस
Dataset/clean/003499.tif,Dataset/noisy/003499.tif,केन
Dataset/clean/003500.tif,Dataset/noisy/003500.tif,हृदय
Dataset/clean/003501.tif,Dataset/noisy/003501.tif,समारुह्यचक्षुषा
Dataset/clean/003502.tif,Dataset/noisy/003502.tif,सर्वाणि
Dataset/clean/003503.tif,Dataset/noisy/003503.tif,वाचा
Dataset/clean/003504.tif,Dataset/noisy/003504.tif,सर्वाणि
Dataset/clean/003505.tif,Dataset/noisy/003505.tif,नामान्याप्नोतिप्रज्ञया
Dataset/clean/003506.tif,Dataset/noisy/003506.tif,विषय
Dataset/clean/003507.tif,Dataset/noisy/003507.tif,तयोरन्यतर
Dataset/clean/003508.tif,Dataset/noisy/003508.tif,रक्त
Dataset/clean/003509.tif,Dataset/noisy/003509.tif,नी
Dataset/clean/003510.tif,Dataset/noisy/003510.tif,पुनरुप
Dataset/clean/003511.tif,Dataset/noisy/003511.tif,येन
Dataset/clean/003512.tif,Dataset/noisy/003512.tif,स्मृतिरजायस
Dataset/clean/003513.tif,Dataset/noisy/003513.tif,प्रपदा
Dataset/clean/003514.tif,Dataset/noisy/003514.tif,डे
Dataset/clean/003515.tif,Dataset/noisy/003515.tif,उपलभ्येते
Dataset/clean/003516.tif,Dataset/noisy/003516.tif,येन
Dataset/clean/003517.tif,Dataset/noisy/003517.tif,वा
Dataset/clean/003518.tif,Dataset/noisy/003518.tif,साध्विति
Dataset/clean/003519.tif,Dataset/noisy/003519.tif,चयेन
Dataset/clean/003520.tif,Dataset/noisy/003520.tif,भूतेन
Dataset/clean/003521.tif,Dataset/noisy/003521.tif,विजानातीति
Dataset/clean/003522.tif,Dataset/noisy/003522.tif,हृदयात्मनोमन
Dataset/clean/003523.tif,Dataset/noisy/003523.tif,मन
Dataset/clean/003524.tif,Dataset/noisy/003524.tif,सर्वविषयोपलधि:धृतिर्धारण
Dataset/clean/003525.tif,Dataset/noisy/003525.tif,मतिर्मननं
Dataset/clean/003526.tif,Dataset/noisy/003526.tif,तिवदंति
Dataset/clean/003527.tif,Dataset/noisy/003527.tif,हंती
Dataset/clean/003528.tif,Dataset/noisy/003528.tif,द्रियाणांय
Dataset/clean/003529.tif,Dataset/noisy/003529.tif,शरीरें
Dataset/clean/003530.tif,Dataset/noisy/003530.tif,भाव:
Dataset/clean/003531.tif,Dataset/noisy/003531.tif,भाव:
Dataset/clean/003532.tif,Dataset/noisy/003532.tif,करणवृत्तयोवाह्यांतरवर्तिविषयास्ता
Dataset/clean/003533.tif,Dataset/noisy/003533.tif,नुपलव्ध्यर्थायाअंत​:
Dataset/clean/003534.tif,Dataset/noisy/003534.tif,व्रह्मणं
Dataset/clean/003535.tif,Dataset/noisy/003535.tif,त:
Dataset/clean/003536.tif,Dataset/noisy/003536.tif,करणस्यवृत्तय:
Dataset/clean/003537.tif,Dataset/noisy/003537.tif,प्राणसंवादादौ
Dataset/clean/003538.tif,Dataset/noisy/003538.tif,विज्ञानं
Dataset/clean/003539.tif,Dataset/noisy/003539.tif,ज्ञानंसंज्ञप्तिश्वेतन
Dataset/clean/003540.tif,Dataset/noisy/003540.tif,सं
Dataset/clean/003541.tif,Dataset/noisy/003541.tif,च्यंते
Dataset/clean/003542.tif,Dataset/noisy/003542.tif,तदं
Dataset/clean/003543.tif,Dataset/noisy/003543.tif,कृतवंत:
Dataset/clean/003544.tif,Dataset/noisy/003544.tif,संत्ततिरूपश्च
Dataset/clean/003545.tif,Dataset/noisy/003545.tif,एतमेव
Dataset/clean/003546.tif,Dataset/noisy/003546.tif,या
Dataset/clean/003547.tif,Dataset/noisy/003547.tif,द्वारा
Dataset/clean/003548.tif,Dataset/noisy/003548.tif,प्रापद्यत
Dataset/clean/003549.tif,Dataset/noisy/003549.tif,विशेष
Dataset/clean/003550.tif,Dataset/noisy/003550.tif,ना
Dataset/clean/003551.tif,Dataset/noisy/003551.tif,जिघ्रति
Dataset/clean/003552.tif,Dataset/noisy/003552.tif,येन
Dataset/clean/003553.tif,Dataset/noisy/003553.tif,वा
Dataset/clean/003554.tif,Dataset/noisy/003554.tif,करण
Dataset/clean/003555.tif,Dataset/noisy/003555.tif,मित्युच्यते
Dataset/clean/003556.tif,Dataset/noisy/003556.tif,रे
Dataset/clean/003557.tif,Dataset/noisy/003557.tif,तो
Dataset/clean/003558.tif,Dataset/noisy/003558.tif,हृदय
Dataset/clean/003559.tif,Dataset/noisy/003559.tif,स्परे
Dataset/clean/003560.tif,Dataset/noisy/003560.tif,तो
Dataset/clean/003561.tif,Dataset/noisy/003561.tif,शृणोति
Dataset/clean/003562.tif,Dataset/noisy/003562.tif,जिघ्रति
Dataset/clean/003563.tif,Dataset/noisy/003563.tif,न
Dataset/clean/003564.tif,Dataset/noisy/003564.tif,वदति
Dataset/clean/003565.tif,Dataset/noisy/003565.tif,जि
Dataset/clean/003566.tif,Dataset/noisy/003566.tif,तथाच
Dataset/clean/003567.tif,Dataset/noisy/003567.tif,बात
Dataset/clean/003568.tif,Dataset/noisy/003568.tif,कि
Dataset/clean/003569.tif,Dataset/noisy/003569.tif,प्रज्ञया
Dataset/clean/003570.tif,Dataset/noisy/003570.tif,हृदयेन
Dataset/clean/003571.tif,Dataset/noisy/003571.tif,हिरू
Dataset/clean/003572.tif,Dataset/noisy/003572.tif,जानातीति
Dataset/clean/003573.tif,Dataset/noisy/003573.tif,तस्मा
Dataset/clean/003574.tif,Dataset/noisy/003574.tif,हृदय
Dataset/clean/003575.tif,Dataset/noisy/003575.tif,मनोवाच्यस्य
Dataset/clean/003576.tif,Dataset/noisy/003576.tif,रूपाएपाप्नोतीति
Dataset/clean/003577.tif,Dataset/noisy/003577.tif,तस्मात्सर्वक
Dataset/clean/003578.tif,Dataset/noisy/003578.tif,व्यापार
Dataset/clean/003579.tif,Dataset/noisy/003579.tif,के
Dataset/clean/003580.tif,Dataset/noisy/003580.tif,चमन
Dataset/clean/003581.tif,Dataset/noisy/003581.tif,प्रज्ञानं
Dataset/clean/003582.tif,Dataset/noisy/003582.tif,तदात्मक
Dataset/clean/003583.tif,Dataset/noisy/003583.tif,प्रज्ञानरूप
Dataset/clean/003584.tif,Dataset/noisy/003584.tif,प्राज्ञता
Dataset/clean/003585.tif,Dataset/noisy/003585.tif,स्मृतिः
Dataset/clean/003586.tif,Dataset/noisy/003586.tif,प्रापद्यत
Dataset/clean/003587.tif,Dataset/noisy/003587.tif,करणेन
Dataset/clean/003588.tif,Dataset/noisy/003588.tif,शृणोति
Dataset/clean/003589.tif,Dataset/noisy/003589.tif,कर
Dataset/clean/003590.tif,Dataset/noisy/003590.tif,ये
Dataset/clean/003591.tif,Dataset/noisy/003591.tif,नोपलभ्यते
Dataset/clean/003592.tif,Dataset/noisy/003592.tif,श्रोत्रे
Dataset/clean/003593.tif,Dataset/noisy/003593.tif,येन
Dataset/clean/003594.tif,Dataset/noisy/003594.tif,वा
Dataset/clean/003595.tif,Dataset/noisy/003595.tif,कमने
Dataset/clean/003596.tif,Dataset/noisy/003596.tif,कधा
Dataset/clean/003597.tif,Dataset/noisy/003597.tif,केन
Dataset/clean/003598.tif,Dataset/noisy/003598.tif,मेधादृष्टिर्धृतिर्मतिर्मनीषाजू
Dataset/clean/003599.tif,Dataset/noisy/003599.tif,स्मृतिः
Dataset/clean/003600.tif,Dataset/noisy/003600.tif,कामो
Dataset/clean/003601.tif,Dataset/noisy/003601.tif,वशइति
Dataset/clean/003602.tif,Dataset/noisy/003602.tif,एवेंडैश्वर्यगुलाद्देवराजीवा
Dataset/clean/003603.tif,Dataset/noisy/003603.tif,प्राण:
Dataset/clean/003604.tif,Dataset/noisy/003604.tif,देवाएषएवइमांनि
Dataset/clean/003605.tif,Dataset/noisy/003605.tif,प्रतिबिंववद्विरएपगर्भ:
Dataset/clean/003606.tif,Dataset/noisy/003606.tif,जाता:
Dataset/clean/003607.tif,Dataset/noisy/003607.tif,पुरस्तात्प्रजानां
Dataset/clean/003608.tif,Dataset/noisy/003608.tif,हृदयं
Dataset/clean/003609.tif,Dataset/noisy/003609.tif,हृदयं
Dataset/clean/003610.tif,Dataset/noisy/003610.tif,एतेनांत:
Dataset/clean/003611.tif,Dataset/noisy/003611.tif,नरूपं
Dataset/clean/003612.tif,Dataset/noisy/003612.tif,चक्षु:
Dataset/clean/003613.tif,Dataset/noisy/003613.tif,सश्वंद्रमास्तदेवैत
Dataset/clean/003614.tif,Dataset/noisy/003614.tif,कमिदं
Dataset/clean/003615.tif,Dataset/noisy/003615.tif,नां
Dataset/clean/003616.tif,Dataset/noisy/003616.tif,:
Dataset/clean/003617.tif,Dataset/noisy/003617.tif,वाचंव्याकरोति
Dataset/clean/003618.tif,Dataset/noisy/003618.tif,ज्ञानंविज्ञानं
Dataset/clean/003619.tif,Dataset/noisy/003619.tif,लब्धिकरणत्वंप्रसिद्धं
Dataset/clean/003620.tif,Dataset/noisy/003620.tif,:
Dataset/clean/003621.tif,Dataset/noisy/003621.tif,प्राण:
Dataset/clean/003622.tif,Dataset/noisy/003622.tif,ब्राह्मणंकरण
Dataset/clean/003623.tif,Dataset/noisy/003623.tif,श्र्व
Dataset/clean/003624.tif,Dataset/noisy/003624.tif,प्राणभूतेन
Dataset/clean/003625.tif,Dataset/noisy/003625.tif,गुरुदक्षि
Dataset/clean/003626.tif,Dataset/noisy/003626.tif,पू
Dataset/clean/003627.tif,Dataset/noisy/003627.tif,अस्मै
Dataset/clean/003628.tif,Dataset/noisy/003628.tif,मधुविद्यादानमेवततस्तादशं
Dataset/clean/003629.tif,Dataset/noisy/003629.tif,धनस्यधनेन
Dataset/clean/003630.tif,Dataset/noisy/003630.tif,एतद्विद्योपदे
Dataset/clean/003631.tif,Dataset/noisy/003631.tif,स्म
Dataset/clean/003632.tif,Dataset/noisy/003632.tif,मांष्टथिंवीपदिदद्यात्
Dataset/clean/003633.tif,Dataset/noisy/003633.tif,यदीति
Dataset/clean/003634.tif,Dataset/noisy/003634.tif,मपी
Dataset/clean/003635.tif,Dataset/noisy/003635.tif,याम
Dataset/clean/003636.tif,Dataset/noisy/003636.tif,मावाच्चै
Dataset/clean/003637.tif,Dataset/noisy/003637.tif,तां
Dataset/clean/003638.tif,Dataset/noisy/003638.tif,सदृश
Dataset/clean/003639.tif,Dataset/noisy/003639.tif,व्यायवांते
Dataset/clean/003640.tif,Dataset/noisy/003640.tif,कस्मै
Dataset/clean/003641.tif,Dataset/noisy/003641.tif,स्मै
Dataset/clean/003642.tif,Dataset/noisy/003642.tif,नान्य​
Dataset/clean/003643.tif,Dataset/noisy/003643.tif,वासिने
Dataset/clean/003644.tif,Dataset/noisy/003644.tif,ज्येष्टायपुत्राय
Dataset/clean/003645.tif,Dataset/noisy/003645.tif,णये
Dataset/clean/003646.tif,Dataset/noisy/003646.tif,कआरु
Dataset/clean/003647.tif,Dataset/noisy/003647.tif,सप्तसमुद्रै:
Dataset/clean/003648.tif,Dataset/noisy/003648.tif,ष्टु:
Dataset/clean/003649.tif,Dataset/noisy/003649.tif,चनेतिएतद्विद्योयदे
Dataset/clean/003650.tif,Dataset/noisy/003650.tif,ही
Dataset/clean/003651.tif,Dataset/noisy/003651.tif,र्णांत्रद्भिः
Dataset/clean/003652.tif,Dataset/noisy/003652.tif,अद्यतनोपिपिता
Dataset/clean/003653.tif,Dataset/noisy/003653.tif,उद्दाल
Dataset/clean/003654.tif,Dataset/noisy/003654.tif,नान्यस्मै
Dataset/clean/003655.tif,Dataset/noisy/003655.tif,नूयइति
Dataset/clean/003656.tif,Dataset/noisy/003656.tif,॥६३
Dataset/clean/003657.tif,Dataset/noisy/003657.tif,द्यादेत
Dataset/clean/003658.tif,Dataset/noisy/003658.tif,पूंर्णाद
Dataset/clean/003659.tif,Dataset/noisy/003659.tif,होत् यइत्येतदेवततो
Dataset/clean/003660.tif,Dataset/noisy/003660.tif,पूर्यतत्पर्थ:
Dataset/clean/003661.tif,Dataset/noisy/003661.tif,इतिशब्द:
Dataset/clean/003662.tif,Dataset/noisy/003662.tif,दक्षि
Dataset/clean/003663.tif,Dataset/noisy/003663.tif,णा
Dataset/clean/003664.tif,Dataset/noisy/003664.tif,प्रणयर्वत
Dataset/clean/003665.tif,Dataset/noisy/003665.tif,॥४३
Dataset/clean/003666.tif,Dataset/noisy/003666.tif,॥
Dataset/clean/003667.tif,Dataset/noisy/003667.tif,जापतयउवाच
Dataset/clean/003668.tif,Dataset/noisy/003668.tif,वेमनुः
Dataset/clean/003669.tif,Dataset/noisy/003669.tif,पिता
Dataset/clean/003670.tif,Dataset/noisy/003670.tif,धनस्य
Dataset/clean/003671.tif,Dataset/noisy/003671.tif,.
Dataset/clean/003672.tif,Dataset/noisy/003672.tif,तदेतदादित्या
Dataset/clean/003673.tif,Dataset/noisy/003673.tif,जायतिर्मनवेमनुः
Dataset/clean/003674.tif,Dataset/noisy/003674.tif,प्रजा
Dataset/clean/003675.tif,Dataset/noisy/003675.tif,चेति
Dataset/clean/003676.tif,Dataset/noisy/003676.tif,सर्व
Dataset/clean/003677.tif,Dataset/noisy/003677.tif,संप्रदायागतत्वात्
Dataset/clean/003678.tif,Dataset/noisy/003678.tif,तद्वैतब्र​ह्याम
Dataset/clean/003679.tif,Dataset/noisy/003679.tif,पुत्रायअंते
Dataset/clean/003680.tif,Dataset/noisy/003680.tif,ष्टाय
Dataset/clean/003681.tif,Dataset/noisy/003681.tif,प्रव्र​यात्
Dataset/clean/003682.tif,Dataset/noisy/003682.tif,पुत्रायप्रो
Dataset/clean/003683.tif,Dataset/noisy/003683.tif,भगवान् विघ्मु:
Dataset/clean/003684.tif,Dataset/noisy/003684.tif,आरुणयेज्ये
Dataset/clean/003685.tif,Dataset/noisy/003685.tif,च
Dataset/clean/003686.tif,Dataset/noisy/003686.tif,चविधदेव
Dataset/clean/003687.tif,Dataset/noisy/003687.tif,उद्दालक
Dataset/clean/003688.tif,Dataset/noisy/003688.tif,वा
Dataset/clean/003689.tif,Dataset/noisy/003689.tif,प्रजाप
Dataset/clean/003690.tif,Dataset/noisy/003690.tif,वाच
Dataset/clean/003691.tif,Dataset/noisy/003691.tif,समासाैद्विरुक्तिस्तात्पर्यज्ञस्पर्प्यारवं
Dataset/clean/003692.tif,Dataset/noisy/003692.tif,११
Dataset/clean/003693.tif,Dataset/noisy/003693.tif,भूय:
Dataset/clean/003694.tif,Dataset/noisy/003694.tif,ब्रह्मप्रव्रूयाआणा
Dataset/clean/003695.tif,Dataset/noisy/003695.tif,सिनेवा
Dataset/clean/003696.tif,Dataset/noisy/003696.tif,इदं
Dataset/clean/003697.tif,Dataset/noisy/003697.tif,ब्रह्म
Dataset/clean/003698.tif,Dataset/noisy/003698.tif,देवत
Dataset/clean/003699.tif,Dataset/noisy/003699.tif,छां.खं
Dataset/clean/003700.tif,Dataset/noisy/003700.tif,परिग
Dataset/clean/003701.tif,Dataset/noisy/003701.tif,विद्यादानाय
Dataset/clean/003702.tif,Dataset/noisy/003702.tif,गुरुदक्षिणा
Dataset/clean/003703.tif,Dataset/noisy/003703.tif,परिवृता
Dataset/clean/003704.tif,Dataset/noisy/003704.tif,हतीत्याह
Dataset/clean/003705.tif,Dataset/noisy/003705.tif,एतदेव
Dataset/clean/003706.tif,Dataset/noisy/003706.tif,रे
Dataset/clean/003707.tif,Dataset/noisy/003707.tif,॥
Dataset/clean/003708.tif,Dataset/noisy/003708.tif,११
Dataset/clean/003709.tif,Dataset/noisy/003709.tif,तद्वैतद्वूल
Dataset/clean/003710.tif,Dataset/noisy/003710.tif,प्राणाव्याय
Dataset/clean/003711.tif,Dataset/noisy/003711.tif,महउपदेपरपरागताचैषेति
Dataset/clean/003712.tif,Dataset/noisy/003712.tif,विद्यांप्रशंसतितद्वैतदिति
Dataset/clean/003713.tif,Dataset/noisy/003713.tif,रव्यंयं
Dataset/clean/003714.tif,Dataset/noisy/003714.tif,तयेविरिंचये
Dataset/clean/003715.tif,Dataset/noisy/003715.tif,उवाचप्र​
Dataset/clean/003716.tif,Dataset/noisy/003716.tif,म्यउवा
Dataset/clean/003717.tif,Dataset/noisy/003717.tif,त्रानुषंगः
Dataset/clean/003718.tif,Dataset/noisy/003718.tif,नैव
Dataset/clean/003719.tif,Dataset/noisy/003719.tif,अधिकंत
Dataset/clean/003720.tif,Dataset/noisy/003720.tif,णात:
Dataset/clean/003721.tif,Dataset/noisy/003721.tif,प्रजाम्यस्त
Dataset/clean/003722.tif,Dataset/noisy/003722.tif,द्वैत
Dataset/clean/003723.tif,Dataset/noisy/003723.tif,प्रजापतिर्मन
Dataset/clean/003724.tif,Dataset/noisy/003724.tif,ब्रह्म
Dataset/clean/003725.tif,Dataset/noisy/003725.tif,मध्वारव्यं
Dataset/clean/003726.tif,Dataset/noisy/003726.tif,ज्योष्ट
Dataset/clean/003727.tif,Dataset/noisy/003727.tif,तत्ततस्मात्
Dataset/clean/003728.tif,Dataset/noisy/003728.tif,पिताव्रह्म​
Dataset/clean/003729.tif,Dataset/noisy/003729.tif,परिगृहीतां
Dataset/clean/003730.tif,Dataset/noisy/003730.tif,इमामङ्गिः
Dataset/clean/003731.tif,Dataset/noisy/003731.tif,नपद्यप्पस्मा
Dataset/clean/003732.tif,Dataset/noisy/003732.tif,ज्ज्येष्ठायपुत्राय
Dataset/clean/003733.tif,Dataset/noisy/003733.tif,प्रोवाचेदंवावत
Dataset/clean/003734.tif,Dataset/noisy/003734.tif,६ः
Dataset/clean/003735.tif,Dataset/noisy/003735.tif,श्रासमेतात
Dataset/clean/003736.tif,Dataset/noisy/003736.tif,श्वपशृ
Dataset/clean/003737.tif,Dataset/noisy/003737.tif,पुत्राट
Dataset/clean/003738.tif,Dataset/noisy/003738.tif,ब्रह्मेत्पुपास्त
Dataset/clean/003739.tif,Dataset/noisy/003739.tif,पआशं
Dataset/clean/003740.tif,Dataset/noisy/003740.tif,ममुंवेछतआशामुपास्वेतिस
Dataset/clean/003741.tif,Dataset/noisy/003741.tif,आशयेद्व:
Dataset/clean/003742.tif,Dataset/noisy/003742.tif,स्मर:
Dataset/clean/003743.tif,Dataset/noisy/003743.tif,स्मतिमानअघ
Dataset/clean/003744.tif,Dataset/noisy/003744.tif,आशेध:
Dataset/clean/003745.tif,Dataset/noisy/003745.tif,स्मरः
Dataset/clean/003746.tif,Dataset/noisy/003746.tif,स्पतिमानिछते
Dataset/clean/003747.tif,Dataset/noisy/003747.tif,शष्ट्रितमारती
Dataset/clean/003748.tif,Dataset/noisy/003748.tif,इत्पर्योज्ञेयः
Dataset/clean/003749.tif,Dataset/noisy/003749.tif,आशामाशा
Dataset/clean/003750.tif,Dataset/noisy/003750.tif,त्वेत्पर्थ:
Dataset/clean/003751.tif,Dataset/noisy/003751.tif,र्ब्रह्मोया
Dataset/clean/003752.tif,Dataset/noisy/003752.tif,आश​या
Dataset/clean/003753.tif,Dataset/noisy/003753.tif,आ​शादेवीप्रसादेवेति
Dataset/clean/003754.tif,Dataset/noisy/003754.tif,१७
Dataset/clean/003755.tif,Dataset/noisy/003755.tif,आसयास्य
Dataset/clean/003756.tif,Dataset/noisy/003756.tif,समृह्म
Dataset/clean/003757.tif,Dataset/noisy/003757.tif,श्वेछतरमंच
Dataset/clean/003758.tif,Dataset/noisy/003758.tif,समोधा
Dataset/clean/003759.tif,Dataset/noisy/003759.tif,स्माशिषो
Dataset/clean/003760.tif,Dataset/noisy/003760.tif,नवंनियावदाशायागतंत
Dataset/clean/003761.tif,Dataset/noisy/003761.tif,इसा
Dataset/clean/003762.tif,Dataset/noisy/003762.tif,यथा
Dataset/clean/003763.tif,Dataset/noisy/003763.tif,शाया
Dataset/clean/003764.tif,Dataset/noisy/003764.tif,१६
Dataset/clean/003765.tif,Dataset/noisy/003765.tif,कामचारो
Dataset/clean/003766.tif,Dataset/noisy/003766.tif,भवति
Dataset/clean/003767.tif,Dataset/noisy/003767.tif,वावतूयोस्तीतिन
Dataset/clean/003768.tif,Dataset/noisy/003768.tif,न्मे
Dataset/clean/003769.tif,Dataset/noisy/003769.tif,आशो
Dataset/clean/003770.tif,Dataset/noisy/003770.tif,ब्रह्मेसुपास्तेत्ति
Dataset/clean/003771.tif,Dataset/noisy/003771.tif,नगवआशायलूव
Dataset/clean/003772.tif,Dataset/noisy/003772.tif,नगवान्द्रवीतिति
Dataset/clean/003773.tif,Dataset/noisy/003773.tif,आसपासमृ
Dataset/clean/003774.tif,Dataset/noisy/003774.tif,मधीतेकर्माणिकु
Dataset/clean/003775.tif,Dataset/noisy/003775.tif,आरोध्रोवइति
Dataset/clean/003776.tif,Dataset/noisy/003776.tif,वैस्मरो
Dataset/clean/003777.tif,Dataset/noisy/003777.tif,कर्मकुरुतेऽछेयेति
Dataset/clean/003778.tif,Dataset/noisy/003778.tif,भूसीसर्वगुणैः
Dataset/clean/003779.tif,Dataset/noisy/003779.tif,श्रेष्टाइयं
Dataset/clean/003780.tif,Dataset/noisy/003780.tif,वत्राणि
Dataset/clean/003781.tif,Dataset/noisy/003781.tif,ज्ञान
Dataset/clean/003782.tif,Dataset/noisy/003782.tif,स्वामिनीत
Dataset/clean/003783.tif,Dataset/noisy/003783.tif,आश्मवा
Dataset/clean/003784.tif,Dataset/noisy/003784.tif,वस्मराड्य
Dataset/clean/003785.tif,Dataset/noisy/003785.tif,स्मरशष्दित
Dataset/clean/003786.tif,Dataset/noisy/003786.tif,मानमाह
Dataset/clean/003787.tif,Dataset/noisy/003787.tif,आशेधः
Dataset/clean/003788.tif,Dataset/noisy/003788.tif,मंत्रानधीयंति
Dataset/clean/003789.tif,Dataset/noisy/003789.tif,शंसुरवंयस्या
Dataset/clean/003790.tif,Dataset/noisy/003790.tif,इतिव्युत्प
Dataset/clean/003791.tif,Dataset/noisy/003791.tif,साफर्णसुखरूपनखाशानाभी
Dataset/clean/003792.tif,Dataset/noisy/003792.tif,आशामानिनी
Dataset/clean/003793.tif,Dataset/noisy/003793.tif,त्समासरस्वती
Dataset/clean/003794.tif,Dataset/noisy/003794.tif,स्मृतिमान्
Dataset/clean/003795.tif,Dataset/noisy/003795.tif,भवति
Dataset/clean/003796.tif,Dataset/noisy/003796.tif,त्रयानंतरं
Dataset/clean/003797.tif,Dataset/noisy/003797.tif,स्याउो
Dataset/clean/003798.tif,Dataset/noisy/003798.tif,द्वो
Dataset/clean/003799.tif,Dataset/noisy/003799.tif,र्नाणिकुरुते
Dataset/clean/003800.tif,Dataset/noisy/003800.tif,हा
Dataset/clean/003801.tif,Dataset/noisy/003801.tif,लोक
Dataset/clean/003802.tif,Dataset/noisy/003802.tif,सर्वकामाः
Dataset/clean/003803.tif,Dataset/noisy/003803.tif,सय
Dataset/clean/003804.tif,Dataset/noisy/003804.tif,त्रानधीतेक
Dataset/clean/003805.tif,Dataset/noisy/003805.tif,चस्मरात्
Dataset/clean/003806.tif,Dataset/noisy/003806.tif,श्रारोति
Dataset/clean/003807.tif,Dataset/noisy/003807.tif,येति
Dataset/clean/003808.tif,Dataset/noisy/003808.tif,वी
Dataset/clean/003809.tif,Dataset/noisy/003809.tif,सरस्वत्यो
Dataset/clean/003810.tif,Dataset/noisy/003810.tif,यावत्
Dataset/clean/003811.tif,Dataset/noisy/003811.tif,त्रास्प
Dataset/clean/003812.tif,Dataset/noisy/003812.tif,मे
Dataset/clean/003813.tif,Dataset/noisy/003813.tif,महि
Dataset/clean/003814.tif,Dataset/noisy/003814.tif,:
Dataset/clean/003815.tif,Dataset/noisy/003815.tif,स्पा
Dataset/clean/003816.tif,Dataset/noisy/003816.tif,स्मरः
Dataset/clean/003817.tif,Dataset/noisy/003817.tif,त
Dataset/clean/003818.tif,Dataset/noisy/003818.tif,नामीश्वरापरो
Dataset/clean/003819.tif,Dataset/noisy/003819.tif,नारतीत
Dataset/clean/003820.tif,Dataset/noisy/003820.tif,देवत्रयात्
Dataset/clean/003821.tif,Dataset/noisy/003821.tif,थानुखलुसौम्येमास्ति
Dataset/clean/003822.tif,Dataset/noisy/003822.tif,त्रीणिरूपाणिश्रीप्राणशिवाख्यमेतत्रयमेवाग्निनाम्न:
Dataset/clean/003823.tif,Dataset/noisy/003823.tif,मुख्यकिंतुनामी
Dataset/clean/003824.tif,Dataset/noisy/003824.tif,णारं
Dataset/clean/003825.tif,Dataset/noisy/003825.tif,वाचावागिंद्रिये
Dataset/clean/003826.tif,Dataset/noisy/003826.tif,नामधेयंत्री
Dataset/clean/003827.tif,Dataset/noisy/003827.tif,:
Dataset/clean/003828.tif,Dataset/noisy/003828.tif,केवळं
Dataset/clean/003829.tif,Dataset/noisy/003829.tif,चायदग्ने:
Dataset/clean/003830.tif,Dataset/noisy/003830.tif,पांरूप
Dataset/clean/003831.tif,Dataset/noisy/003831.tif,क्रुर्य
Dataset/clean/003832.tif,Dataset/noisy/003832.tif,दुरोहित
Dataset/clean/003833.tif,Dataset/noisy/003833.tif,मिवाभूदिति
Dataset/clean/003834.tif,Dataset/noisy/003834.tif,म्रोग्नौ
Dataset/clean/003835.tif,Dataset/noisy/003835.tif,लेश
Dataset/clean/003836.tif,Dataset/noisy/003836.tif,इस
Dataset/clean/003837.tif,Dataset/noisy/003837.tif,कारभ्यतद्विद्वांस
Dataset/clean/003838.tif,Dataset/noisy/003838.tif,ज्ञातिभा
Dataset/clean/003839.tif,Dataset/noisy/003839.tif,फळव
Dataset/clean/003840.tif,Dataset/noisy/003840.tif,ज्ञान
Dataset/clean/003841.tif,Dataset/noisy/003841.tif,वस्य
Dataset/clean/003842.tif,Dataset/noisy/003842.tif,ज्ञानेनस
Dataset/clean/003843.tif,Dataset/noisy/003843.tif,तमविज्ञातम
Dataset/clean/003844.tif,Dataset/noisy/003844.tif,स्माकं
Dataset/clean/003845.tif,Dataset/noisy/003845.tif,नो
Dataset/clean/003846.tif,Dataset/noisy/003846.tif,महाश्रोत्रियाः
Dataset/clean/003847.tif,Dataset/noisy/003847.tif,च
Dataset/clean/003848.tif,Dataset/noisy/003848.tif,चहरे
Dataset/clean/003849.tif,Dataset/noisy/003849.tif,तीति
Dataset/clean/003850.tif,Dataset/noisy/003850.tif,व
Dataset/clean/003851.tif,Dataset/noisy/003851.tif,एत
Dataset/clean/003852.tif,Dataset/noisy/003852.tif,॥
Dataset/clean/003853.tif,Dataset/noisy/003853.tif,परागत
Dataset/clean/003854.tif,Dataset/noisy/003854.tif,पर
Dataset/clean/003855.tif,Dataset/noisy/003855.tif,ज्ञानेन
Dataset/clean/003856.tif,Dataset/noisy/003856.tif,तेजसस्त
Dataset/clean/003857.tif,Dataset/noisy/003857.tif,महाशाला
Dataset/clean/003858.tif,Dataset/noisy/003858.tif,यडुरो
Dataset/clean/003859.tif,Dataset/noisy/003859.tif,।
Dataset/clean/003860.tif,Dataset/noisy/003860.tif,श्रुतिः
Dataset/clean/003861.tif,Dataset/noisy/003861.tif,तोनुवदति
Dataset/clean/003862.tif,Dataset/noisy/003862.tif,ज्ञानिष्य
Dataset/clean/003863.tif,Dataset/noisy/003863.tif,प्रमेय
Dataset/clean/003864.tif,Dataset/noisy/003864.tif,त्रोत
Dataset/clean/003865.tif,Dataset/noisy/003865.tif,दाहरिष्यति
Dataset/clean/003866.tif,Dataset/noisy/003866.tif,को
Dataset/clean/003867.tif,Dataset/noisy/003867.tif,स्तीतिवश्चन
Dataset/clean/003868.tif,Dataset/noisy/003868.tif,सचेतनानी
Dataset/clean/003869.tif,Dataset/noisy/003869.tif,तेजो
Dataset/clean/003870.tif,Dataset/noisy/003870.tif,च
Dataset/clean/003871.tif,Dataset/noisy/003871.tif,विदा
Dataset/clean/003872.tif,Dataset/noisy/003872.tif,खलु
Dataset/clean/003873.tif,Dataset/noisy/003873.tif,हितमिवलोहितमिवाभूदितिय
Dataset/clean/003874.tif,Dataset/noisy/003874.tif,रो
Dataset/clean/003875.tif,Dataset/noisy/003875.tif,।
Dataset/clean/003876.tif,Dataset/noisy/003876.tif,हितमिति
Dataset/clean/003877.tif,Dataset/noisy/003877.tif,विज्ञानेन
Dataset/clean/003878.tif,Dataset/noisy/003878.tif,प्रध्मन
Dataset/clean/003879.tif,Dataset/noisy/003879.tif,वै
Dataset/clean/003880.tif,Dataset/noisy/003880.tif,स्म
Dataset/clean/003881.tif,Dataset/noisy/003881.tif,ज्ञान
Dataset/clean/003882.tif,Dataset/noisy/003882.tif,जनिमत्।
Dataset/clean/003883.tif,Dataset/noisy/003883.tif,णिरूपा
Dataset/clean/003884.tif,Dataset/noisy/003884.tif,विघुत्व
Dataset/clean/003885.tif,Dataset/noisy/003885.tif,वा
Dataset/clean/003886.tif,Dataset/noisy/003886.tif,चारव्त
Dataset/clean/003887.tif,Dataset/noisy/003887.tif,पागाद्विद्युतो
Dataset/clean/003888.tif,Dataset/noisy/003888.tif,यह्त
Dataset/clean/003889.tif,Dataset/noisy/003889.tif,ष्त
Dataset/clean/003890.tif,Dataset/noisy/003890.tif,तदन्नस्या
Dataset/clean/003891.tif,Dataset/noisy/003891.tif,डूपय
Dataset/clean/003892.tif,Dataset/noisy/003892.tif,छुकॢ
Dataset/clean/003893.tif,Dataset/noisy/003893.tif,तेजसस्त
Dataset/clean/003894.tif,Dataset/noisy/003894.tif,पीयत् व्लष्त् तदन्नस्य
Dataset/clean/003895.tif,Dataset/noisy/003895.tif,द्रा
Dataset/clean/003896.tif,Dataset/noisy/003896.tif,ततूम
Dataset/clean/003897.tif,Dataset/noisy/003897.tif,सो
Dataset/clean/003898.tif,Dataset/noisy/003898.tif,धेयंत्रिपी
Dataset/clean/003899.tif,Dataset/noisy/003899.tif,त्येवस
Dataset/clean/003900.tif,Dataset/noisy/003900.tif,॥
Dataset/clean/003901.tif,Dataset/noisy/003901.tif,लोॢहितं
Dataset/clean/003902.tif,Dataset/noisy/003902.tif,ततूते
Dataset/clean/003903.tif,Dataset/noisy/003903.tif,त्यंयद्दिघुताे
Dataset/clean/003904.tif,Dataset/noisy/003904.tif,त्वंवा
Dataset/clean/003905.tif,Dataset/noisy/003905.tif,चारं
Dataset/clean/003906.tif,Dataset/noisy/003906.tif,क्षपीविकारो
Dataset/clean/003907.tif,Dataset/noisy/003907.tif,दादित्त्य
Dataset/clean/003908.tif,Dataset/noisy/003908.tif,त्रीणि
Dataset/clean/003909.tif,Dataset/noisy/003909.tif,रुपापीत्त्ये
Dataset/clean/003910.tif,Dataset/noisy/003910.tif,वसत्यंयदा
Dataset/clean/003911.tif,Dataset/noisy/003911.tif,दित्त्य.स्यरो
Dataset/clean/003912.tif,Dataset/noisy/003912.tif,पिक्ति
Dataset/clean/003913.tif,Dataset/noisy/003913.tif,त्येवस
Dataset/clean/003914.tif,Dataset/noisy/003914.tif,तदभ​स्या
Dataset/clean/003915.tif,Dataset/noisy/003915.tif,द्योतकः
Dataset/clean/003916.tif,Dataset/noisy/003916.tif,।
Dataset/clean/003917.tif,Dataset/noisy/003917.tif,समासइतिसंक्षेप
Dataset/clean/003918.tif,Dataset/noisy/003918.tif,श्रीप्रापा
Dataset/clean/003919.tif,Dataset/noisy/003919.tif,।
Dataset/clean/003920.tif,Dataset/noisy/003920.tif,इमा
Dataset/clean/003921.tif,Dataset/noisy/003921.tif,।
Dataset/clean/003922.tif,Dataset/noisy/003922.tif,सीतेजा
Dataset/clean/003923.tif,Dataset/noisy/003923.tif,बन्नदेवतानां
Dataset/clean/003924.tif,Dataset/noisy/003924.tif,शिवाख्या
Dataset/clean/003925.tif,Dataset/noisy/003925.tif,स्ति
Dataset/clean/003926.tif,Dataset/noisy/003926.tif,खोदे
Dataset/clean/003927.tif,Dataset/noisy/003927.tif,खलु
Dataset/clean/003928.tif,Dataset/noisy/003928.tif,रो
Dataset/clean/003929.tif,Dataset/noisy/003929.tif,दादित्यस्या᳛
Dataset/clean/003930.tif,Dataset/noisy/003930.tif,पीविका
Dataset/clean/003931.tif,Dataset/noisy/003931.tif,।
Dataset/clean/003932.tif,Dataset/noisy/003932.tif,इ
Dataset/clean/003933.tif,Dataset/noisy/003933.tif,पुरुषजी
Dataset/clean/003934.tif,Dataset/noisy/003934.tif,चकुरित्यर्थः
Dataset/clean/003935.tif,Dataset/noisy/003935.tif,तरेया
Dataset/clean/003936.tif,Dataset/noisy/003936.tif,ज्ञापयितुं
Dataset/clean/003937.tif,Dataset/noisy/003937.tif,व
Dataset/clean/003938.tif,Dataset/noisy/003938.tif,ता
Dataset/clean/003939.tif,Dataset/noisy/003939.tif,.
Dataset/clean/003940.tif,Dataset/noisy/003940.tif,यदग्ने
Dataset/clean/003941.tif,Dataset/noisy/003941.tif,रोहितं
Dataset/clean/003942.tif,Dataset/noisy/003942.tif,यत्क
Dataset/clean/003943.tif,Dataset/noisy/003943.tif,त
Dataset/clean/003944.tif,Dataset/noisy/003944.tif,भे
Dataset/clean/003945.tif,Dataset/noisy/003945.tif,इत्त्य
Dataset/clean/003946.tif,Dataset/noisy/003946.tif,तआह॥
Dataset/clean/003947.tif,Dataset/noisy/003947.tif,नास्प्त
Dataset/clean/003948.tif,Dataset/noisy/003948.tif,कैका
Dataset/clean/003949.tif,Dataset/noisy/003949.tif,तेजोदेव्यधीनं
Dataset/clean/003950.tif,Dataset/noisy/003950.tif,ज्ञातमिव
Dataset/clean/003951.tif,Dataset/noisy/003951.tif,ते
Dataset/clean/003952.tif,Dataset/noisy/003952.tif,एथिव्यादेस्ते
Dataset/clean/003953.tif,Dataset/noisy/003953.tif,चक्रुर्य
Dataset/clean/003954.tif,Dataset/noisy/003954.tif,४
Dataset/clean/003955.tif,Dataset/noisy/003955.tif,॥
Dataset/clean/003956.tif,Dataset/noisy/003956.tif,सामेव
Dataset/clean/003957.tif,Dataset/noisy/003957.tif,तन्मे
Dataset/clean/003958.tif,Dataset/noisy/003958.tif,दिसर्वजग
Dataset/clean/003959.tif,Dataset/noisy/003959.tif,सर्वविज्ञानप्रक
Dataset/clean/003960.tif,Dataset/noisy/003960.tif,कर्मदेवता
Dataset/clean/003961.tif,Dataset/noisy/003961.tif,त्यादिप्रमेयवि
Dataset/clean/003962.tif,Dataset/noisy/003962.tif,अन्यत्र
Dataset/clean/003963.tif,Dataset/noisy/003963.tif,मुख्य
Dataset/clean/003964.tif,Dataset/noisy/003964.tif,सदग्नौ
Dataset/clean/003965.tif,Dataset/noisy/003965.tif,तोअमुख्य
Dataset/clean/003966.tif,Dataset/noisy/003966.tif,।
Dataset/clean/003967.tif,Dataset/noisy/003967.tif,तर्हि
Dataset/clean/003968.tif,Dataset/noisy/003968.tif,मुख्यमित्यत
Dataset/clean/003969.tif,Dataset/noisy/003969.tif,आह
Dataset/clean/003970.tif,Dataset/noisy/003970.tif,मुख्य
Dataset/clean/003971.tif,Dataset/noisy/003971.tif,वा
Dataset/clean/003972.tif,Dataset/noisy/003972.tif,।
Dataset/clean/003973.tif,Dataset/noisy/003973.tif,एवमादि
Dataset/clean/003974.tif,Dataset/noisy/003974.tif,यस्यापि
Dataset/clean/003975.tif,Dataset/noisy/003975.tif,व्याख्या
Dataset/clean/003976.tif,Dataset/noisy/003976.tif,तन्नामधेयविकारः
Dataset/clean/003977.tif,Dataset/noisy/003977.tif,।
Dataset/clean/003978.tif,Dataset/noisy/003978.tif,प्रमीति
Dataset/clean/003979.tif,Dataset/noisy/003979.tif,तेजोबन्ना
Dataset/clean/003980.tif,Dataset/noisy/003980.tif,ख्यानि
Dataset/clean/003981.tif,Dataset/noisy/003981.tif,यानि
Dataset/clean/003982.tif,Dataset/noisy/003982.tif,रोहि
Dataset/clean/003983.tif,Dataset/noisy/003983.tif,नाम
Dataset/clean/003984.tif,Dataset/noisy/003984.tif,तं
Dataset/clean/003985.tif,Dataset/noisy/003985.tif,तदपां
Dataset/clean/003986.tif,Dataset/noisy/003986.tif,ते
Dataset/clean/003987.tif,Dataset/noisy/003987.tif,रूपं
Dataset/clean/003988.tif,Dataset/noisy/003988.tif,दस्यो
Dataset/clean/003989.tif,Dataset/noisy/003989.tif,पागा
Dataset/clean/003990.tif,Dataset/noisy/003990.tif,पाणी
Dataset/clean/003991.tif,Dataset/noisy/003991.tif,वा
Dataset/clean/003992.tif,Dataset/noisy/003992.tif,चार
Dataset/clean/003993.tif,Dataset/noisy/003993.tif,रूपाणी
Dataset/clean/003994.tif,Dataset/noisy/003994.tif,पावि
Dataset/clean/003995.tif,Dataset/noisy/003995.tif,कारो
Dataset/clean/003996.tif,Dataset/noisy/003996.tif,पागा
Dataset/clean/003997.tif,Dataset/noisy/003997.tif,तेजस
Dataset/clean/003998.tif,Dataset/noisy/003998.tif,चा
Dataset/clean/003999.tif,Dataset/noisy/003999.tif,यद्ग्ने
Dataset/clean/004000.tif,Dataset/noisy/004000.tif,नाम
Dataset/clean/004001.tif,Dataset/noisy/004001.tif,।
Dataset/clean/004002.tif,Dataset/noisy/004002.tif,यस्याग्निना
Dataset/clean/004003.tif,Dataset/noisy/004003.tif,वा
Dataset/clean/004004.tif,Dataset/noisy/004004.tif,वा
Dataset/clean/004005.tif,Dataset/noisy/004005.tif,न्या
Dataset/clean/004006.tif,Dataset/noisy/004006.tif,रूप
Dataset/clean/004007.tif,Dataset/noisy/004007.tif,मे
Dataset/clean/004008.tif,Dataset/noisy/004008.tif,तदग्नेः
Dataset/clean/004009.tif,Dataset/noisy/004009.tif,सकाशा
Dataset/clean/004010.tif,Dataset/noisy/004010.tif,तत्ते
Dataset/clean/004011.tif,Dataset/noisy/004011.tif,जो
Dataset/clean/004012.tif,Dataset/noisy/004012.tif,वा
Dataset/clean/004013.tif,Dataset/noisy/004013.tif,वा
Dataset/clean/004014.tif,Dataset/noisy/004014.tif,चेति
Dataset/clean/004015.tif,Dataset/noisy/004015.tif,अग्नेर्य
Dataset/clean/004016.tif,Dataset/noisy/004016.tif,ते
Dataset/clean/004017.tif,Dataset/noisy/004017.tif,जोरूप
Dataset/clean/004018.tif,Dataset/noisy/004018.tif,तो
Dataset/clean/004019.tif,Dataset/noisy/004019.tif,ग्निनामापि
Dataset/clean/004020.tif,Dataset/noisy/004020.tif,नास्तीत्यर्थः
Dataset/clean/004021.tif,Dataset/noisy/004021.tif,॥
Dataset/clean/004022.tif,Dataset/noisy/004022.tif,कुत
Dataset/clean/004023.tif,Dataset/noisy/004023.tif,प्रतिज्ञात
Dataset/clean/004024.tif,Dataset/noisy/004024.tif,माह
Dataset/clean/004025.tif,Dataset/noisy/004025.tif,।
Dataset/clean/004026.tif,Dataset/noisy/004026.tif,यदग्नेरिति
Dataset/clean/004027.tif,Dataset/noisy/004027.tif,पी
Dataset/clean/004028.tif,Dataset/noisy/004028.tif,व
Dataset/clean/004029.tif,Dataset/noisy/004029.tif,मुख्य
Dataset/clean/004030.tif,Dataset/noisy/004030.tif,तो
Dataset/clean/004031.tif,Dataset/noisy/004031.tif,धीन
Dataset/clean/004032.tif,Dataset/noisy/004032.tif,दिनान
Dataset/clean/004033.tif,Dataset/noisy/004033.tif,पगतमेभूत्
Dataset/clean/004034.tif,Dataset/noisy/004034.tif,।
Dataset/clean/004035.tif,Dataset/noisy/004035.tif,त्त्याह
Dataset/clean/004036.tif,Dataset/noisy/004036.tif,चे
Dataset/clean/004037.tif,Dataset/noisy/004037.tif,सर्वविज्ञानादिकमुपदेश​
Dataset/clean/004038.tif,Dataset/noisy/004038.tif,एकाव
Dataset/clean/004039.tif,Dataset/noisy/004039.tif,त्वेन
Dataset/clean/004040.tif,Dataset/noisy/004040.tif,.
Dataset/clean/004041.tif,Dataset/noisy/004041.tif,त्यर्थ.ख
Dataset/clean/004042.tif,Dataset/noisy/004042.tif,४॥
Dataset/clean/004043.tif,Dataset/noisy/004043.tif,अश्रूतवम
Dataset/clean/004044.tif,Dataset/noisy/004044.tif,पूर्वे
Dataset/clean/004045.tif,Dataset/noisy/004045.tif,र्जगत्कर्व्ट
Dataset/clean/004046.tif,Dataset/noisy/004046.tif,प्राध्मन्य
Dataset/clean/004047.tif,Dataset/noisy/004047.tif,तुज्ञातमिवभ
Dataset/clean/004048.tif,Dataset/noisy/004048.tif,प्यघनो
Dataset/clean/004049.tif,Dataset/noisy/004049.tif,र्ह
Dataset/clean/004050.tif,Dataset/noisy/004050.tif,नव्यवह्रष्यतीत्त्येतदाहु
Dataset/clean/004051.tif,Dataset/noisy/004051.tif,भगवत
Dataset/clean/004052.tif,Dataset/noisy/004052.tif,चक्रुर्यद्विज्ञातमिवाभूदित्त्येता
Dataset/clean/004053.tif,Dataset/noisy/004053.tif,तद्विदा
Dataset/clean/004054.tif,Dataset/noisy/004054.tif,स्य​रूपमिति
Dataset/clean/004055.tif,Dataset/noisy/004055.tif,त्त्यन्न
Dataset/clean/004056.tif,Dataset/noisy/004056.tif,विजानीहिीति॥खेड
Dataset/clean/004057.tif,Dataset/noisy/004057.tif,भ​वति
Dataset/clean/004058.tif,Dataset/noisy/004058.tif,प्राप्यत्रिवृत्रियवृदे
Dataset/clean/004059.tif,Dataset/noisy/004059.tif,पुरुषं
Dataset/clean/004060.tif,Dataset/noisy/004060.tif,न्घोदेवताः
Dataset/clean/004061.tif,Dataset/noisy/004061.tif,देवतानी
Dataset/clean/004062.tif,Dataset/noisy/004062.tif,समासइतितद्विदां
Dataset/clean/004063.tif,Dataset/noisy/004063.tif,पसभूत।
Dataset/clean/004064.tif,Dataset/noisy/004064.tif,तितद्विदा
Dataset/clean/004065.tif,Dataset/noisy/004065.tif,व्रे
Dataset/clean/004066.tif,Dataset/noisy/004066.tif,॥
Dataset/clean/004067.tif,Dataset/noisy/004067.tif,यदुकॢश्रुेमित्यादिवाक्यद्व​यमप्येव
Dataset/clean/004068.tif,Dataset/noisy/004068.tif,अवि
Dataset/clean/004069.tif,Dataset/noisy/004069.tif,त्
Dataset/clean/004070.tif,Dataset/noisy/004070.tif,ध्येय
Dataset/clean/004071.tif,Dataset/noisy/004071.tif,यदुय
Dataset/clean/004072.tif,Dataset/noisy/004072.tif,इवशब्दोऽमुख्यव्र​
Dataset/clean/004073.tif,Dataset/noisy/004073.tif,टमविज्ञातमिवाभूत् तदप्येता
Dataset/clean/004074.tif,Dataset/noisy/004074.tif,त्रुरित्य
Dataset/clean/004075.tif,Dataset/noisy/004075.tif,समुदायइतितद्विदांच
Dataset/clean/004076.tif,Dataset/noisy/004076.tif,पूर्वेअंन्येविदाचक्रु
Dataset/clean/004077.tif,Dataset/noisy/004077.tif,र्ज्ञानप्रकार
Dataset/clean/004078.tif,Dataset/noisy/004078.tif,रज्ञातवतःतै
Dataset/clean/004079.tif,Dataset/noisy/004079.tif,तेजसोरूप।
Dataset/clean/004080.tif,Dataset/noisy/004080.tif,अस्तितत्
Dataset/clean/004081.tif,Dataset/noisy/004081.tif,तूउ
Dataset/clean/004082.tif,Dataset/noisy/004082.tif,एकं
Dataset/clean/004083.tif,Dataset/noisy/004083.tif,तेजो
Dataset/clean/004084.tif,Dataset/noisy/004084.tif,वृेनस्फु
Dataset/clean/004085.tif,Dataset/noisy/004085.tif,एतद्व​स्मवैतद्विद्वां
Dataset/clean/004086.tif,Dataset/noisy/004086.tif,ऽ
Dataset/clean/004087.tif,Dataset/noisy/004087.tif,चारक्ष
Dataset/clean/004088.tif,Dataset/noisy/004088.tif,स्पेत्यादिवाक्यत्र
Dataset/clean/004089.tif,Dataset/noisy/004089.tif,त्त्य
Dataset/clean/004090.tif,Dataset/noisy/004090.tif,जआद्यात्त्म
Dataset/clean/004091.tif,Dataset/noisy/004091.tif,जप्रभत्यात्त्मक
Dataset/clean/004092.tif,Dataset/noisy/004092.tif,त्वंप्रकारां
Dataset/clean/004093.tif,Dataset/noisy/004093.tif,क
Dataset/clean/004094.tif,Dataset/noisy/004094.tif,खल्यि
Dataset/clean/004095.tif,Dataset/noisy/004095.tif,थानु
Dataset/clean/004096.tif,Dataset/noisy/004096.tif,प्रस्तावयतिप्य​
Dataset/clean/004097.tif,Dataset/noisy/004097.tif,त्त्यादिना
Dataset/clean/004098.tif,Dataset/noisy/004098.tif,त्री
Dataset/clean/004099.tif,Dataset/noisy/004099.tif,कुत्र​
Dataset/clean/004100.tif,Dataset/noisy/004100.tif,सित्धअ
Dataset/clean/004101.tif,Dataset/noisy/004101.tif,स्तस्यै।व
Dataset/clean/004102.tif,Dataset/noisy/004102.tif,त्वादित
Dataset/clean/004103.tif,Dataset/noisy/004103.tif,.
Dataset/clean/004104.tif,Dataset/noisy/004104.tif,र
Dataset/clean/004105.tif,Dataset/noisy/004105.tif,वशरी
Dataset/clean/004106.tif,Dataset/noisy/004106.tif,न्फवाचपिते
Dataset/clean/004107.tif,Dataset/noisy/004107.tif,बन्नसहिता
Dataset/clean/004108.tif,Dataset/noisy/004108.tif,तेजाे
Dataset/clean/004109.tif,Dataset/noisy/004109.tif,पूर्वे
Dataset/clean/004110.tif,Dataset/noisy/004110.tif,सआहुः
Dataset/clean/004111.tif,Dataset/noisy/004111.tif,नोघकश्च
Dataset/clean/004112.tif,Dataset/noisy/004112.tif,महाश्रोत्रियान
Dataset/clean/004113.tif,Dataset/noisy/004113.tif,त्धेभ्यो
Dataset/clean/004114.tif,Dataset/noisy/004114.tif,नाश्रूतममतमविज्ञातमुदाहरिष्यतीति
Dataset/clean/004115.tif,Dataset/noisy/004115.tif,चक्रुर्यदुव्लक्षमिवाभूदि
Dataset/clean/004116.tif,Dataset/noisy/004116.tif,तद्विदां
Dataset/clean/004117.tif,Dataset/noisy/004117.tif,क्रुर्यदुश्रुकॢमिवाभूदित्यपांऽरूपमिति
Dataset/clean/004118.tif,Dataset/noisy/004118.tif,डूवमितिविदीच
Dataset/clean/004119.tif,Dataset/noisy/004119.tif,केतिकत
Dataset/clean/004120.tif,Dataset/noisy/004120.tif,सी
Dataset/clean/004121.tif,Dataset/noisy/004121.tif,द्र​​स्मेति।तत् साहउस्य
Dataset/clean/004122.tif,Dataset/noisy/004122.tif,पृथिव्या:
Dataset/clean/004123.tif,Dataset/noisy/004123.tif,सर्थ:।न
Dataset/clean/004124.tif,Dataset/noisy/004124.tif,प्राणा
Dataset/clean/004125.tif,Dataset/noisy/004125.tif,महाशाल
Dataset/clean/004126.tif,Dataset/noisy/004126.tif,द्वेतुभ्यां
Dataset/clean/004127.tif,Dataset/noisy/004127.tif,ब्रह्मज्ञानेन:
Dataset/clean/004128.tif,Dataset/noisy/004128.tif,द्वा
Dataset/clean/004129.tif,Dataset/noisy/004129.tif,तो
Dataset/clean/004130.tif,Dataset/noisy/004130.tif,प्राच्सन्यरूप
Dataset/clean/004131.tif,Dataset/noisy/004131.tif,बन्नानां
Dataset/clean/004132.tif,Dataset/noisy/004132.tif,त्टर्व्टत्कर
Dataset/clean/004133.tif,Dataset/noisy/004133.tif,पाेने
Dataset/clean/004134.tif,Dataset/noisy/004134.tif,कत्त्टत्व
Dataset/clean/004135.tif,Dataset/noisy/004135.tif,ध्येया॰॥
Dataset/clean/004136.tif,Dataset/noisy/004136.tif,च्यमित्यर्थः
Dataset/clean/004137.tif,Dataset/noisy/004137.tif,सत्त्य
Dataset/clean/004138.tif,Dataset/noisy/004138.tif,श्रवम
Dataset/clean/004139.tif,Dataset/noisy/004139.tif,अब्रुप
Dataset/clean/004140.tif,Dataset/noisy/004140.tif,ब् दे
Dataset/clean/004141.tif,Dataset/noisy/004141.tif,व्रा
Dataset/clean/004142.tif,Dataset/noisy/004142.tif,त्याह
Dataset/clean/004143.tif,Dataset/noisy/004143.tif,अपागादिति॥अग्नेरग्निनाम्नो
Dataset/clean/004144.tif,Dataset/noisy/004144.tif,प्रव्टत्तिनिमित्त
Dataset/clean/004145.tif,Dataset/noisy/004145.tif,यदग्निव्र​मग्नि
Dataset/clean/004146.tif,Dataset/noisy/004146.tif,तूअपागाअ
Dataset/clean/004147.tif,Dataset/noisy/004147.tif,क्षणमुच्च
Dataset/clean/004148.tif,Dataset/noisy/004148.tif,नामधेय।त्री
Dataset/clean/004149.tif,Dataset/noisy/004149.tif,तेजसस्तडूप
Dataset/clean/004150.tif,Dataset/noisy/004150.tif,यछुकॢ
Dataset/clean/004151.tif,Dataset/noisy/004151.tif,तदपाय
Dataset/clean/004152.tif,Dataset/noisy/004152.tif,ह्तह्र
Dataset/clean/004153.tif,Dataset/noisy/004153.tif,यछुकॢंतदथा
Dataset/clean/004154.tif,Dataset/noisy/004154.tif,क्ष्
Dataset/clean/004155.tif,Dataset/noisy/004155.tif,मुख्य
Dataset/clean/004156.tif,Dataset/noisy/004156.tif,दग्नेरग्नित्व
Dataset/clean/004157.tif,Dataset/noisy/004157.tif,स
Dataset/clean/004158.tif,Dataset/noisy/004158.tif,ल्लष्तरूपं
Dataset/clean/004159.tif,Dataset/noisy/004159.tif,धीन
Dataset/clean/004160.tif,Dataset/noisy/004160.tif,तदन्नस्य
Dataset/clean/004161.tif,Dataset/noisy/004161.tif,श्रुकॢरूपं
Dataset/clean/004162.tif,Dataset/noisy/004162.tif,धीनचे
Dataset/clean/004163.tif,Dataset/noisy/004163.tif,रूपप्टथिवीदेवशि
Dataset/clean/004164.tif,Dataset/noisy/004164.tif,पीत्येवसत्त्य॥॰
Dataset/clean/004165.tif,Dataset/noisy/004165.tif,अहकारमोचनाय
Dataset/clean/004166.tif,Dataset/noisy/004166.tif,रूप
Dataset/clean/004167.tif,Dataset/noisy/004167.tif,स्तडूपयछुक्कतद
Dataset/clean/004168.tif,Dataset/noisy/004168.tif,नामधेय
Dataset/clean/004169.tif,Dataset/noisy/004169.tif,हितरूप
Dataset/clean/004170.tif,Dataset/noisy/004170.tif,तेजसस्तद्रूप
Dataset/clean/004171.tif,Dataset/noisy/004171.tif,अपागाच्च
Dataset/clean/004172.tif,Dataset/noisy/004172.tif,च्चद्रत्व
Dataset/clean/004173.tif,Dataset/noisy/004173.tif,समुद्भव
Dataset/clean/004174.tif,Dataset/noisy/004174.tif,देव्यधीन
Dataset/clean/004175.tif,Dataset/noisy/004175.tif,क्षपाविकारो
Dataset/clean/004176.tif,Dataset/noisy/004176.tif,जसोरूप
Dataset/clean/004177.tif,Dataset/noisy/004177.tif,त्त्ययच्चंद्र
Dataset/clean/004178.tif,Dataset/noisy/004178.tif,मसोरोहित
Dataset/clean/004179.tif,Dataset/noisy/004179.tif,रूप
Dataset/clean/004180.tif,Dataset/noisy/004180.tif,च्चारपा
Dataset/clean/004181.tif,Dataset/noisy/004181.tif,परिव्राजकाचार्यस्पश्रीमत्
Dataset/clean/004182.tif,Dataset/noisy/004182.tif,॥
Dataset/clean/004183.tif,Dataset/noisy/004183.tif,१७
Dataset/clean/004184.tif,Dataset/noisy/004184.tif,तरंचस्तो
Dataset/clean/004185.tif,Dataset/noisy/004185.tif,कफलमुपदिष्टमनं
Dataset/clean/004186.tif,Dataset/noisy/004186.tif,॥
Dataset/clean/004187.tif,Dataset/noisy/004187.tif,॥
Dataset/clean/004188.tif,Dataset/noisy/004188.tif,॥छांग॰॥
Dataset/clean/004189.tif,Dataset/noisy/004189.tif,॥कृउत्र:
Dataset/clean/004190.tif,Dataset/noisy/004190.tif,"॥डोमित्येतरत्तरमित्यादिसामावय
वविषयमुपासनमने"
Dataset/clean/004191.tif,Dataset/noisy/004191.tif,:
Dataset/clean/004192.tif,Dataset/noisy/004192.tif,नैनमुपागादित्येव
Dataset/clean/004193.tif,Dataset/noisy/004193.tif,नंसार्म
Dataset/clean/004194.tif,Dataset/noisy/004194.tif,साै।
Dataset/clean/004195.tif,Dataset/noisy/004195.tif,प्रात्प्पा
Dataset/clean/004196.tif,Dataset/noisy/004196.tif,शंका
Dataset/clean/004197.tif,Dataset/noisy/004197.tif,सइत्यभिप्रायः
Dataset/clean/004198.tif,Dataset/noisy/004198.tif,शोभनाभिप्रायेण
Dataset/clean/004199.tif,Dataset/noisy/004199.tif,साधुनै
Dataset/clean/004200.tif,Dataset/noisy/004200.tif,मुपागादित्येव
Dataset/clean/004201.tif,Dataset/noisy/004201.tif,त्राहु
Dataset/clean/004202.tif,Dataset/noisy/004202.tif,र्लौकिकाः
Dataset/clean/004203.tif,Dataset/noisy/004203.tif,व्य​साधुकार्य
Dataset/clean/004204.tif,Dataset/noisy/004204.tif,मपर्श्पते
Dataset/clean/004205.tif,Dataset/noisy/004205.tif,॥
Dataset/clean/004206.tif,Dataset/noisy/004206.tif,पुनर्विपर्ययोर्बधनाद्यसाधुकार्यप
Dataset/clean/004207.tif,Dataset/noisy/004207.tif,एनराजा
Dataset/clean/004208.tif,Dataset/noisy/004208.tif,साम्ता
Dataset/clean/004209.tif,Dataset/noisy/004209.tif,॥
Dataset/clean/004210.tif,Dataset/noisy/004210.tif,करर्णउताथाप्पा
Dataset/clean/004211.tif,Dataset/noisy/004211.tif,त्तत्रैवं
Dataset/clean/004212.tif,Dataset/noisy/004212.tif,कुशला।स्त
Dataset/clean/004213.tif,Dataset/noisy/004213.tif,त्तते
Dataset/clean/004214.tif,Dataset/noisy/004214.tif,मेत्याचं
Dataset/clean/004215.tif,Dataset/noisy/004215.tif,साधुविपरिर्त
Dataset/clean/004216.tif,Dataset/noisy/004216.tif,रवलु
Dataset/clean/004217.tif,Dataset/noisy/004217.tif,।य
Dataset/clean/004218.tif,Dataset/noisy/004218.tif,वाची
Dataset/clean/004219.tif,Dataset/noisy/004219.tif,स्पपांच
Dataset/clean/004220.tif,Dataset/noisy/004220.tif,।
Dataset/clean/004221.tif,Dataset/noisy/004221.tif,श्यंतित
Dataset/clean/004222.tif,Dataset/noisy/004222.tif,नमुपागादित्यसाधु
Dataset/clean/004223.tif,Dataset/noisy/004223.tif,तदाऊ:।
Dataset/clean/004224.tif,Dataset/noisy/004224.tif,अथोतापि
Dataset/clean/004225.tif,Dataset/noisy/004225.tif,चाऊ
Dataset/clean/004226.tif,Dataset/noisy/004226.tif,स्वसंवेद्यं
Dataset/clean/004227.tif,Dataset/noisy/004227.tif,सामनी।
Dataset/clean/004228.tif,Dataset/noisy/004228.tif,तं
Dataset/clean/004229.tif,Dataset/noisy/004229.tif,चोपा
Dataset/clean/004230.tif,Dataset/noisy/004230.tif,इति
Dataset/clean/004231.tif,Dataset/noisy/004231.tif,भक्ति
Dataset/clean/004232.tif,Dataset/noisy/004232.tif,भक्ति
Dataset/clean/004233.tif,Dataset/noisy/004233.tif,विशिष्ट
Dataset/clean/004234.tif,Dataset/noisy/004234.tif,।
Dataset/clean/004235.tif,Dataset/noisy/004235.tif,शिविषयमुपासनमुच्यत
Dataset/clean/004236.tif,Dataset/noisy/004236.tif,कदेशोपासनानंतरमे
Dataset/clean/004237.tif,Dataset/noisy/004237.tif,।
Dataset/clean/004238.tif,Dataset/noisy/004238.tif,साम
Dataset/clean/004239.tif,Dataset/noisy/004239.tif,समस्त
Dataset/clean/004240.tif,Dataset/noisy/004240.tif,गाडुपगतवान्॥को
Dataset/clean/004241.tif,Dataset/noisy/004241.tif,यतोऽसाधुत्व
Dataset/clean/004242.tif,Dataset/noisy/004242.tif,॥
Dataset/clean/004243.tif,Dataset/noisy/004243.tif,त
Dataset/clean/004244.tif,Dataset/noisy/004244.tif,तत्र
Dataset/clean/004245.tif,Dataset/noisy/004245.tif,बंधना
Dataset/clean/004246.tif,Dataset/noisy/004246.tif,यत्र
Dataset/clean/004247.tif,Dataset/noisy/004247.tif,॥
Dataset/clean/004248.tif,Dataset/noisy/004248.tif,त्रासाम्मै
Dataset/clean/004249.tif,Dataset/noisy/004249.tif,ह
Dataset/clean/004250.tif,Dataset/noisy/004250.tif,साध्वसाधुविवेक
Dataset/clean/004251.tif,Dataset/noisy/004251.tif,तदसा
Dataset/clean/004252.tif,Dataset/noisy/004252.tif,यद
Dataset/clean/004253.tif,Dataset/noisy/004253.tif,।
Dataset/clean/004254.tif,Dataset/noisy/004254.tif,त्याच
Dataset/clean/004255.tif,Dataset/noisy/004255.tif,सामे
Dataset/clean/004256.tif,Dataset/noisy/004256.tif,कथमवगम्यतइत्याह
Dataset/clean/004257.tif,Dataset/noisy/004257.tif,॥
Dataset/clean/004258.tif,Dataset/noisy/004258.tif,इत्युपसंहारा
Dataset/clean/004259.tif,Dataset/noisy/004259.tif,साधु
Dataset/clean/004260.tif,Dataset/noisy/004260.tif,।
Dataset/clean/004261.tif,Dataset/noisy/004261.tif,विद्यमान
Dataset/clean/004262.tif,Dataset/noisy/004262.tif,त्रा
Dataset/clean/004263.tif,Dataset/noisy/004263.tif,साम्न
Dataset/clean/004264.tif,Dataset/noisy/004264.tif,।
Dataset/clean/004265.tif,Dataset/noisy/004265.tif,निंदार्थत्व
Dataset/clean/004266.tif,Dataset/noisy/004266.tif,साधु
Dataset/clean/004267.tif,Dataset/noisy/004267.tif,प्रथमः।
Dataset/clean/004268.tif,Dataset/noisy/004268.tif,छांरौग्योपनिनिषद्विवरणे
Dataset/clean/004269.tif,Dataset/noisy/004269.tif,पादशिष्यस्पपरमहंस
Dataset/clean/004270.tif,Dataset/noisy/004270.tif,१७॥
Dataset/clean/004271.tif,Dataset/noisy/004271.tif,साधुत्वसमस्ते
Dataset/clean/004272.tif,Dataset/noisy/004272.tif,साम्न्यभिधीयते।न
Dataset/clean/004273.tif,Dataset/noisy/004273.tif,सामेत्युपास्त
Dataset/clean/004274.tif,Dataset/noisy/004274.tif,त्साधुशब्द:
Dataset/clean/004275.tif,Dataset/noisy/004275.tif,शोभन
Dataset/clean/004276.tif,Dataset/noisy/004276.tif,लोकेसाधुशोभनमनवद्यंप्रसिर्द्वत
Dataset/clean/004277.tif,Dataset/noisy/004277.tif,त्ततेकुशलाः
Dataset/clean/004278.tif,Dataset/noisy/004278.tif,शबुस्प॥ननुपूर्व
Dataset/clean/004279.tif,Dataset/noisy/004279.tif,समस्तेसान्निसाधुदृष्टिविधिपरत्वान्नपूर्वोक्तोपासन
Dataset/clean/004280.tif,Dataset/noisy/004280.tif,उपासर्नसाधु
Dataset/clean/004281.tif,Dataset/noisy/004281.tif,सामैकदेशसं
Dataset/clean/004282.tif,Dataset/noisy/004282.tif,बद्व​मेवत
Dataset/clean/004283.tif,Dataset/noisy/004283.tif,विषयाएपुपासनानिव
Dataset/clean/004284.tif,Dataset/noisy/004284.tif,त्पारम
Dataset/clean/004285.tif,Dataset/noisy/004285.tif,तेश्र्क्ततिः
Dataset/clean/004286.tif,Dataset/noisy/004286.tif,युर्क्तत्घे
Dataset/clean/004287.tif,Dataset/noisy/004287.tif,कदे
Dataset/clean/004288.tif,Dataset/noisy/004288.tif,सर्वावयच
Dataset/clean/004289.tif,Dataset/noisy/004289.tif,कस्पसाप्त
Dataset/clean/004290.tif,Dataset/noisy/004290.tif,कस्पचेत्पर्थ:
Dataset/clean/004291.tif,Dataset/noisy/004291.tif,खल्विति
Dataset/clean/004292.tif,Dataset/noisy/004292.tif,दित्पयेदानी
Dataset/clean/004293.tif,Dataset/noisy/004293.tif,समस्ते
Dataset/clean/004294.tif,Dataset/noisy/004294.tif,त्त्पामी
Dataset/clean/004295.tif,Dataset/noisy/004295.tif,वाक्यार्लकारार्थ
Dataset/clean/004296.tif,Dataset/noisy/004296.tif,॥
Dataset/clean/004297.tif,Dataset/noisy/004297.tif,सर्वयापि
Dataset/clean/004298.tif,Dataset/noisy/004298.tif,समस्तस्प
Dataset/clean/004299.tif,Dataset/noisy/004299.tif,सम्ति
Dataset/clean/004300.tif,Dataset/noisy/004300.tif,भात्तरविषयमुपासनमुक्तं
Dataset/clean/004301.tif,Dataset/noisy/004301.tif,॥
Dataset/clean/004302.tif,Dataset/noisy/004302.tif,प्रपावकः
Dataset/clean/004303.tif,Dataset/noisy/004303.tif,कृतौ
Dataset/clean/004304.tif,Dataset/noisy/004304.tif,शंकरभगवतः
Dataset/clean/004305.tif,Dataset/noisy/004305.tif,दिसर्व
Dataset/clean/004306.tif,Dataset/noisy/004306.tif,विर्भूतं
Dataset/clean/004307.tif,Dataset/noisy/004307.tif,दर्शनश्रवणम
Dataset/clean/004308.tif,Dataset/noisy/004308.tif,नुपलभमान
Dataset/clean/004309.tif,Dataset/noisy/004309.tif,ब्दा
Dataset/clean/004310.tif,Dataset/noisy/004310.tif,गाद्युपाधिभिः
Dataset/clean/004311.tif,Dataset/noisy/004311.tif,तल्लक्षमुच्यते
Dataset/clean/004312.tif,Dataset/noisy/004312.tif,ब्रह्म
Dataset/clean/004313.tif,Dataset/noisy/004313.tif,महत्सर्व
Dataset/clean/004314.tif,Dataset/noisy/004314.tif,वा
Dataset/clean/004315.tif,Dataset/noisy/004315.tif,आविः
Dataset/clean/004316.tif,Dataset/noisy/004316.tif,ह्यात्मा
Dataset/clean/004317.tif,Dataset/noisy/004317.tif,विद्धि
Dataset/clean/004318.tif,Dataset/noisy/004318.tif,म्य
Dataset/clean/004319.tif,Dataset/noisy/004319.tif,देवाक्षरं
Dataset/clean/004320.tif,Dataset/noisy/004320.tif,चेतसा
Dataset/clean/004321.tif,Dataset/noisy/004321.tif,तद्भागवतेन
Dataset/clean/004322.tif,Dataset/noisy/004322.tif,संधयित
Dataset/clean/004323.tif,Dataset/noisy/004323.tif,पवााशंसंन्निहितं
Dataset/clean/004324.tif,Dataset/noisy/004324.tif,शंशे
Dataset/clean/004325.tif,Dataset/noisy/004325.tif,प्रणवोधनुः
Dataset/clean/004326.tif,Dataset/noisy/004326.tif,सो
Dataset/clean/004327.tif,Dataset/noisy/004327.tif,लक्ष्यंत
Dataset/clean/004328.tif,Dataset/noisy/004328.tif,त्वात्
Dataset/clean/004329.tif,Dataset/noisy/004329.tif,दर्शनश्रवणादिप्रकारै
Dataset/clean/004330.tif,Dataset/noisy/004330.tif,३२
Dataset/clean/004331.tif,Dataset/noisy/004331.tif,मु.मा
Dataset/clean/004332.tif,Dataset/noisy/004332.tif,तिरे
Dataset/clean/004333.tif,Dataset/noisy/004333.tif,स्त
Dataset/clean/004334.tif,Dataset/noisy/004334.tif,यो
Dataset/clean/004335.tif,Dataset/noisy/004335.tif,रूक्ष्म
Dataset/clean/004336.tif,Dataset/noisy/004336.tif,स्थूल
Dataset/clean/004337.tif,Dataset/noisy/004337.tif,सदस
Dataset/clean/004338.tif,Dataset/noisy/004338.tif,शिष्याअव
Dataset/clean/004339.tif,Dataset/noisy/004339.tif,थहे
Dataset/clean/004340.tif,Dataset/noisy/004340.tif,जान
Dataset/clean/004341.tif,Dataset/noisy/004341.tif,॥
Dataset/clean/004342.tif,Dataset/noisy/004342.tif,स
Dataset/clean/004343.tif,Dataset/noisy/004343.tif,ब्रह्मणि
Dataset/clean/004344.tif,Dataset/noisy/004344.tif,व
Dataset/clean/004345.tif,Dataset/noisy/004345.tif,षादिक्रिया
Dataset/clean/004346.tif,Dataset/noisy/004346.tif,परं
Dataset/clean/004347.tif,Dataset/noisy/004347.tif,व्यतिरिक्तं
Dataset/clean/004348.tif,Dataset/noisy/004348.tif,यं
Dataset/clean/004349.tif,Dataset/noisy/004349.tif,नित्यत्वात्प्रार्थनी
Dataset/clean/004350.tif,Dataset/noisy/004350.tif,सर्वस्य
Dataset/clean/004351.tif,Dataset/noisy/004351.tif,हि
Dataset/clean/004352.tif,Dataset/noisy/004352.tif,तदेव
Dataset/clean/004353.tif,Dataset/noisy/004353.tif,वरणीयं
Dataset/clean/004354.tif,Dataset/noisy/004354.tif,वरेण्ये
Dataset/clean/004355.tif,Dataset/noisy/004355.tif,वातू
Dataset/clean/004356.tif,Dataset/noisy/004356.tif,णाभा
Dataset/clean/004357.tif,Dataset/noisy/004357.tif,के
Dataset/clean/004358.tif,Dataset/noisy/004358.tif,अप्रमत्तेनवेद्यव्यं
Dataset/clean/004359.tif,Dataset/noisy/004359.tif,भ्यायम्य
Dataset/clean/004360.tif,Dataset/noisy/004360.tif,॥
Dataset/clean/004361.tif,Dataset/noisy/004361.tif,सानिशितं
Dataset/clean/004362.tif,Dataset/noisy/004362.tif,व्द्य
Dataset/clean/004363.tif,Dataset/noisy/004363.tif,सदसतोर्मूर्त्तामूर्त्तयोः
Dataset/clean/004364.tif,Dataset/noisy/004364.tif,त्स्वरूपं
Dataset/clean/004365.tif,Dataset/noisy/004365.tif,सर्व
Dataset/clean/004366.tif,Dataset/noisy/004366.tif,एतद्यदास्पदं
Dataset/clean/004367.tif,Dataset/noisy/004367.tif,मर्पितं
Dataset/clean/004368.tif,Dataset/noisy/004368.tif,गछथत​दात्मभूतंभवतां
Dataset/clean/004369.tif,Dataset/noisy/004369.tif,शब्दात्समस्तमेतदत्रैव
Dataset/clean/004370.tif,Dataset/noisy/004370.tif,घच्चनिमिषच्च
Dataset/clean/004371.tif,Dataset/noisy/004371.tif,निभे
Dataset/clean/004372.tif,Dataset/noisy/004372.tif,च्चयं
Dataset/clean/004373.tif,Dataset/noisy/004373.tif,प्राणतीति
Dataset/clean/004374.tif,Dataset/noisy/004374.tif,सक्ष्यादिप्राणनू
Dataset/clean/004375.tif,Dataset/noisy/004375.tif,च्चल
Dataset/clean/004376.tif,Dataset/noisy/004376.tif,त्रास्मिन्ब्रह्मण्येतत्संर्वसमर्पितंसं
Dataset/clean/004377.tif,Dataset/noisy/004377.tif,प्रवेशितंरथनाभावि
Dataset/clean/004378.tif,Dataset/noisy/004378.tif,हत्पद
Dataset/clean/004379.tif,Dataset/noisy/004379.tif,पदार्थास्यद
Dataset/clean/004380.tif,Dataset/noisy/004380.tif,॥
Dataset/clean/004381.tif,Dataset/noisy/004381.tif,द्र​दयेत
Dataset/clean/004382.tif,Dataset/noisy/004382.tif,द्र​
Dataset/clean/004383.tif,Dataset/noisy/004383.tif,सल्लक्ष्यते
Dataset/clean/004384.tif,Dataset/noisy/004384.tif,वद्भासते
Dataset/clean/004385.tif,Dataset/noisy/004385.tif,श्रुत्यंतरात्य
Dataset/clean/004386.tif,Dataset/noisy/004386.tif,ज्वन्ह
Dataset/clean/004387.tif,Dataset/noisy/004387.tif,महत्वात् प
Dataset/clean/004388.tif,Dataset/noisy/004388.tif,प्रख्यातं
Dataset/clean/004389.tif,Dataset/noisy/004389.tif,र्गुहा
Dataset/clean/004390.tif,Dataset/noisy/004390.tif,दिनद्रु
Dataset/clean/004391.tif,Dataset/noisy/004391.tif,द्र​
Dataset/clean/004392.tif,Dataset/noisy/004392.tif,स्छितं
Dataset/clean/004393.tif,Dataset/noisy/004393.tif,सम्यक्
Dataset/clean/004394.tif,Dataset/noisy/004394.tif,र्वह्म
Dataset/clean/004395.tif,Dataset/noisy/004395.tif,त्राम
Dataset/clean/004396.tif,Dataset/noisy/004396.tif,विज्ञानाद्युपाधिधर्मैरा
Dataset/clean/004397.tif,Dataset/noisy/004397.tif,दी
Dataset/clean/004398.tif,Dataset/noisy/004398.tif,पश्वादिनिमिष
Dataset/clean/004399.tif,Dataset/noisy/004399.tif,मनुष्य
Dataset/clean/004400.tif,Dataset/noisy/004400.tif,प्राणापानादिमत्
Dataset/clean/004401.tif,Dataset/noisy/004401.tif,एज
Dataset/clean/004402.tif,Dataset/noisy/004402.tif,वारा
Dataset/clean/004403.tif,Dataset/noisy/004403.tif,मित्युच्यते
Dataset/clean/004404.tif,Dataset/noisy/004404.tif,तन्म
Dataset/clean/004405.tif,Dataset/noisy/004405.tif,कथं
Dataset/clean/004406.tif,Dataset/noisy/004406.tif,दं
Dataset/clean/004407.tif,Dataset/noisy/004407.tif,यतो
Dataset/clean/004408.tif,Dataset/noisy/004408.tif,सर्व
Dataset/clean/004409.tif,Dataset/noisy/004409.tif,सर्वेणेति
Dataset/clean/004410.tif,Dataset/noisy/004410.tif,ते
Dataset/clean/004411.tif,Dataset/noisy/004411.tif,पद्य
Dataset/clean/004412.tif,Dataset/noisy/004412.tif,गुहायाचरतीति
Dataset/clean/004413.tif,Dataset/noisy/004413.tif,निहितं
Dataset/clean/004414.tif,Dataset/noisy/004414.tif,रान्
Dataset/clean/004415.tif,Dataset/noisy/004415.tif,दावि
Dataset/clean/004416.tif,Dataset/noisy/004416.tif,नन
Dataset/clean/004417.tif,Dataset/noisy/004417.tif,मिश्राजतीति
Dataset/clean/004418.tif,Dataset/noisy/004418.tif,भवेत्
Dataset/clean/004419.tif,Dataset/noisy/004419.tif,शरवत्तन्मयो
Dataset/clean/004420.tif,Dataset/noisy/004420.tif,महत्सर्व
Dataset/clean/004421.tif,Dataset/noisy/004421.tif,चरमिति
Dataset/clean/004422.tif,Dataset/noisy/004422.tif,हाचरं
Dataset/clean/004423.tif,Dataset/noisy/004423.tif,प्राणिनां
Dataset/clean/004424.tif,Dataset/noisy/004424.tif,प्रतिजानी
Dataset/clean/004425.tif,Dataset/noisy/004425.tif,जातमेव
Dataset/clean/004426.tif,Dataset/noisy/004426.tif,जात
Dataset/clean/004427.tif,Dataset/noisy/004427.tif,॥श्री
Dataset/clean/004428.tif,Dataset/noisy/004428.tif,गणेशाय
Dataset/clean/004429.tif,Dataset/noisy/004429.tif,नमः
Dataset/clean/004430.tif,Dataset/noisy/004430.tif,तराम्
Dataset/clean/004431.tif,Dataset/noisy/004431.tif,सिंधुरास्यं
Dataset/clean/004432.tif,Dataset/noisy/004432.tif,श्री
Dataset/clean/004433.tif,Dataset/noisy/004433.tif,त
Dataset/clean/004434.tif,Dataset/noisy/004434.tif,हत्या
Dataset/clean/004435.tif,Dataset/noisy/004435.tif,च
Dataset/clean/004436.tif,Dataset/noisy/004436.tif,वाशी
Dataset/clean/004437.tif,Dataset/noisy/004437.tif,श्री
Dataset/clean/004438.tif,Dataset/noisy/004438.tif,गुरुभ्यो
Dataset/clean/004439.tif,Dataset/noisy/004439.tif,नमः
Dataset/clean/004440.tif,Dataset/noisy/004440.tif,॥
Dataset/clean/004441.tif,Dataset/noisy/004441.tif,श्रीसरस्वत्यै
Dataset/clean/004442.tif,Dataset/noisy/004442.tif,नमः
Dataset/clean/004443.tif,Dataset/noisy/004443.tif,वंदितङ्कार्य
Dataset/clean/004444.tif,Dataset/noisy/004444.tif,नत्वा
Dataset/clean/004445.tif,Dataset/noisy/004445.tif,खगपती
Dataset/clean/004446.tif,Dataset/noisy/004446.tif,विज्ञानेश्वरि
Dataset/clean/004447.tif,Dataset/noisy/004447.tif,विशद
Dataset/clean/004448.tif,Dataset/noisy/004448.tif,तरपद
Dataset/clean/004449.tif,Dataset/noisy/004449.tif,व्याख्यया
Dataset/clean/004450.tif,Dataset/noisy/004450.tif,सो
Dataset/clean/004451.tif,Dataset/noisy/004451.tif,पप
Dataset/clean/004452.tif,Dataset/noisy/004452.tif,मा
Dataset/clean/004453.tif,Dataset/noisy/004453.tif,नु
Dataset/clean/004454.tif,Dataset/noisy/004454.tif,सुगमतरां
Dataset/clean/004455.tif,Dataset/noisy/004455.tif,बाल
Dataset/clean/004456.tif,Dataset/noisy/004456.tif,प्रारी
Dataset/clean/004457.tif,Dataset/noisy/004457.tif,समालये
Dataset/clean/004458.tif,Dataset/noisy/004458.tif,आचरित
Dataset/clean/004459.tif,Dataset/noisy/004459.tif,तिल
Dataset/clean/004460.tif,Dataset/noisy/004460.tif,रावी
Dataset/clean/004461.tif,Dataset/noisy/004461.tif,या
Dataset/clean/004462.tif,Dataset/noisy/004462.tif,श्री
Dataset/clean/004463.tif,Dataset/noisy/004463.tif,संबोध
Dataset/clean/004464.tif,Dataset/noisy/004464.tif,॥७
Dataset/clean/004465.tif,Dataset/noisy/004465.tif,॥
Dataset/clean/004466.tif,Dataset/noisy/004466.tif,शिष्य
Dataset/clean/004467.tif,Dataset/noisy/004467.tif,शिक्षा
Dataset/clean/004468.tif,Dataset/noisy/004468.tif,जातक
Dataset/clean/004469.tif,Dataset/noisy/004469.tif,कुर्व
Dataset/clean/004470.tif,Dataset/noisy/004470.tif,इत्यन्वयः
Dataset/clean/004471.tif,Dataset/noisy/004471.tif,दर्शयन्
Dataset/clean/004472.tif,Dataset/noisy/004472.tif,न
Dataset/clean/004473.tif,Dataset/noisy/004473.tif,तु
Dataset/clean/004474.tif,Dataset/noisy/004474.tif,ते
Dataset/clean/004475.tif,Dataset/noisy/004475.tif,त
Dataset/clean/004476.tif,Dataset/noisy/004476.tif,च
Dataset/clean/004477.tif,Dataset/noisy/004477.tif,लघुजा
Dataset/clean/004478.tif,Dataset/noisy/004478.tif,व्यंजय
Dataset/clean/004479.tif,Dataset/noisy/004479.tif,तिशास्त्रमेतत्तम
Dataset/clean/004480.tif,Dataset/noisy/004480.tif,सिद्रव्याणिदी
Dataset/clean/004481.tif,Dataset/noisy/004481.tif,नत्वेति
Dataset/clean/004482.tif,Dataset/noisy/004482.tif,अण
Dataset/clean/004483.tif,Dataset/noisy/004483.tif,फल
Dataset/clean/004484.tif,Dataset/noisy/004484.tif,बोधकं
Dataset/clean/004485.tif,Dataset/noisy/004485.tif,लक्ष्य
Dataset/clean/004486.tif,Dataset/noisy/004486.tif,ते
Dataset/clean/004487.tif,Dataset/noisy/004487.tif,॥
Dataset/clean/004488.tif,Dataset/noisy/004488.tif,उक्तं
Dataset/clean/004489.tif,Dataset/noisy/004489.tif,रात्र
Dataset/clean/004490.tif,Dataset/noisy/004490.tif,विकल्प
Dataset/clean/004491.tif,Dataset/noisy/004491.tif,॥
Dataset/clean/004492.tif,Dataset/noisy/004492.tif,वेति
Dataset/clean/004493.tif,Dataset/noisy/004493.tif,॥
Dataset/clean/004494.tif,Dataset/noisy/004494.tif,तथा
Dataset/clean/004495.tif,Dataset/noisy/004495.tif,के
Dataset/clean/004496.tif,Dataset/noisy/004496.tif,तू
Dataset/clean/004497.tif,Dataset/noisy/004497.tif,ते
Dataset/clean/004498.tif,Dataset/noisy/004498.tif,सदसत्कर्मजन्य
Dataset/clean/004499.tif,Dataset/noisy/004499.tif,शुभाशुभ
Dataset/clean/004500.tif,Dataset/noisy/004500.tif,के
Dataset/clean/004501.tif,Dataset/noisy/004501.tif,यदुपचितमन्यजन्मनि
Dataset/clean/004502.tif,Dataset/noisy/004502.tif,शुभाशुभं
Dataset/clean/004503.tif,Dataset/noisy/004503.tif,तस्य
Dataset/clean/004504.tif,Dataset/noisy/004504.tif,कर्मणः
Dataset/clean/004505.tif,Dataset/noisy/004505.tif,के
Dataset/clean/004506.tif,Dataset/noisy/004506.tif,पूर्वापर
Dataset/clean/004507.tif,Dataset/noisy/004507.tif,वर्ण
Dataset/clean/004508.tif,Dataset/noisy/004508.tif,लोपा
Dataset/clean/004509.tif,Dataset/noisy/004509.tif,कमार्जितं
Dataset/clean/004510.tif,Dataset/noisy/004510.tif,पूर्वभवे
Dataset/clean/004511.tif,Dataset/noisy/004511.tif,॥
Dataset/clean/004512.tif,Dataset/noisy/004512.tif,सदा
Dataset/clean/004513.tif,Dataset/noisy/004513.tif,गणित
Dataset/clean/004514.tif,Dataset/noisy/004514.tif,ज्य
Dataset/clean/004515.tif,Dataset/noisy/004515.tif,मोक्ष
Dataset/clean/004516.tif,Dataset/noisy/004516.tif,रूप
Dataset/clean/004517.tif,Dataset/noisy/004517.tif,समभिव्यनक्ति
Dataset/clean/004518.tif,Dataset/noisy/004518.tif,नाय
Dataset/clean/004519.tif,Dataset/noisy/004519.tif,तस्य
Dataset/clean/004520.tif,Dataset/noisy/004520.tif,क्रमेण
Dataset/clean/004521.tif,Dataset/noisy/004521.tif,सामीप्ये
Dataset/clean/004522.tif,Dataset/noisy/004522.tif,सूत्रेण
Dataset/clean/004523.tif,Dataset/noisy/004523.tif,करोते
Dataset/clean/004524.tif,Dataset/noisy/004524.tif,नेपदं
Dataset/clean/004525.tif,Dataset/noisy/004525.tif,कि
Dataset/clean/004526.tif,Dataset/noisy/004526.tif,स्वयंथ
Dataset/clean/004527.tif,Dataset/noisy/004527.tif,प्रयो
Dataset/clean/004528.tif,Dataset/noisy/004528.tif,जातक
Dataset/clean/004529.tif,Dataset/noisy/004529.tif,स्फुट
Dataset/clean/004530.tif,Dataset/noisy/004530.tif,॥
Dataset/clean/004531.tif,Dataset/noisy/004531.tif,तिस
Dataset/clean/004532.tif,Dataset/noisy/004532.tif,तथा
Dataset/clean/004533.tif,Dataset/noisy/004533.tif,मुख्य
Dataset/clean/004534.tif,Dataset/noisy/004534.tif,महान्
Dataset/clean/004535.tif,Dataset/noisy/004535.tif,कुर्वे
Dataset/clean/004536.tif,Dataset/noisy/004536.tif,प्रपशारदाच्युत
Dataset/clean/004537.tif,Dataset/noisy/004537.tif,शिव
Dataset/clean/004538.tif,Dataset/noisy/004538.tif,ब्रह्मार्क
Dataset/clean/004539.tif,Dataset/noisy/004539.tif,तराज्योतिर्विदां
Dataset/clean/004540.tif,Dataset/noisy/004540.tif,प्रीतये
Dataset/clean/004541.tif,Dataset/noisy/004541.tif,शारदा
Dataset/clean/004542.tif,Dataset/noisy/004542.tif,अच्युतो
Dataset/clean/004543.tif,Dataset/noisy/004543.tif,मोयेषां
Dataset/clean/004544.tif,Dataset/noisy/004544.tif,तेच
Dataset/clean/004545.tif,Dataset/noisy/004545.tif,ते
Dataset/clean/004546.tif,Dataset/noisy/004546.tif,प्रहाः
Dataset/clean/004547.tif,Dataset/noisy/004547.tif,रव्याद
Dataset/clean/004548.tif,Dataset/noisy/004548.tif,ग्रह
Dataset/clean/004549.tif,Dataset/noisy/004549.tif,नक्षत्रादी
Dataset/clean/004550.tif,Dataset/noisy/004550.tif,ज्ञानं
Dataset/clean/004551.tif,Dataset/noisy/004551.tif,ति
Dataset/clean/004552.tif,Dataset/noisy/004552.tif,॥
Dataset/clean/004553.tif,Dataset/noisy/004553.tif,ते
Dataset/clean/004554.tif,Dataset/noisy/004554.tif,प्रीतये
Dataset/clean/004555.tif,Dataset/noisy/004555.tif,सुखाय
Dataset/clean/004556.tif,Dataset/noisy/004556.tif,नदीसंज्ञा
Dataset/clean/004557.tif,Dataset/noisy/004557.tif,विकल्पात्
Dataset/clean/004558.tif,Dataset/noisy/004558.tif,।
Dataset/clean/004559.tif,Dataset/noisy/004559.tif,या
Dataset/clean/004560.tif,Dataset/noisy/004560.tif,प्रसिद्धः
Dataset/clean/004561.tif,Dataset/noisy/004561.tif,तुर्मुखः
Dataset/clean/004562.tif,Dataset/noisy/004562.tif,ब्रह्मेति
Dataset/clean/004563.tif,Dataset/noisy/004563.tif,वा
Dataset/clean/004564.tif,Dataset/noisy/004564.tif,अर्को
Dataset/clean/004565.tif,Dataset/noisy/004565.tif,र
Dataset/clean/004566.tif,Dataset/noisy/004566.tif,विर्मुख्यः
Dataset/clean/004567.tif,Dataset/noisy/004567.tif,प्रथ
Dataset/clean/004568.tif,Dataset/noisy/004568.tif,नत्वा
Dataset/clean/004569.tif,Dataset/noisy/004569.tif,न
Dataset/clean/004570.tif,Dataset/noisy/004570.tif,प्रयोजनायेत्यत
Dataset/clean/004571.tif,Dataset/noisy/004571.tif,आह
Dataset/clean/004572.tif,Dataset/noisy/004572.tif,ज्योतिर्विदा
Dataset/clean/004573.tif,Dataset/noisy/004573.tif,विष्णुः
Dataset/clean/004574.tif,Dataset/noisy/004574.tif,शिवः
Dataset/clean/004575.tif,Dataset/noisy/004575.tif,यइत्यर्थः
Dataset/clean/004576.tif,Dataset/noisy/004576.tif,एतान्
Dataset/clean/004577.tif,Dataset/noisy/004577.tif,॥
Dataset/clean/004578.tif,Dataset/noisy/004578.tif,जगदवास
Dataset/clean/004579.tif,Dataset/noisy/004579.tif,न्यैनम:
Dataset/clean/004580.tif,Dataset/noisy/004580.tif,त्य​शृंगान
Dataset/clean/004581.tif,Dataset/noisy/004581.tif,॥
Dataset/clean/004582.tif,Dataset/noisy/004582.tif,॥
Dataset/clean/004583.tif,Dataset/noisy/004583.tif,निविघ्रम्यत
Dataset/clean/004584.tif,Dataset/noisy/004584.tif,तिके
Dataset/clean/004585.tif,Dataset/noisy/004585.tif,स्येद​
Dataset/clean/004586.tif,Dataset/noisy/004586.tif,यैनिबन्ध
Dataset/clean/004587.tif,Dataset/noisy/004587.tif,अहंकेशवः
Dataset/clean/004588.tif,Dataset/noisy/004588.tif,क्षणंमगलं
Dataset/clean/004589.tif,Dataset/noisy/004589.tif,हेतो
Dataset/clean/004590.tif,Dataset/noisy/004590.tif,॥
Dataset/clean/004591.tif,Dataset/noisy/004591.tif,म्
Dataset/clean/004592.tif,Dataset/noisy/004592.tif,:
Dataset/clean/004593.tif,Dataset/noisy/004593.tif,मिसृदेवतानमस्व्ल
Dataset/clean/004594.tif,Dataset/noisy/004594.tif,विघ्र​विद्यातपूर्वक
Dataset/clean/004595.tif,Dataset/noisy/004595.tif,ग्रंथस्य
Dataset/clean/004596.tif,Dataset/noisy/004596.tif,ष्सित
Dataset/clean/004597.tif,Dataset/noisy/004597.tif,साेदा
Dataset/clean/004598.tif,Dataset/noisy/004598.tif,चतुसृयमपि
Dataset/clean/004599.tif,Dataset/noisy/004599.tif,कं
Dataset/clean/004600.tif,Dataset/noisy/004600.tif,स्पार्थे
Dataset/clean/004601.tif,Dataset/noisy/004601.tif,स्तां
Dataset/clean/004602.tif,Dataset/noisy/004602.tif,द्द
Dataset/clean/004603.tif,Dataset/noisy/004603.tif,नूप
Dataset/clean/004604.tif,Dataset/noisy/004604.tif,खंडेश्वरीच्यार्कमुख
Dataset/clean/004605.tif,Dataset/noisy/004605.tif,सित्ध्यै
Dataset/clean/004606.tif,Dataset/noisy/004606.tif,न्वेन
Dataset/clean/004607.tif,Dataset/noisy/004607.tif,हरै
Dataset/clean/004608.tif,Dataset/noisy/004608.tif,द्रुहिणहरि
Dataset/clean/004609.tif,Dataset/noisy/004609.tif,॥
Dataset/clean/004610.tif,Dataset/noisy/004610.tif,विघ्रेशं
Dataset/clean/004611.tif,Dataset/noisy/004611.tif,मित्यणंताल्क:
Dataset/clean/004612.tif,Dataset/noisy/004612.tif,॥
Dataset/clean/004613.tif,Dataset/noisy/004613.tif,कन् प्र​त्ययः
Dataset/clean/004614.tif,Dataset/noisy/004614.tif,चिकिर्पितं
Dataset/clean/004615.tif,Dataset/noisy/004615.tif,॥
Dataset/clean/004616.tif,Dataset/noisy/004616.tif,पद्धत्तीं
Dataset/clean/004617.tif,Dataset/noisy/004617.tif,अनुबंध
Dataset/clean/004618.tif,Dataset/noisy/004618.tif,॥
Dataset/clean/004619.tif,Dataset/noisy/004619.tif,तू॥
Dataset/clean/004620.tif,Dataset/noisy/004620.tif,वांछंति
Dataset/clean/004621.tif,Dataset/noisy/004621.tif,मे
Dataset/clean/004622.tif,Dataset/noisy/004622.tif,प्रात्पिं
Dataset/clean/004623.tif,Dataset/noisy/004623.tif,नस्व​पूर्वभवार्जित
Dataset/clean/004624.tif,Dataset/noisy/004624.tif,वाधा
Dataset/clean/004625.tif,Dataset/noisy/004625.tif,स्थेन​
Dataset/clean/004626.tif,Dataset/noisy/004626.tif,त्यहो
Dataset/clean/004627.tif,Dataset/noisy/004627.tif,॥होरे
Dataset/clean/004628.tif,Dataset/noisy/004628.tif,बृहज्जात
Dataset/clean/004629.tif,Dataset/noisy/004629.tif,व्य​र्प:
Dataset/clean/004630.tif,Dataset/noisy/004630.tif,पइ
Dataset/clean/004631.tif,Dataset/noisy/004631.tif,शास्त्रं
Dataset/clean/004632.tif,Dataset/noisy/004632.tif,त्य​त्र
Dataset/clean/004633.tif,Dataset/noisy/004633.tif,कुर्वइ
Dataset/clean/004634.tif,Dataset/noisy/004634.tif,दियत्तस्यपड्लिं
Dataset/clean/004635.tif,Dataset/noisy/004635.tif,॥
Dataset/clean/004636.tif,Dataset/noisy/004636.tif,क्रमस्य
Dataset/clean/004637.tif,Dataset/noisy/004637.tif,वक्ष्यमाणत्वाद्व​
Dataset/clean/004638.tif,Dataset/noisy/004638.tif,तस्यपद्धतींरचनांत
Dataset/clean/004639.tif,Dataset/noisy/004639.tif,त्कथितवाणि
Dataset/clean/004640.tif,Dataset/noisy/004640.tif,र्तनान
Dataset/clean/004641.tif,Dataset/noisy/004641.tif,वर्तमानवत्
Dataset/clean/004642.tif,Dataset/noisy/004642.tif,निरूपणमि
Dataset/clean/004643.tif,Dataset/noisy/004643.tif,लटू
Dataset/clean/004644.tif,Dataset/noisy/004644.tif,॥
Dataset/clean/004645.tif,Dataset/noisy/004645.tif,पुल
Dataset/clean/004646.tif,Dataset/noisy/004646.tif,प्रासि:
Dataset/clean/004647.tif,Dataset/noisy/004647.tif,स्वस्ये
Dataset/clean/004648.tif,Dataset/noisy/004648.tif,तिबोध
Dataset/clean/004649.tif,Dataset/noisy/004649.tif,त्घरिते
Dataset/clean/004650.tif,Dataset/noisy/004650.tif,त्यादि
Dataset/clean/004651.tif,Dataset/noisy/004651.tif,नात्प
Dataset/clean/004652.tif,Dataset/noisy/004652.tif,ळ
Dataset/clean/004653.tif,Dataset/noisy/004653.tif,व्रावि
Dataset/clean/004654.tif,Dataset/noisy/004654.tif,घ्रान् पाती
Dataset/clean/004655.tif,Dataset/noisy/004655.tif,पद्धतिं
Dataset/clean/004656.tif,Dataset/noisy/004656.tif,॥श्री॥गनत्वाधि
Dataset/clean/004657.tif,Dataset/noisy/004657.tif,॥
Dataset/clean/004658.tif,Dataset/noisy/004658.tif,॥
Dataset/clean/004659.tif,Dataset/noisy/004659.tif,गणपतिः
Dataset/clean/004660.tif,Dataset/noisy/004660.tif,वाणी
Dataset/clean/004661.tif,Dataset/noisy/004661.tif,ब्रत्माच
Dataset/clean/004662.tif,Dataset/noisy/004662.tif,मखुत्य
Dataset/clean/004663.tif,Dataset/noisy/004663.tif,कस्मै
Dataset/clean/004664.tif,Dataset/noisy/004664.tif,॥
Dataset/clean/004665.tif,Dataset/noisy/004665.tif,ती
Dataset/clean/004666.tif,Dataset/noisy/004666.tif,तये
Dataset/clean/004667.tif,Dataset/noisy/004667.tif,ज्योतिषि
Dataset/clean/004668.tif,Dataset/noisy/004668.tif,निविदंति
Dataset/clean/004669.tif,Dataset/noisy/004669.tif,ज्योतिर्विदे:तेषा
Dataset/clean/004670.tif,Dataset/noisy/004670.tif,प्रीय् तर्पण
Dataset/clean/004671.tif,Dataset/noisy/004671.tif,ततोडितिहूस्वश्चेति
Dataset/clean/004672.tif,Dataset/noisy/004672.tif,गुणे
Dataset/clean/004673.tif,Dataset/noisy/004673.tif,तो
Dataset/clean/004674.tif,Dataset/noisy/004674.tif,स्सि
Dataset/clean/004675.tif,Dataset/noisy/004675.tif,यांक्ति
Dataset/clean/004676.tif,Dataset/noisy/004676.tif,भितिभावेक्तिन् प्रत्ययः
Dataset/clean/004677.tif,Dataset/noisy/004677.tif,घा
Dataset/clean/004678.tif,Dataset/noisy/004678.tif,3७
Dataset/clean/004679.tif,Dataset/noisy/004679.tif,४५
Dataset/clean/004680.tif,Dataset/noisy/004680.tif,८
Dataset/clean/004681.tif,Dataset/noisy/004681.tif,११
Dataset/clean/004682.tif,Dataset/noisy/004682.tif,४०
Dataset/clean/004683.tif,Dataset/noisy/004683.tif,3१
Dataset/clean/004684.tif,Dataset/noisy/004684.tif,वि
Dataset/clean/004685.tif,Dataset/noisy/004685.tif,फ
Dataset/clean/004686.tif,Dataset/noisy/004686.tif,अपतिरा
Dataset/clean/004687.tif,Dataset/noisy/004687.tif,स्फ
Dataset/clean/004688.tif,Dataset/noisy/004688.tif,मफ
Dataset/clean/004689.tif,Dataset/noisy/004689.tif,प​
Dataset/clean/004690.tif,Dataset/noisy/004690.tif,गा
Dataset/clean/004691.tif,Dataset/noisy/004691.tif,स्फ
Dataset/clean/004692.tif,Dataset/noisy/004692.tif,मफ
Dataset/clean/004693.tif,Dataset/noisy/004693.tif,चर
Dataset/clean/004694.tif,Dataset/noisy/004694.tif,चरा
Dataset/clean/004695.tif,Dataset/noisy/004695.tif,मां
Dataset/clean/004696.tif,Dataset/noisy/004696.tif,८७
Dataset/clean/004697.tif,Dataset/noisy/004697.tif,४०
Dataset/clean/004698.tif,Dataset/noisy/004698.tif,४३
Dataset/clean/004699.tif,Dataset/noisy/004699.tif,३४
Dataset/clean/004700.tif,Dataset/noisy/004700.tif,१४
Dataset/clean/004701.tif,Dataset/noisy/004701.tif,देशां
Dataset/clean/004702.tif,Dataset/noisy/004702.tif,८
Dataset/clean/004703.tif,Dataset/noisy/004703.tif,पांचा
Dataset/clean/004704.tif,Dataset/noisy/004704.tif,गति
Dataset/clean/004705.tif,Dataset/noisy/004705.tif,६
Dataset/clean/004706.tif,Dataset/noisy/004706.tif,१
Dataset/clean/004707.tif,Dataset/noisy/004707.tif,५
Dataset/clean/004708.tif,Dataset/noisy/004708.tif,२९
Dataset/clean/004709.tif,Dataset/noisy/004709.tif,3९
Dataset/clean/004710.tif,Dataset/noisy/004710.tif,3९
Dataset/clean/004711.tif,Dataset/noisy/004711.tif,५७
Dataset/clean/004712.tif,Dataset/noisy/004712.tif,७
Dataset/clean/004713.tif,Dataset/noisy/004713.tif,3५
Dataset/clean/004714.tif,Dataset/noisy/004714.tif,१७
Dataset/clean/004715.tif,Dataset/noisy/004715.tif,४१
Dataset/clean/004716.tif,Dataset/noisy/004716.tif,४४
Dataset/clean/004717.tif,Dataset/noisy/004717.tif,3०
Dataset/clean/004718.tif,Dataset/noisy/004718.tif,५६
Dataset/clean/004719.tif,Dataset/noisy/004719.tif,२3
Dataset/clean/004720.tif,Dataset/noisy/004720.tif,3
Dataset/clean/004721.tif,Dataset/noisy/004721.tif,९
Dataset/clean/004722.tif,Dataset/noisy/004722.tif,५
Dataset/clean/004723.tif,Dataset/noisy/004723.tif,५3
Dataset/clean/004724.tif,Dataset/noisy/004724.tif,२
Dataset/clean/004725.tif,Dataset/noisy/004725.tif,०
Dataset/clean/004726.tif,Dataset/noisy/004726.tif,२१
Dataset/clean/004727.tif,Dataset/noisy/004727.tif,०
Dataset/clean/004728.tif,Dataset/noisy/004728.tif,०
Dataset/clean/004729.tif,Dataset/noisy/004729.tif,२
Dataset/clean/004730.tif,Dataset/noisy/004730.tif,२१
Dataset/clean/004731.tif,Dataset/noisy/004731.tif,११
Dataset/clean/004732.tif,Dataset/noisy/004732.tif,२६
Dataset/clean/004733.tif,Dataset/noisy/004733.tif,२६
Dataset/clean/004734.tif,Dataset/noisy/004734.tif,४६
Dataset/clean/004735.tif,Dataset/noisy/004735.tif,२६
Dataset/clean/004736.tif,Dataset/noisy/004736.tif,२४
Dataset/clean/004737.tif,Dataset/noisy/004737.tif,४
Dataset/clean/004738.tif,Dataset/noisy/004738.tif,२५
Dataset/clean/004739.tif,Dataset/noisy/004739.tif,७
Dataset/clean/004740.tif,Dataset/noisy/004740.tif,१०
Dataset/clean/004741.tif,Dataset/noisy/004741.tif,७
Dataset/clean/004742.tif,Dataset/noisy/004742.tif,१०
Dataset/clean/004743.tif,Dataset/noisy/004743.tif,११
Dataset/clean/004744.tif,Dataset/noisy/004744.tif,७
Dataset/clean/004745.tif,Dataset/noisy/004745.tif,२७
Dataset/clean/004746.tif,Dataset/noisy/004746.tif,१२
Dataset/clean/004747.tif,Dataset/noisy/004747.tif,२७
Dataset/clean/004748.tif,Dataset/noisy/004748.tif,२
Dataset/clean/004749.tif,Dataset/noisy/004749.tif,२
Dataset/clean/004750.tif,Dataset/noisy/004750.tif,२९
Dataset/clean/004751.tif,Dataset/noisy/004751.tif,५
Dataset/clean/004752.tif,Dataset/noisy/004752.tif,१५
Dataset/clean/004753.tif,Dataset/noisy/004753.tif,४3
Dataset/clean/004754.tif,Dataset/noisy/004754.tif,२४
Dataset/clean/004755.tif,Dataset/noisy/004755.tif,५3
Dataset/clean/004756.tif,Dataset/noisy/004756.tif,२८
Dataset/clean/004757.tif,Dataset/noisy/004757.tif,१०
Dataset/clean/004758.tif,Dataset/noisy/004758.tif,११
Dataset/clean/004759.tif,Dataset/noisy/004759.tif,२७
Dataset/clean/004760.tif,Dataset/noisy/004760.tif,०
Dataset/clean/004761.tif,Dataset/noisy/004761.tif,१
Dataset/clean/004762.tif,Dataset/noisy/004762.tif,११
Dataset/clean/004763.tif,Dataset/noisy/004763.tif,८
Dataset/clean/004764.tif,Dataset/noisy/004764.tif,०
Dataset/clean/004765.tif,Dataset/noisy/004765.tif,२
Dataset/clean/004766.tif,Dataset/noisy/004766.tif,०
Dataset/clean/004767.tif,Dataset/noisy/004767.tif,२१
Dataset/clean/004768.tif,Dataset/noisy/004768.tif,०
Dataset/clean/004769.tif,Dataset/noisy/004769.tif,२२
Dataset/clean/004770.tif,Dataset/noisy/004770.tif,०
Dataset/clean/004771.tif,Dataset/noisy/004771.tif,3
Dataset/clean/004772.tif,Dataset/noisy/004772.tif,१८
Dataset/clean/004773.tif,Dataset/noisy/004773.tif,०
Dataset/clean/004774.tif,Dataset/noisy/004774.tif,रविस्फुटीकरणं
Dataset/clean/004775.tif,Dataset/noisy/004775.tif,र
Dataset/clean/004776.tif,Dataset/noisy/004776.tif,लिख्यं
Dataset/clean/004777.tif,Dataset/noisy/004777.tif,वाद
Dataset/clean/004778.tif,Dataset/noisy/004778.tif,निघ्र​
Dataset/clean/004779.tif,Dataset/noisy/004779.tif,क्र​र
Dataset/clean/004780.tif,Dataset/noisy/004780.tif,व्यारानां
Dataset/clean/004781.tif,Dataset/noisy/004781.tif,यथर
Dataset/clean/004782.tif,Dataset/noisy/004782.tif,॥
Dataset/clean/004783.tif,Dataset/noisy/004783.tif,१॰
Dataset/clean/004784.tif,Dataset/noisy/004784.tif,८
Dataset/clean/004785.tif,Dataset/noisy/004785.tif,८
Dataset/clean/004786.tif,Dataset/noisy/004786.tif,॰
Dataset/clean/004787.tif,Dataset/noisy/004787.tif,७
Dataset/clean/004788.tif,Dataset/noisy/004788.tif,७
Dataset/clean/004789.tif,Dataset/noisy/004789.tif,33
Dataset/clean/004790.tif,Dataset/noisy/004790.tif,१९
Dataset/clean/004791.tif,Dataset/noisy/004791.tif,3
Dataset/clean/004792.tif,Dataset/noisy/004792.tif,३
Dataset/clean/004793.tif,Dataset/noisy/004793.tif,४४
Dataset/clean/004794.tif,Dataset/noisy/004794.tif,०
Dataset/clean/004795.tif,Dataset/noisy/004795.tif,५
Dataset/clean/004796.tif,Dataset/noisy/004796.tif,२६
Dataset/clean/004797.tif,Dataset/noisy/004797.tif,२४
Dataset/clean/004798.tif,Dataset/noisy/004798.tif,०
Dataset/clean/004799.tif,Dataset/noisy/004799.tif,७
Dataset/clean/004800.tif,Dataset/noisy/004800.tif,१२
Dataset/clean/004801.tif,Dataset/noisy/004801.tif,१०
Dataset/clean/004802.tif,Dataset/noisy/004802.tif,०
Dataset/clean/004803.tif,Dataset/noisy/004803.tif,४
Dataset/clean/004804.tif,Dataset/noisy/004804.tif,१
Dataset/clean/004805.tif,Dataset/noisy/004805.tif,१५
Dataset/clean/004806.tif,Dataset/noisy/004806.tif,०
Dataset/clean/004807.tif,Dataset/noisy/004807.tif,ध्रुवोनक्षेपा
Dataset/clean/004808.tif,Dataset/noisy/004808.tif,४3।3४।१४
Dataset/clean/004809.tif,Dataset/noisy/004809.tif,।
Dataset/clean/004810.tif,Dataset/noisy/004810.tif,४!२०
Dataset/clean/004811.tif,Dataset/noisy/004811.tif,८
Dataset/clean/004812.tif,Dataset/noisy/004812.tif,लिख्यंते
Dataset/clean/004813.tif,Dataset/noisy/004813.tif,जन्माभवत्॥तत्रादौ
Dataset/clean/004814.tif,Dataset/noisy/004814.tif,५
Dataset/clean/004815.tif,Dataset/noisy/004815.tif,तत्रादौ
Dataset/clean/004816.tif,Dataset/noisy/004816.tif,बोहैर्गण:
Dataset/clean/004817.tif,Dataset/noisy/004817.tif,तरयो
Dataset/clean/004818.tif,Dataset/noisy/004818.tif,।१
Dataset/clean/004819.tif,Dataset/noisy/004819.tif,।१
Dataset/clean/004820.tif,Dataset/noisy/004820.tif,गणं:
Dataset/clean/004821.tif,Dataset/noisy/004821.tif,सास​
Dataset/clean/004822.tif,Dataset/noisy/004822.tif,श्रुद्धा
Dataset/clean/004823.tif,Dataset/noisy/004823.tif,बीडग्रा
Dataset/clean/004824.tif,Dataset/noisy/004824.tif,लग्ने
Dataset/clean/004825.tif,Dataset/noisy/004825.tif,१पल-१
Dataset/clean/004826.tif,Dataset/noisy/004826.tif,याद्र​त
Dataset/clean/004827.tif,Dataset/noisy/004827.tif,र्योद
Dataset/clean/004828.tif,Dataset/noisy/004828.tif,वंपं
Dataset/clean/004829.tif,Dataset/noisy/004829.tif,१३प-११
Dataset/clean/004830.tif,Dataset/noisy/004830.tif,र​व्यतीपाानयोगेद्य
Dataset/clean/004831.tif,Dataset/noisy/004831.tif,ग्री
Dataset/clean/004832.tif,Dataset/noisy/004832.tif,यने
Dataset/clean/004833.tif,Dataset/noisy/004833.tif,पलानि
Dataset/clean/004834.tif,Dataset/noisy/004834.tif,3१
Dataset/clean/004835.tif,Dataset/noisy/004835.tif,ज्येष्ट
Dataset/clean/004836.tif,Dataset/noisy/004836.tif,र्तौमा
Dataset/clean/004837.tif,Dataset/noisy/004837.tif,ष्म
Dataset/clean/004838.tif,Dataset/noisy/004838.tif,१८८
Dataset/clean/004839.tif,Dataset/noisy/004839.tif,८
Dataset/clean/004840.tif,Dataset/noisy/004840.tif,मन्नृप
Dataset/clean/004841.tif,Dataset/noisy/004841.tif,भांसु
Dataset/clean/004842.tif,Dataset/noisy/004842.tif,रव
Dataset/clean/004843.tif,Dataset/noisy/004843.tif,चिज्जनस्याेदा
Dataset/clean/004844.tif,Dataset/noisy/004844.tif,प्रारंभे
Dataset/clean/004845.tif,Dataset/noisy/004845.tif,॥
Dataset/clean/004846.tif,Dataset/noisy/004846.tif,अथस्व
Dataset/clean/004847.tif,Dataset/noisy/004847.tif,॥
Dataset/clean/004848.tif,Dataset/noisy/004848.tif,॥
Dataset/clean/004849.tif,Dataset/noisy/004849.tif,॥
Dataset/clean/004850.tif,Dataset/noisy/004850.tif,।
Dataset/clean/004851.tif,Dataset/noisy/004851.tif,अरतर्क्षसत्प​
Dataset/clean/004852.tif,Dataset/noisy/004852.tif,रून्
Dataset/clean/004853.tif,Dataset/noisy/004853.tif,योषंड्भातरित
Dataset/clean/004854.tif,Dataset/noisy/004854.tif,वुह​दिति
Dataset/clean/004855.tif,Dataset/noisy/004855.tif,अथमंद
Dataset/clean/004856.tif,Dataset/noisy/004856.tif,॥
Dataset/clean/004857.tif,Dataset/noisy/004857.tif,भौसाद
Dataset/clean/004858.tif,Dataset/noisy/004858.tif,खा
Dataset/clean/004859.tif,Dataset/noisy/004859.tif,मं
Dataset/clean/004860.tif,Dataset/noisy/004860.tif,बु
Dataset/clean/004861.tif,Dataset/noisy/004861.tif,गु
Dataset/clean/004862.tif,Dataset/noisy/004862.tif,श
Dataset/clean/004863.tif,Dataset/noisy/004863.tif,७
Dataset/clean/004864.tif,Dataset/noisy/004864.tif,चंद्र
Dataset/clean/004865.tif,Dataset/noisy/004865.tif,स्फटीकरण
Dataset/clean/004866.tif,Dataset/noisy/004866.tif,श
Dataset/clean/004867.tif,Dataset/noisy/004867.tif,घ
Dataset/clean/004868.tif,Dataset/noisy/004868.tif,५
Dataset/clean/004869.tif,Dataset/noisy/004869.tif,गु
Dataset/clean/004870.tif,Dataset/noisy/004870.tif,भु
Dataset/clean/004871.tif,Dataset/noisy/004871.tif,श
Dataset/clean/004872.tif,Dataset/noisy/004872.tif,८-०
Dataset/clean/004873.tif,Dataset/noisy/004873.tif,ऋ
Dataset/clean/004874.tif,Dataset/noisy/004874.tif,च
Dataset/clean/004875.tif,Dataset/noisy/004875.tif,म
Dataset/clean/004876.tif,Dataset/noisy/004876.tif,बु
Dataset/clean/004877.tif,Dataset/noisy/004877.tif,श
Dataset/clean/004878.tif,Dataset/noisy/004878.tif,मुकेश
Dataset/clean/004879.tif,Dataset/noisy/004879.tif,रम
Dataset/clean/004880.tif,Dataset/noisy/004880.tif,केंद्र
Dataset/clean/004881.tif,Dataset/noisy/004881.tif,जनानि
Dataset/clean/004882.tif,Dataset/noisy/004882.tif,धनंपलभा
Dataset/clean/004883.tif,Dataset/noisy/004883.tif,अक्षांशाः
Dataset/clean/004884.tif,Dataset/noisy/004884.tif,॥३
Dataset/clean/004885.tif,Dataset/noisy/004885.tif,॥
Dataset/clean/004886.tif,Dataset/noisy/004886.tif,च
Dataset/clean/004887.tif,Dataset/noisy/004887.tif,७
Dataset/clean/004888.tif,Dataset/noisy/004888.tif,अथ
Dataset/clean/004889.tif,Dataset/noisy/004889.tif,र
Dataset/clean/004890.tif,Dataset/noisy/004890.tif,यो
Dataset/clean/004891.tif,Dataset/noisy/004891.tif,मध्यमाः
Dataset/clean/004892.tif,Dataset/noisy/004892.tif,यहाः
Dataset/clean/004893.tif,Dataset/noisy/004893.tif,चं
Dataset/clean/004894.tif,Dataset/noisy/004894.tif,मं
Dataset/clean/004895.tif,Dataset/noisy/004895.tif,चुके
Dataset/clean/004896.tif,Dataset/noisy/004896.tif,गु
Dataset/clean/004897.tif,Dataset/noisy/004897.tif,शु
Dataset/clean/004898.tif,Dataset/noisy/004898.tif,श
Dataset/clean/004899.tif,Dataset/noisy/004899.tif,श
Dataset/clean/004900.tif,Dataset/noisy/004900.tif,उच्च
Dataset/clean/004901.tif,Dataset/noisy/004901.tif,र
Dataset/clean/004902.tif,Dataset/noisy/004902.tif,चॅ
Dataset/clean/004903.tif,Dataset/noisy/004903.tif,ज
Dataset/clean/004904.tif,Dataset/noisy/004904.tif,राम
Dataset/clean/004905.tif,Dataset/noisy/004905.tif,बुकेगु
Dataset/clean/004906.tif,Dataset/noisy/004906.tif,दक्षिणा
Dataset/clean/004907.tif,Dataset/noisy/004907.tif,:
Dataset/clean/004908.tif,Dataset/noisy/004908.tif,१
Dataset/clean/004909.tif,Dataset/noisy/004909.tif,९
Dataset/clean/004910.tif,Dataset/noisy/004910.tif,।४७
Dataset/clean/004911.tif,Dataset/noisy/004911.tif,४८
Dataset/clean/004912.tif,Dataset/noisy/004912.tif,चरखंडा
Dataset/clean/004913.tif,Dataset/noisy/004913.tif,नि
Dataset/clean/004914.tif,Dataset/noisy/004914.tif,११५
Dataset/clean/004915.tif,Dataset/noisy/004915.tif,ऊ
Dataset/clean/004916.tif,Dataset/noisy/004916.tif,३४०
Dataset/clean/004917.tif,Dataset/noisy/004917.tif,९
Dataset/clean/004918.tif,Dataset/noisy/004918.tif,देशां
Dataset/clean/004919.tif,Dataset/noisy/004919.tif,नाहानि
Dataset/clean/004920.tif,Dataset/noisy/004920.tif,५४
Dataset/clean/004921.tif,Dataset/noisy/004921.tif,सावय
Dataset/clean/004922.tif,Dataset/noisy/004922.tif,गताब्दाः
Dataset/clean/004923.tif,Dataset/noisy/004923.tif,३०६
Dataset/clean/004924.tif,Dataset/noisy/004924.tif,चक्रं
Dataset/clean/004925.tif,Dataset/noisy/004925.tif,२७
Dataset/clean/004926.tif,Dataset/noisy/004926.tif,अधिमासा
Dataset/clean/004927.tif,Dataset/noisy/004927.tif,:
Dataset/clean/004928.tif,Dataset/noisy/004928.tif,५
Dataset/clean/004929.tif,Dataset/noisy/004929.tif,मे
Dataset/clean/004930.tif,Dataset/noisy/004930.tif,ग्रहलाघवानु
Dataset/clean/004931.tif,Dataset/noisy/004931.tif,सारेण
Dataset/clean/004932.tif,Dataset/noisy/004932.tif,मध्यमाः
Dataset/clean/004933.tif,Dataset/noisy/004933.tif,नामसंवत्सरे
Dataset/clean/004934.tif,Dataset/noisy/004934.tif,सौम्या
Dataset/clean/004935.tif,Dataset/noisy/004935.tif,सो
Dataset/clean/004936.tif,Dataset/noisy/004936.tif,तमे
Dataset/clean/004937.tif,Dataset/noisy/004937.tif,मासे
Dataset/clean/004938.tif,Dataset/noisy/004938.tif,मासे
Dataset/clean/004939.tif,Dataset/noisy/004939.tif,सितेपक्षे
Dataset/clean/004940.tif,Dataset/noisy/004940.tif,९
Dataset/clean/004941.tif,Dataset/noisy/004941.tif,बुधेघटी
Dataset/clean/004942.tif,Dataset/noisy/004942.tif,हस्त
Dataset/clean/004943.tif,Dataset/noisy/004943.tif,नक्षत्र
Dataset/clean/004944.tif,Dataset/noisy/004944.tif,घटयः
Dataset/clean/004945.tif,Dataset/noisy/004945.tif,४६
Dataset/clean/004946.tif,Dataset/noisy/004946.tif,पलानि
Dataset/clean/004947.tif,Dataset/noisy/004947.tif,४
Dataset/clean/004948.tif,Dataset/noisy/004948.tif,य्य
Dataset/clean/004949.tif,Dataset/noisy/004949.tif,तात्कालिके
Dataset/clean/004950.tif,Dataset/noisy/004950.tif,बालव
Dataset/clean/004951.tif,Dataset/noisy/004951.tif,कर्णेरा
Dataset/clean/004952.tif,Dataset/noisy/004952.tif,वस्मिन्
Dataset/clean/004953.tif,Dataset/noisy/004953.tif,दिने
Dataset/clean/004954.tif,Dataset/noisy/004954.tif,श्रीसू
Dataset/clean/004955.tif,Dataset/noisy/004955.tif,घटी
Dataset/clean/004956.tif,Dataset/noisy/004956.tif,एतस्मिन्
Dataset/clean/004957.tif,Dataset/noisy/004957.tif,काळे
Dataset/clean/004958.tif,Dataset/noisy/004958.tif,मिथुन
Dataset/clean/004959.tif,Dataset/noisy/004959.tif,चाग
Dataset/clean/004960.tif,Dataset/noisy/004960.tif,भागे
Dataset/clean/004961.tif,Dataset/noisy/004961.tif,व्यय
Dataset/clean/004962.tif,Dataset/noisy/004962.tif,उतथाच
Dataset/clean/004963.tif,Dataset/noisy/004963.tif,संवत्
Dataset/clean/004964.tif,Dataset/noisy/004964.tif,विक्रमार्क
Dataset/clean/004965.tif,Dataset/noisy/004965.tif,नृपशालिवाहन
Dataset/clean/004966.tif,Dataset/noisy/004966.tif,नर्मदा
Dataset/clean/004967.tif,Dataset/noisy/004967.tif,१७४८
Dataset/clean/004968.tif,Dataset/noisy/004968.tif,या
Dataset/clean/004969.tif,Dataset/noisy/004969.tif,:
Dataset/clean/004970.tif,Dataset/noisy/004970.tif,दक्षिणे
Dataset/clean/004971.tif,Dataset/noisy/004971.tif,शके
Dataset/clean/004972.tif,Dataset/noisy/004972.tif,प्रकाश
Dataset/clean/004973.tif,Dataset/noisy/004973.tif,मिश्री
Dataset/clean/004974.tif,Dataset/noisy/004974.tif,हरणं
Dataset/clean/004975.tif,Dataset/noisy/004975.tif,कस्य
Dataset/clean/004976.tif,Dataset/noisy/004976.tif,तत्र
Dataset/clean/004977.tif,Dataset/noisy/004977.tif,पिलिख्यते
Dataset/clean/004978.tif,Dataset/noisy/004978.tif,क्रमो
Dataset/clean/004979.tif,Dataset/noisy/004979.tif,मुदाहरणं
Dataset/clean/004980.tif,Dataset/noisy/004980.tif,बोधार्थ
Dataset/clean/004981.tif,Dataset/noisy/004981.tif,रमतो
Dataset/clean/004982.tif,Dataset/noisy/004982.tif,त
Dataset/clean/004983.tif,Dataset/noisy/004983.tif,॥
Dataset/clean/004984.tif,Dataset/noisy/004984.tif,या
Dataset/clean/004985.tif,Dataset/noisy/004985.tif,वलयस्थोद
Dataset/clean/004986.tif,Dataset/noisy/004986.tif,क्षितिज
Dataset/clean/004987.tif,Dataset/noisy/004987.tif,भवति
Dataset/clean/004988.tif,Dataset/noisy/004988.tif,मभवनं
Dataset/clean/004989.tif,Dataset/noisy/004989.tif,3
Dataset/clean/004990.tif,Dataset/noisy/004990.tif,केशर्व
Dataset/clean/004991.tif,Dataset/noisy/004991.tif,कुजादीनामरकेानि
Dataset/clean/004992.tif,Dataset/noisy/004992.tif,९
Dataset/clean/004993.tif,Dataset/noisy/004993.tif,१६
Dataset/clean/004994.tif,Dataset/noisy/004994.tif,२८
Dataset/clean/004995.tif,Dataset/noisy/004995.tif,८
Dataset/clean/004996.tif,Dataset/noisy/004996.tif,६
Dataset/clean/004997.tif,Dataset/noisy/004997.tif,६
Dataset/clean/004998.tif,Dataset/noisy/004998.tif,४४
Dataset/clean/004999.tif,Dataset/noisy/004999.tif,४
Dataset/clean/005000.tif,Dataset/noisy/005000.tif,५५
Dataset/clean/005001.tif,Dataset/noisy/005001.tif,3
Dataset/clean/005002.tif,Dataset/noisy/005002.tif,3५
Dataset/clean/005003.tif,Dataset/noisy/005003.tif,२४
Dataset/clean/005004.tif,Dataset/noisy/005004.tif,१२
Dataset/clean/005005.tif,Dataset/noisy/005005.tif,शु
Dataset/clean/005006.tif,Dataset/noisy/005006.tif,स्फ
Dataset/clean/005007.tif,Dataset/noisy/005007.tif,योमंद
Dataset/clean/005008.tif,Dataset/noisy/005008.tif,२
Dataset/clean/005009.tif,Dataset/noisy/005009.tif,२
Dataset/clean/005010.tif,Dataset/noisy/005010.tif,२१
Dataset/clean/005011.tif,Dataset/noisy/005011.tif,२
Dataset/clean/005012.tif,Dataset/noisy/005012.tif,१
Dataset/clean/005013.tif,Dataset/noisy/005013.tif,२
Dataset/clean/005014.tif,Dataset/noisy/005014.tif,६
Dataset/clean/005015.tif,Dataset/noisy/005015.tif,१८
Dataset/clean/005016.tif,Dataset/noisy/005016.tif,१९
Dataset/clean/005017.tif,Dataset/noisy/005017.tif,3७
Dataset/clean/005018.tif,Dataset/noisy/005018.tif,२५
Dataset/clean/005019.tif,Dataset/noisy/005019.tif,२९
Dataset/clean/005020.tif,Dataset/noisy/005020.tif,९
Dataset/clean/005021.tif,Dataset/noisy/005021.tif,3४
Dataset/clean/005022.tif,Dataset/noisy/005022.tif,१८
Dataset/clean/005023.tif,Dataset/noisy/005023.tif,२४
Dataset/clean/005024.tif,Dataset/noisy/005024.tif,५७
Dataset/clean/005025.tif,Dataset/noisy/005025.tif,3१
Dataset/clean/005026.tif,Dataset/noisy/005026.tif,3०
Dataset/clean/005027.tif,Dataset/noisy/005027.tif,3२
Dataset/clean/005028.tif,Dataset/noisy/005028.tif,२
Dataset/clean/005029.tif,Dataset/noisy/005029.tif,प्रकेद्रा
Dataset/clean/005030.tif,Dataset/noisy/005030.tif,१०
Dataset/clean/005031.tif,Dataset/noisy/005031.tif,२०
Dataset/clean/005032.tif,Dataset/noisy/005032.tif,२
Dataset/clean/005033.tif,Dataset/noisy/005033.tif,११
Dataset/clean/005034.tif,Dataset/noisy/005034.tif,२२
Dataset/clean/005035.tif,Dataset/noisy/005035.tif,श्रु
Dataset/clean/005036.tif,Dataset/noisy/005036.tif,कुजादीनांशी
Dataset/clean/005037.tif,Dataset/noisy/005037.tif,गु
Dataset/clean/005038.tif,Dataset/noisy/005038.tif,भौमादीनांमंदक​वर्णन
Dataset/clean/005039.tif,Dataset/noisy/005039.tif,२७
Dataset/clean/005040.tif,Dataset/noisy/005040.tif,५९
Dataset/clean/005041.tif,Dataset/noisy/005041.tif,२९
Dataset/clean/005042.tif,Dataset/noisy/005042.tif,3९
Dataset/clean/005043.tif,Dataset/noisy/005043.tif,प
Dataset/clean/005044.tif,Dataset/noisy/005044.tif,3९
Dataset/clean/005045.tif,Dataset/noisy/005045.tif,ध
Dataset/clean/005046.tif,Dataset/noisy/005046.tif,ध
Dataset/clean/005047.tif,Dataset/noisy/005047.tif,१२
Dataset/clean/005048.tif,Dataset/noisy/005048.tif,०
Dataset/clean/005049.tif,Dataset/noisy/005049.tif,१
Dataset/clean/005050.tif,Dataset/noisy/005050.tif,3
Dataset/clean/005051.tif,Dataset/noisy/005051.tif,४०
Dataset/clean/005052.tif,Dataset/noisy/005052.tif,०
Dataset/clean/005053.tif,Dataset/noisy/005053.tif,०
Dataset/clean/005054.tif,Dataset/noisy/005054.tif,१४
Dataset/clean/005055.tif,Dataset/noisy/005055.tif,3२
Dataset/clean/005056.tif,Dataset/noisy/005056.tif,५१
Dataset/clean/005057.tif,Dataset/noisy/005057.tif,५
Dataset/clean/005058.tif,Dataset/noisy/005058.tif,3
Dataset/clean/005059.tif,Dataset/noisy/005059.tif,१3
Dataset/clean/005060.tif,Dataset/noisy/005060.tif,४५
Dataset/clean/005061.tif,Dataset/noisy/005061.tif,१
Dataset/clean/005062.tif,Dataset/noisy/005062.tif,१४
Dataset/clean/005063.tif,Dataset/noisy/005063.tif,५
Dataset/clean/005064.tif,Dataset/noisy/005064.tif,२४
Dataset/clean/005065.tif,Dataset/noisy/005065.tif,२७
Dataset/clean/005066.tif,Dataset/noisy/005066.tif,५९
Dataset/clean/005067.tif,Dataset/noisy/005067.tif,शु
Dataset/clean/005068.tif,Dataset/noisy/005068.tif,गु
Dataset/clean/005069.tif,Dataset/noisy/005069.tif,वु
Dataset/clean/005070.tif,Dataset/noisy/005070.tif,४3
Dataset/clean/005071.tif,Dataset/noisy/005071.tif,3२
Dataset/clean/005072.tif,Dataset/noisy/005072.tif,०
Dataset/clean/005073.tif,Dataset/noisy/005073.tif,१६
Dataset/clean/005074.tif,Dataset/noisy/005074.tif,१७
Dataset/clean/005075.tif,Dataset/noisy/005075.tif,९
Dataset/clean/005076.tif,Dataset/noisy/005076.tif,५
Dataset/clean/005077.tif,Dataset/noisy/005077.tif,१५
Dataset/clean/005078.tif,Dataset/noisy/005078.tif,२६
Dataset/clean/005079.tif,Dataset/noisy/005079.tif,४3
Dataset/clean/005080.tif,Dataset/noisy/005080.tif,७
Dataset/clean/005081.tif,Dataset/noisy/005081.tif,७
Dataset/clean/005082.tif,Dataset/noisy/005082.tif,२६
Dataset/clean/005083.tif,Dataset/noisy/005083.tif,४५
Dataset/clean/005084.tif,Dataset/noisy/005084.tif,3
Dataset/clean/005085.tif,Dataset/noisy/005085.tif,3
Dataset/clean/005086.tif,Dataset/noisy/005086.tif,६
Dataset/clean/005087.tif,Dataset/noisy/005087.tif,ऋ
Dataset/clean/005088.tif,Dataset/noisy/005088.tif,५
Dataset/clean/005089.tif,Dataset/noisy/005089.tif,१२
Dataset/clean/005090.tif,Dataset/noisy/005090.tif,२3
Dataset/clean/005091.tif,Dataset/noisy/005091.tif,॥
Dataset/clean/005092.tif,Dataset/noisy/005092.tif,सतिकेलिप
Dataset/clean/005093.tif,Dataset/noisy/005093.tif,विनासिनिविन
Dataset/clean/005094.tif,Dataset/noisy/005094.tif,पीनपव्योधरनांर
Dataset/clean/005095.tif,Dataset/noisy/005095.tif,मरेणम्ह
Dataset/clean/005096.tif,Dataset/noisy/005096.tif,स्पिंरिरम्यस
Dataset/clean/005097.tif,Dataset/noisy/005097.tif,एगे॥गो
Dataset/clean/005098.tif,Dataset/noisy/005098.tif,पवधूर
Dataset/clean/005099.tif,Dataset/noisy/005099.tif,नुमायतिका
Dataset/clean/005100.tif,Dataset/noisy/005100.tif,विदुदंवि
Dataset/clean/005101.tif,Dataset/noisy/005101.tif,शोक्र्घ​
Dataset/clean/005102.tif,Dataset/noisy/005102.tif,॥
Dataset/clean/005103.tif,Dataset/noisy/005103.tif,करे
Dataset/clean/005104.tif,Dataset/noisy/005104.tif,मुग्धवधूति
Dataset/clean/005105.tif,Dataset/noisy/005105.tif,१॥हरिरिह
Dataset/clean/005106.tif,Dataset/noisy/005106.tif,॥
Dataset/clean/005107.tif,Dataset/noisy/005107.tif,लमंडितगलव्युगस्मीतशाजी
Dataset/clean/005108.tif,Dataset/noisy/005108.tif,णिऊंड
Dataset/clean/005109.tif,Dataset/noisy/005109.tif,केलिवलन्म
Dataset/clean/005110.tif,Dataset/noisy/005110.tif,र्वितनील
Dataset/clean/005111.tif,Dataset/noisy/005111.tif,णगीयतेः॥चंदनज्ञ
Dataset/clean/005112.tif,Dataset/noisy/005112.tif,॥
Dataset/clean/005113.tif,Dataset/noisy/005113.tif,नमाली
Dataset/clean/005114.tif,Dataset/noisy/005114.tif,पीतवसनव
Dataset/clean/005115.tif,Dataset/noisy/005115.tif,कलेवर
Dataset/clean/005116.tif,Dataset/noisy/005116.tif,एगे
Dataset/clean/005117.tif,Dataset/noisy/005117.tif,रामग्री
Dataset/clean/005118.tif,Dataset/noisy/005118.tif,व
Dataset/clean/005119.tif,Dataset/noisy/005119.tif,पदं
Dataset/clean/005120.tif,Dataset/noisy/005120.tif,पावृणु
Dataset/clean/005121.tif,Dataset/noisy/005121.tif,पूषन्नेक
Dataset/clean/005122.tif,Dataset/noisy/005122.tif,र्षेयमसूर्य
Dataset/clean/005123.tif,Dataset/noisy/005123.tif,न्समूहतेजो
Dataset/clean/005124.tif,Dataset/noisy/005124.tif,अंधेन
Dataset/clean/005125.tif,Dataset/noisy/005125.tif,असुर्याना
Dataset/clean/005126.tif,Dataset/noisy/005126.tif,र्म
Dataset/clean/005127.tif,Dataset/noisy/005127.tif,स्मिनक।
Dataset/clean/005128.tif,Dataset/noisy/005128.tif,छतःꣳ
Dataset/clean/005129.tif,Dataset/noisy/005129.tif,स्पस्विहनं
Dataset/clean/005130.tif,Dataset/noisy/005130.tif,भुंजीथामागृधः
Dataset/clean/005131.tif,Dataset/noisy/005131.tif,संर्वयत्किंचिज्जगत्यां
Dataset/clean/005132.tif,Dataset/noisy/005132.tif,मिद​ꣳ
Dataset/clean/005133.tif,Dataset/noisy/005133.tif,॥ँर्नु
Dataset/clean/005134.tif,Dataset/noisy/005134.tif,व्यूहरश्मी
Dataset/clean/005135.tif,Dataset/noisy/005135.tif,प्राजापत्य
Dataset/clean/005136.tif,Dataset/noisy/005136.tif,सत्यस्यापिहितं
Dataset/clean/005137.tif,Dataset/noisy/005137.tif,हिरण्मयेनपात्रेण
Dataset/clean/005138.tif,Dataset/noisy/005138.tif,१५
Dataset/clean/005139.tif,Dataset/noisy/005139.tif,१४
Dataset/clean/005140.tif,Dataset/noisy/005140.tif,चयस्तद्वेदो
Dataset/clean/005141.tif,Dataset/noisy/005141.tif,तिंच
Dataset/clean/005142.tif,Dataset/noisy/005142.tif,येनस्तद्विचचक्षिरे
Dataset/clean/005143.tif,Dataset/noisy/005143.tif,अन्यदेवाऊः
Dataset/clean/005144.tif,Dataset/noisy/005144.tif,१२
Dataset/clean/005145.tif,Dataset/noisy/005145.tif,पूषन्न
Dataset/clean/005146.tif,Dataset/noisy/005146.tif,तत्त्वं
Dataset/clean/005147.tif,Dataset/noisy/005147.tif,मुखं
Dataset/clean/005148.tif,Dataset/noisy/005148.tif,बिना
Dataset/clean/005149.tif,Dataset/noisy/005149.tif,धीराणां
Dataset/clean/005150.tif,Dataset/noisy/005150.tif,श्रुश्रुम
Dataset/clean/005151.tif,Dataset/noisy/005151.tif,इति
Dataset/clean/005152.tif,Dataset/noisy/005152.tif,तमोयना
Dataset/clean/005153.tif,Dataset/noisy/005153.tif,ते
Dataset/clean/005154.tif,Dataset/noisy/005154.tif,इव
Dataset/clean/005155.tif,Dataset/noisy/005155.tif,संभूतिमुपासते
Dataset/clean/005156.tif,Dataset/noisy/005156.tif,११
Dataset/clean/005157.tif,Dataset/noisy/005157.tif,यामृतमश्नुते
Dataset/clean/005158.tif,Dataset/noisy/005158.tif,बिद्य
Dataset/clean/005159.tif,Dataset/noisy/005159.tif,मृत्युं
Dataset/clean/005160.tif,Dataset/noisy/005160.tif,स्त
Dataset/clean/005161.tif,Dataset/noisy/005161.tif,येन
Dataset/clean/005162.tif,Dataset/noisy/005162.tif,धीराणां
Dataset/clean/005163.tif,Dataset/noisy/005163.tif,रताः
Dataset/clean/005164.tif,Dataset/noisy/005164.tif,बि
Dataset/clean/005165.tif,Dataset/noisy/005165.tif,तमोयन
Dataset/clean/005166.tif,Dataset/noisy/005166.tif,ततो
Dataset/clean/005167.tif,Dataset/noisy/005167.tif,विद्यामुपासते
Dataset/clean/005168.tif,Dataset/noisy/005168.tif,८
Dataset/clean/005169.tif,Dataset/noisy/005169.tif,विद्यांचय
Dataset/clean/005170.tif,Dataset/noisy/005170.tif,विद्यांचा
Dataset/clean/005171.tif,Dataset/noisy/005171.tif,१०
Dataset/clean/005172.tif,Dataset/noisy/005172.tif,श्रविद्य‌या
Dataset/clean/005173.tif,Dataset/noisy/005173.tif,परिभूः
Dataset/clean/005174.tif,Dataset/noisy/005174.tif,कविर्मनीषी
Dataset/clean/005175.tif,Dataset/noisy/005175.tif,स्नाविर
Dataset/clean/005176.tif,Dataset/noisy/005176.tif,७
Dataset/clean/005177.tif,Dataset/noisy/005177.tif,कः
Dataset/clean/005178.tif,Dataset/noisy/005178.tif,मोहः
Dataset/clean/005179.tif,Dataset/noisy/005179.tif,को
Dataset/clean/005180.tif,Dataset/noisy/005180.tif,तत्र
Dataset/clean/005181.tif,Dataset/noisy/005181.tif,ति
Dataset/clean/005182.tif,Dataset/noisy/005182.tif,तोन
Dataset/clean/005183.tif,Dataset/noisy/005183.tif,स्वयं
Dataset/clean/005184.tif,Dataset/noisy/005184.tif,राम
Dataset/clean/005185.tif,Dataset/noisy/005185.tif,छुक्रमकाय
Dataset/clean/005186.tif,Dataset/noisy/005186.tif,सपर्यगा
Dataset/clean/005187.tif,Dataset/noisy/005187.tif,त्तस्मिन्नपो
Dataset/clean/005188.tif,Dataset/noisy/005188.tif,मातरिश्वादधाति
Dataset/clean/005189.tif,Dataset/noisy/005189.tif,४
Dataset/clean/005190.tif,Dataset/noisy/005190.tif,तदेजतितन्नैज
Dataset/clean/005191.tif,Dataset/noisy/005191.tif,तदंतर
Dataset/clean/005192.tif,Dataset/noisy/005192.tif,स्प
Dataset/clean/005193.tif,Dataset/noisy/005193.tif,सर्व
Dataset/clean/005194.tif,Dataset/noisy/005194.tif,सर्व
Dataset/clean/005195.tif,Dataset/noisy/005195.tif,बाह्यतः
Dataset/clean/005196.tif,Dataset/noisy/005196.tif,५
Dataset/clean/005197.tif,Dataset/noisy/005197.tif,यस्मिन्स
Dataset/clean/005198.tif,Dataset/noisy/005198.tif,मनसोजवी
Dataset/clean/005199.tif,Dataset/noisy/005199.tif,यो
Dataset/clean/005200.tif,Dataset/noisy/005200.tif,नै
Dataset/clean/005201.tif,Dataset/noisy/005201.tif,१
Dataset/clean/005202.tif,Dataset/noisy/005202.tif,श्री
Dataset/clean/005203.tif,Dataset/noisy/005203.tif,हरिः
Dataset/clean/005204.tif,Dataset/noisy/005204.tif,॥
Dataset/clean/005205.tif,Dataset/noisy/005205.tif,ईशावास्प
Dataset/clean/005206.tif,Dataset/noisy/005206.tif,जगत्
Dataset/clean/005207.tif,Dataset/noisy/005207.tif,तेन
Dataset/clean/005208.tif,Dataset/noisy/005208.tif,त्यक्तेन
Dataset/clean/005209.tif,Dataset/noisy/005209.tif,क
Dataset/clean/005210.tif,Dataset/noisy/005210.tif,१
Dataset/clean/005211.tif,Dataset/noisy/005211.tif,कुर्वन्नेवेहकर्माणि
Dataset/clean/005212.tif,Dataset/noisy/005212.tif,जिजी
Dataset/clean/005213.tif,Dataset/noisy/005213.tif,वे
Dataset/clean/005214.tif,Dataset/noisy/005214.tif,समाः
Dataset/clean/005215.tif,Dataset/noisy/005215.tif,तिये
Dataset/clean/005216.tif,Dataset/noisy/005216.tif,के
Dataset/clean/005217.tif,Dataset/noisy/005217.tif,चात्महनोजनाः
Dataset/clean/005218.tif,Dataset/noisy/005218.tif,३
Dataset/clean/005219.tif,Dataset/noisy/005219.tif,यिनान्यथेतो
Dataset/clean/005220.tif,Dataset/noisy/005220.tif,२
Dataset/clean/005221.tif,Dataset/noisy/005221.tif,मते
Dataset/clean/005222.tif,Dataset/noisy/005222.tif,लोका
Dataset/clean/005223.tif,Dataset/noisy/005223.tif,रते
Dataset/clean/005224.tif,Dataset/noisy/005224.tif,एवंत्व
Dataset/clean/005225.tif,Dataset/noisy/005225.tif,सत्यधर्मायदृष्टये
Dataset/clean/005226.tif,Dataset/noisy/005226.tif,तितहूरेत
Dataset/clean/005227.tif,Dataset/noisy/005227.tif,नुप​॰
Dataset/clean/005228.tif,Dataset/noisy/005228.tif,ताꣳ
Dataset/clean/005229.tif,Dataset/noisy/005229.tif,लिय्य​तेनरे
Dataset/clean/005230.tif,Dataset/noisy/005230.tif,प्रेत्यामिगंछं
Dataset/clean/005231.tif,Dataset/noisy/005231.tif,तमसावृता:
Dataset/clean/005232.tif,Dataset/noisy/005232.tif,तद्वावतो
Dataset/clean/005233.tif,Dataset/noisy/005233.tif,न्यानत्त्येतितिष्ट
Dataset/clean/005234.tif,Dataset/noisy/005234.tif,अनेजदेकं
Dataset/clean/005235.tif,Dataset/noisy/005235.tif,नद्देवाआन्पुवन्यूर्बमर्षत्
Dataset/clean/005236.tif,Dataset/noisy/005236.tif,न्यात्मन्येवानुपश्य​
Dataset/clean/005237.tif,Dataset/noisy/005237.tif,सर्वाणिभूता
Dataset/clean/005238.tif,Dataset/noisy/005238.tif,यस्क्त​
Dataset/clean/005239.tif,Dataset/noisy/005239.tif,स्यास्य
Dataset/clean/005240.tif,Dataset/noisy/005240.tif,स्पतड
Dataset/clean/005241.tif,Dataset/noisy/005241.tif,द्व​न्तिके
Dataset/clean/005242.tif,Dataset/noisy/005242.tif,६
Dataset/clean/005243.tif,Dataset/noisy/005243.tif,बिजुगुस​ते
Dataset/clean/005244.tif,Dataset/noisy/005244.tif,सर्वभूतेषुचात्मानंत
Dataset/clean/005245.tif,Dataset/noisy/005245.tif,१
Dataset/clean/005246.tif,Dataset/noisy/005246.tif,र्बाणिमूतान्यात्मै
Dataset/clean/005247.tif,Dataset/noisy/005247.tif,वाभू
Dataset/clean/005248.tif,Dataset/noisy/005248.tif,द्विजा
Dataset/clean/005249.tif,Dataset/noisy/005249.tif,सूर्याथातथ्यतोर्थान्व्यदधाछा
Dataset/clean/005250.tif,Dataset/noisy/005250.tif,शोकएकत्वमनुपश्पतः
Dataset/clean/005251.tif,Dataset/noisy/005251.tif,नतः
Dataset/clean/005252.tif,Dataset/noisy/005252.tif,ꣳ
Dataset/clean/005253.tif,Dataset/noisy/005253.tif,श्रुद्वमपापं
Dataset/clean/005254.tif,Dataset/noisy/005254.tif,बिद्वं
Dataset/clean/005255.tif,Dataset/noisy/005255.tif,मव्रणम
Dataset/clean/005256.tif,Dataset/noisy/005256.tif,म्य​:
Dataset/clean/005257.tif,Dataset/noisy/005257.tif,समाम्य​:
Dataset/clean/005258.tif,Dataset/noisy/005258.tif,अंधंतमः
Dataset/clean/005259.tif,Dataset/noisy/005259.tif,प्रविशंतिये
Dataset/clean/005260.tif,Dataset/noisy/005260.tif,भूयइवते
Dataset/clean/005261.tif,Dataset/noisy/005261.tif,द्याया
Dataset/clean/005262.tif,Dataset/noisy/005262.tif,स​
Dataset/clean/005263.tif,Dataset/noisy/005263.tif,अन्यदेवाऊर्विद्ययाऽन्यदाऊरविद्यया
Dataset/clean/005264.tif,Dataset/noisy/005264.tif,इतिश्रुश्रुम
Dataset/clean/005265.tif,Dataset/noisy/005265.tif,ꣳ
Dataset/clean/005266.tif,Dataset/noisy/005266.tif,श्वती
Dataset/clean/005267.tif,Dataset/noisy/005267.tif,संभवादन्यदाऊरसंभवात्
Dataset/clean/005268.tif,Dataset/noisy/005268.tif,द्विचचक्षिरे
Dataset/clean/005269.tif,Dataset/noisy/005269.tif,स्त​द्वदो
Dataset/clean/005270.tif,Dataset/noisy/005270.tif,मयꣳसह​
Dataset/clean/005271.tif,Dataset/noisy/005271.tif,तीर्त्त्वा
Dataset/clean/005272.tif,Dataset/noisy/005272.tif,श्रंधंतमः
Dataset/clean/005273.tif,Dataset/noisy/005273.tif,प्रविशंतिये
Dataset/clean/005274.tif,Dataset/noisy/005274.tif,ततोमूय
Dataset/clean/005275.tif,Dataset/noisy/005275.tif,मयꣳसह
Dataset/clean/005276.tif,Dataset/noisy/005276.tif,शेमृत्युंती।
Dataset/clean/005277.tif,Dataset/noisy/005277.tif,संभूत्पाꣳरताः
Dataset/clean/005278.tif,Dataset/noisy/005278.tif,१३
Dataset/clean/005279.tif,Dataset/noisy/005279.tif,संमूं
Dataset/clean/005280.tif,Dataset/noisy/005280.tif,विनाशं
Dataset/clean/005281.tif,Dataset/noisy/005281.tif,र्त्त्वासंभूत्पामृतमश्रुते
Dataset/clean/005282.tif,Dataset/noisy/005282.tif,क्रियतेत्यं
Dataset/clean/005283.tif,Dataset/noisy/005283.tif,र्भोज्यभों
Dataset/clean/005284.tif,Dataset/noisy/005284.tif,दुःखगा
Dataset/clean/005285.tif,Dataset/noisy/005285.tif,हित​
Dataset/clean/005286.tif,Dataset/noisy/005286.tif,र्नित्य​
Dataset/clean/005287.tif,Dataset/noisy/005287.tif,क्तो
Dataset/clean/005288.tif,Dataset/noisy/005288.tif,ऽ
Dataset/clean/005289.tif,Dataset/noisy/005289.tif,व्य​
Dataset/clean/005290.tif,Dataset/noisy/005290.tif,वृक्ष
Dataset/clean/005291.tif,Dataset/noisy/005291.tif,त​
Dataset/clean/005292.tif,Dataset/noisy/005292.tif,परिष्वक्तवं
Dataset/clean/005293.tif,Dataset/noisy/005293.tif,स्फपर्णाविवैक
Dataset/clean/005294.tif,Dataset/noisy/005294.tif,ऊर्ध्वमूलोऽया
Dataset/clean/005295.tif,Dataset/noisy/005295.tif,कूशा
Dataset/clean/005296.tif,Dataset/noisy/005296.tif,रवोऽश्वत्यो
Dataset/clean/005297.tif,Dataset/noisy/005297.tif,सर्वप्राणिकर्मफलाश्रयञं
Dataset/clean/005298.tif,Dataset/noisy/005298.tif,ऽ
Dataset/clean/005299.tif,Dataset/noisy/005299.tif,स्वाद्द​नेक
Dataset/clean/005300.tif,Dataset/noisy/005300.tif,अनश्नन्नन्य
Dataset/clean/005301.tif,Dataset/noisy/005301.tif,रोनित्यश्रुद्धमुक्तस्वभाव
Dataset/clean/005302.tif,Dataset/noisy/005302.tif,:
Dataset/clean/005303.tif,Dataset/noisy/005303.tif,ह्व
Dataset/clean/005304.tif,Dataset/noisy/005304.tif,कं
Dataset/clean/005305.tif,Dataset/noisy/005305.tif,वृक्षं
Dataset/clean/005306.tif,Dataset/noisy/005306.tif,वृक्षं
Dataset/clean/005307.tif,Dataset/noisy/005307.tif,संतौ
Dataset/clean/005308.tif,Dataset/noisy/005308.tif,व्ध्यधिष्ठान
Dataset/clean/005309.tif,Dataset/noisy/005309.tif,ह​सामान्याच्छरीरं
Dataset/clean/005310.tif,Dataset/noisy/005310.tif,शोभनपतनौ
Dataset/clean/005311.tif,Dataset/noisy/005311.tif,तयै
Dataset/clean/005312.tif,Dataset/noisy/005312.tif,त्घत्वात्व्ल
Dataset/clean/005313.tif,Dataset/noisy/005313.tif,निर्धारणंच
Dataset/clean/005314.tif,Dataset/noisy/005314.tif,सुपर्णाद्यौसुपर्णौ
Dataset/clean/005315.tif,Dataset/noisy/005315.tif,स्य​ते
Dataset/clean/005316.tif,Dataset/noisy/005316.tif,सत्वन
Dataset/clean/005317.tif,Dataset/noisy/005317.tif,साक्षित्वसत्तामात्रेण
Dataset/clean/005318.tif,Dataset/noisy/005318.tif,दर्शनमात्रं
Dataset/clean/005319.tif,Dataset/noisy/005319.tif,केवलं
Dataset/clean/005320.tif,Dataset/noisy/005320.tif,पश्यत्येव
Dataset/clean/005321.tif,Dataset/noisy/005321.tif,श्रन्नन्योऽभिचाकशीति
Dataset/clean/005322.tif,Dataset/noisy/005322.tif,कर्म
Dataset/clean/005323.tif,Dataset/noisy/005323.tif,दुःख
Dataset/clean/005324.tif,Dataset/noisy/005324.tif,लक्षणं
Dataset/clean/005325.tif,Dataset/noisy/005325.tif,रूपं
Dataset/clean/005326.tif,Dataset/noisy/005326.tif,स्वाद्दति
Dataset/clean/005327.tif,Dataset/noisy/005327.tif,भक्षयत्युपभुंक्ते
Dataset/clean/005328.tif,Dataset/noisy/005328.tif,सर्वज्ञ.सर्व
Dataset/clean/005329.tif,Dataset/noisy/005329.tif,सत्वोपाधिरीश्वरोनाश्नाति
Dataset/clean/005330.tif,Dataset/noisy/005330.tif,प्रेरयिता
Dataset/clean/005331.tif,Dataset/noisy/005331.tif,सावुभयो
Dataset/clean/005332.tif,Dataset/noisy/005332.tif,सुख
Dataset/clean/005333.tif,Dataset/noisy/005333.tif,निष्पन्नं
Dataset/clean/005334.tif,Dataset/noisy/005334.tif,फलं
Dataset/clean/005335.tif,Dataset/noisy/005335.tif,विचित्र
Dataset/clean/005336.tif,Dataset/noisy/005336.tif,विवेकतः
Dataset/clean/005337.tif,Dataset/noisy/005337.tif,सुवर्णा
Dataset/clean/005338.tif,Dataset/noisy/005338.tif,विवाविद्या
Dataset/clean/005339.tif,Dataset/noisy/005339.tif,काम
Dataset/clean/005340.tif,Dataset/noisy/005340.tif,कर्म
Dataset/clean/005341.tif,Dataset/noisy/005341.tif,वासना
Dataset/clean/005342.tif,Dataset/noisy/005342.tif,श्रय
Dataset/clean/005343.tif,Dataset/noisy/005343.tif,लिंगोपाध्यात्मेश्वरौ
Dataset/clean/005344.tif,Dataset/noisy/005344.tif,तयोः
Dataset/clean/005345.tif,Dataset/noisy/005345.tif,प
Dataset/clean/005346.tif,Dataset/noisy/005346.tif,रिष्वक्तयोरन्य
Dataset/clean/005347.tif,Dataset/noisy/005347.tif,एकः
Dataset/clean/005348.tif,Dataset/noisy/005348.tif,क्षेत्रज्ञो
Dataset/clean/005349.tif,Dataset/noisy/005349.tif,लिंगोपाधिवृक्षमाश्रितः
Dataset/clean/005350.tif,Dataset/noisy/005350.tif,पिप्पलं
Dataset/clean/005351.tif,Dataset/noisy/005351.tif,फलं
Dataset/clean/005352.tif,Dataset/noisy/005352.tif,वेदना
Dataset/clean/005353.tif,Dataset/noisy/005353.tif,स्वाद
Dataset/clean/005354.tif,Dataset/noisy/005354.tif,इतर
Dataset/clean/005355.tif,Dataset/noisy/005355.tif,ईश्व
Dataset/clean/005356.tif,Dataset/noisy/005356.tif,समानमविशेषमुपल
Dataset/clean/005357.tif,Dataset/noisy/005357.tif,वृक्षंप
Dataset/clean/005358.tif,Dataset/noisy/005358.tif,रिष
Dataset/clean/005359.tif,Dataset/noisy/005359.tif,स्वजा
Dataset/clean/005360.tif,Dataset/noisy/005360.tif,तौ
Dataset/clean/005361.tif,Dataset/noisy/005361.tif,वृक्षं
Dataset/clean/005362.tif,Dataset/noisy/005362.tif,फलोपभोगार्थमयं
Dataset/clean/005363.tif,Dataset/noisy/005363.tif,हि
Dataset/clean/005364.tif,Dataset/noisy/005364.tif,परिष्वक्तौ
Dataset/clean/005365.tif,Dataset/noisy/005365.tif,क्र
Dataset/clean/005366.tif,Dataset/noisy/005366.tif,मूल
Dataset/clean/005367.tif,Dataset/noisy/005367.tif,प्रभवः
Dataset/clean/005368.tif,Dataset/noisy/005368.tif,क्षेत्रसंज्ञकः
Dataset/clean/005369.tif,Dataset/noisy/005369.tif,वंभूतौ
Dataset/clean/005370.tif,Dataset/noisy/005370.tif,इवोच्छे
Dataset/clean/005371.tif,Dataset/noisy/005371.tif,४२
Dataset/clean/005372.tif,Dataset/noisy/005372.tif,मुं
Dataset/clean/005373.tif,Dataset/noisy/005373.tif,०
Dataset/clean/005374.tif,Dataset/noisy/005374.tif,भा
Dataset/clean/005375.tif,Dataset/noisy/005375.tif,०
Dataset/clean/005376.tif,Dataset/noisy/005376.tif,भः
Dataset/clean/005377.tif,Dataset/noisy/005377.tif,प्राधान्येन
Dataset/clean/005378.tif,Dataset/noisy/005378.tif,तत्व
Dataset/clean/005379.tif,Dataset/noisy/005379.tif,प्रकारांतरेण
Dataset/clean/005380.tif,Dataset/noisy/005380.tif,न
Dataset/clean/005381.tif,Dataset/noisy/005381.tif,तम
Dataset/clean/005382.tif,Dataset/noisy/005382.tif,पितत्र
Dataset/clean/005383.tif,Dataset/noisy/005383.tif,सूत्र
Dataset/clean/005384.tif,Dataset/noisy/005384.tif,भूतो
Dataset/clean/005385.tif,Dataset/noisy/005385.tif,मंत्रः
Dataset/clean/005386.tif,Dataset/noisy/005386.tif,परमार्थ
Dataset/clean/005387.tif,Dataset/noisy/005387.tif,व
Dataset/clean/005388.tif,Dataset/noisy/005388.tif,रत्त्व
Dataset/clean/005389.tif,Dataset/noisy/005389.tif,व
Dataset/clean/005390.tif,Dataset/noisy/005390.tif,धार
Dataset/clean/005391.tif,Dataset/noisy/005391.tif,प्यार्थमुपन्य
Dataset/clean/005392.tif,Dataset/noisy/005392.tif,द्वा
Dataset/clean/005393.tif,Dataset/noisy/005393.tif,समानाभिव्यक्ति
Dataset/clean/005394.tif,Dataset/noisy/005394.tif,कारणावे
Dataset/clean/005395.tif,Dataset/noisy/005395.tif,तत्तस्मात्साध्या
Dataset/clean/005396.tif,Dataset/noisy/005396.tif,घज्ञातृणां
Dataset/clean/005397.tif,Dataset/noisy/005397.tif,गणितखूं
Dataset/clean/005398.tif,Dataset/noisy/005398.tif,चेतू
Dataset/clean/005399.tif,Dataset/noisy/005399.tif,ज्योतिर्विदा
Dataset/clean/005400.tif,Dataset/noisy/005400.tif,हाय​
Dataset/clean/005401.tif,Dataset/noisy/005401.tif,॥
Dataset/clean/005402.tif,Dataset/noisy/005402.tif,केशवी॰
Dataset/clean/005403.tif,Dataset/noisy/005403.tif,प्र.का
Dataset/clean/005404.tif,Dataset/noisy/005404.tif,॥२॥
Dataset/clean/005405.tif,Dataset/noisy/005405.tif,पूलज्ञा
Dataset/clean/005406.tif,Dataset/noisy/005406.tif,दिनाश्रुभाश्रुभ
Dataset/clean/005407.tif,Dataset/noisy/005407.tif,संहितावि
Dataset/clean/005408.tif,Dataset/noisy/005408.tif,एव
Dataset/clean/005409.tif,Dataset/noisy/005409.tif,विदांतुयुक्त
Dataset/clean/005410.tif,Dataset/noisy/005410.tif,घवदर्शनात्संतोषः
Dataset/clean/005411.tif,Dataset/noisy/005411.tif,॥
Dataset/clean/005412.tif,Dataset/noisy/005412.tif,जात​क
Dataset/clean/005413.tif,Dataset/noisy/005413.tif,य॥अञ
Dataset/clean/005414.tif,Dataset/noisy/005414.tif,पइ
Dataset/clean/005415.tif,Dataset/noisy/005415.tif,संबध
Dataset/clean/005416.tif,Dataset/noisy/005416.tif,ताज्जिज्ञासुरधिकारी
Dataset/clean/005417.tif,Dataset/noisy/005417.tif,तज्ज्ञानं
Dataset/clean/005418.tif,Dataset/noisy/005418.tif,पड्व
Dataset/clean/005419.tif,Dataset/noisy/005419.tif,त्यनुबंधचतुसृय​कथनाभावप्रयुक्त
Dataset/clean/005420.tif,Dataset/noisy/005420.tif,संब​धाधिकारी
Dataset/clean/005421.tif,Dataset/noisy/005421.tif,लद्योतक
Dataset/clean/005422.tif,Dataset/noisy/005422.tif,.
Dataset/clean/005423.tif,Dataset/noisy/005423.tif,त्रादौन
Dataset/clean/005424.tif,Dataset/noisy/005424.tif,त​रेणया
Dataset/clean/005425.tif,Dataset/noisy/005425.tif,॥
Dataset/clean/005426.tif,Dataset/noisy/005426.tif,रारत्ता
Dataset/clean/005427.tif,Dataset/noisy/005427.tif,श्रोतृप्रवृत्प​
Dataset/clean/005428.tif,Dataset/noisy/005428.tif,कष्ट
Dataset/clean/005429.tif,Dataset/noisy/005429.tif,लेष्ट
Dataset/clean/005430.tif,Dataset/noisy/005430.tif,सिहपद्धत्यादिषु
Dataset/clean/005431.tif,Dataset/noisy/005431.tif,नृं
Dataset/clean/005432.tif,Dataset/noisy/005432.tif,कु
Dataset/clean/005433.tif,Dataset/noisy/005433.tif,वाला
Dataset/clean/005434.tif,Dataset/noisy/005434.tif,स्फटा
Dataset/clean/005435.tif,Dataset/noisy/005435.tif,॥
Dataset/clean/005436.tif,Dataset/noisy/005436.tif,॥9
Dataset/clean/005437.tif,Dataset/noisy/005437.tif,स्तर्क्षं
Dataset/clean/005438.tif,Dataset/noisy/005438.tif,मइहा
Dataset/clean/005439.tif,Dataset/noisy/005439.tif,तउद्र​
Dataset/clean/005440.tif,Dataset/noisy/005440.tif,त्पक्षे
Dataset/clean/005441.tif,Dataset/noisy/005441.tif,यस्फु
Dataset/clean/005442.tif,Dataset/noisy/005442.tif,रवे
Dataset/clean/005443.tif,Dataset/noisy/005443.tif,वे
Dataset/clean/005444.tif,Dataset/noisy/005444.tif,रांत्र
Dataset/clean/005445.tif,Dataset/noisy/005445.tif,स्फष्ट
Dataset/clean/005446.tif,Dataset/noisy/005446.tif,यंत्रे
Dataset/clean/005447.tif,Dataset/noisy/005447.tif,॥
Dataset/clean/005448.tif,Dataset/noisy/005448.tif,॥२॥
Dataset/clean/005449.tif,Dataset/noisy/005449.tif,साधनं
Dataset/clean/005450.tif,Dataset/noisy/005450.tif,नोघ
Dataset/clean/005451.tif,Dataset/noisy/005451.tif,गोल
Dataset/clean/005452.tif,Dataset/noisy/005452.tif,त्रैघटी
Dataset/clean/005453.tif,Dataset/noisy/005453.tif,फल​
Dataset/clean/005454.tif,Dataset/noisy/005454.tif,इति॥अत्र
Dataset/clean/005455.tif,Dataset/noisy/005455.tif,॥
Dataset/clean/005456.tif,Dataset/noisy/005456.tif,तर्दे
Dataset/clean/005457.tif,Dataset/noisy/005457.tif,:
Dataset/clean/005458.tif,Dataset/noisy/005458.tif,घटं
Dataset/clean/005459.tif,Dataset/noisy/005459.tif,:
Dataset/clean/005460.tif,Dataset/noisy/005460.tif,ष्टा
Dataset/clean/005461.tif,Dataset/noisy/005461.tif,स्फुष्टास्फ
Dataset/clean/005462.tif,Dataset/noisy/005462.tif,यश्वासौ
Dataset/clean/005463.tif,Dataset/noisy/005463.tif,यांति
Dataset/clean/005464.tif,Dataset/noisy/005464.tif,त्कुल्यतां
Dataset/clean/005465.tif,Dataset/noisy/005465.tif,तिसंचरंति
Dataset/clean/005466.tif,Dataset/noisy/005466.tif,यद्वा
Dataset/clean/005467.tif,Dataset/noisy/005467.tif,ज्ञेयः
Dataset/clean/005468.tif,Dataset/noisy/005468.tif,वेद्य​:
Dataset/clean/005469.tif,Dataset/noisy/005469.tif,स्फय्ट:
Dataset/clean/005470.tif,Dataset/noisy/005470.tif,कुवळयादिभिः
Dataset/clean/005471.tif,Dataset/noisy/005471.tif,यशं
Dataset/clean/005472.tif,Dataset/noisy/005472.tif,॥
Dataset/clean/005473.tif,Dataset/noisy/005473.tif,तस्मि
Dataset/clean/005474.tif,Dataset/noisy/005474.tif,अटं
Dataset/clean/005475.tif,Dataset/noisy/005475.tif,तेरवेयः
Dataset/clean/005476.tif,Dataset/noisy/005476.tif,अकाशे
Dataset/clean/005477.tif,Dataset/noisy/005477.tif,स्वेटा:
Dataset/clean/005478.tif,Dataset/noisy/005478.tif,अभ​
Dataset/clean/005479.tif,Dataset/noisy/005479.tif,ह्व​:
Dataset/clean/005480.tif,Dataset/noisy/005480.tif,त्रावप्यू
Dataset/clean/005481.tif,Dataset/noisy/005481.tif,एवंश​
Dataset/clean/005482.tif,Dataset/noisy/005482.tif,तिज्ञेय:
Dataset/clean/005483.tif,Dataset/noisy/005483.tif,द्वाह
Dataset/clean/005484.tif,Dataset/noisy/005484.tif,:
Dataset/clean/005485.tif,Dataset/noisy/005485.tif,र्विवरणे
Dataset/clean/005486.tif,Dataset/noisy/005486.tif,जन्सो
Dataset/clean/005487.tif,Dataset/noisy/005487.tif,उक्तं
Dataset/clean/005488.tif,Dataset/noisy/005488.tif,॥
Dataset/clean/005489.tif,Dataset/noisy/005489.tif,॥
Dataset/clean/005490.tif,Dataset/noisy/005490.tif,स​
Dataset/clean/005491.tif,Dataset/noisy/005491.tif,सषड्भ:
Dataset/clean/005492.tif,Dataset/noisy/005492.tif,स​षङ्गः
Dataset/clean/005493.tif,Dataset/noisy/005493.tif,उद्र​मः
Dataset/clean/005494.tif,Dataset/noisy/005494.tif,वशाद्र​छ
Dataset/clean/005495.tif,Dataset/noisy/005495.tif,कं
Dataset/clean/005496.tif,Dataset/noisy/005496.tif,स्ति
Dataset/clean/005497.tif,Dataset/noisy/005497.tif,प्राक् स्व​
Dataset/clean/005498.tif,Dataset/noisy/005498.tif,ऊर्ध्वंउदयाच
Dataset/clean/005499.tif,Dataset/noisy/005499.tif,॥
Dataset/clean/005500.tif,Dataset/noisy/005500.tif,राशिषट्क
Dataset/clean/005501.tif,Dataset/noisy/005501.tif,षड्भ
Dataset/clean/005502.tif,Dataset/noisy/005502.tif,षण्णांभानां
Dataset/clean/005503.tif,Dataset/noisy/005503.tif,ह
Dataset/clean/005504.tif,Dataset/noisy/005504.tif,नैकपक्षाभिमानइयादिइ
Dataset/clean/005505.tif,Dataset/noisy/005505.tif,विघ​म
Dataset/clean/005506.tif,Dataset/noisy/005506.tif,व​हु
Dataset/clean/005507.tif,Dataset/noisy/005507.tif,यश्र​
Dataset/clean/005508.tif,Dataset/noisy/005508.tif,रवे
Dataset/clean/005509.tif,Dataset/noisy/005509.tif,ष्ट
Dataset/clean/005510.tif,Dataset/noisy/005510.tif,स्फ
Dataset/clean/005511.tif,Dataset/noisy/005511.tif,लग्नं
Dataset/clean/005512.tif,Dataset/noisy/005512.tif,व​र
Dataset/clean/005513.tif,Dataset/noisy/005513.tif,सांध्यं
Dataset/clean/005514.tif,Dataset/noisy/005514.tif,र्वादोद्रष्टव्य​:
Dataset/clean/005515.tif,Dataset/noisy/005515.tif,चपरंस​:
Dataset/clean/005516.tif,Dataset/noisy/005516.tif,विश्रतिमू
Dataset/clean/005517.tif,Dataset/noisy/005517.tif,स्वनवंसे
Dataset/clean/005518.tif,Dataset/noisy/005518.tif,१
Dataset/clean/005519.tif,Dataset/noisy/005519.tif,मधुसुदनवदन
Dataset/clean/005520.tif,Dataset/noisy/005520.tif,सरो
Dataset/clean/005521.tif,Dataset/noisy/005521.tif,किम
Dataset/clean/005522.tif,Dataset/noisy/005522.tif,॥
Dataset/clean/005523.tif,Dataset/noisy/005523.tif,विदमुयमुनानृटकुले
Dataset/clean/005524.tif,Dataset/noisy/005524.tif,मंजु
Dataset/clean/005525.tif,Dataset/noisy/005525.tif,लवंजुल
Dataset/clean/005526.tif,Dataset/noisy/005526.tif,कुंजगतंविवकर्ष
Dataset/clean/005527.tif,Dataset/noisy/005527.tif,करे
Dataset/clean/005528.tif,Dataset/noisy/005528.tif,५
Dataset/clean/005529.tif,Dataset/noisy/005529.tif,:
Dataset/clean/005530.tif,Dataset/noisy/005530.tif,काम
Dataset/clean/005531.tif,Dataset/noisy/005531.tif,विलोल
Dataset/clean/005532.tif,Dataset/noisy/005532.tif,बिलोवनचुंबंनजनि
Dataset/clean/005533.tif,Dataset/noisy/005533.tif,तमनोजं॥
Dataset/clean/005534.tif,Dataset/noisy/005534.tif,॥
Dataset/clean/005535.tif,Dataset/noisy/005535.tif,ध्यायतिमूग्ध
Dataset/clean/005536.tif,Dataset/noisy/005536.tif,तपंचमएगं॥२॥कापिविलांस
Dataset/clean/005537.tif,Dataset/noisy/005537.tif,वधू
Dataset/clean/005538.tif,Dataset/noisy/005538.tif,रथिकं
Dataset/clean/005539.tif,Dataset/noisy/005539.tif,काविक
Dataset/clean/005540.tif,Dataset/noisy/005540.tif,पोनतलेमि
Dataset/clean/005541.tif,Dataset/noisy/005541.tif,जं॥३॥
Dataset/clean/005542.tif,Dataset/noisy/005542.tif,एसरसेस
Dataset/clean/005543.tif,Dataset/noisy/005543.tif,तकल
Dataset/clean/005544.tif,Dataset/noisy/005544.tif,लितर्ल
Dataset/clean/005545.tif,Dataset/noisy/005545.tif,पितुं
Dataset/clean/005546.tif,Dataset/noisy/005546.tif,ले॥
Dataset/clean/005547.tif,Dataset/noisy/005547.tif,केलिकंलाकुतुकेनवका
Dataset/clean/005548.tif,Dataset/noisy/005548.tif,॥
Dataset/clean/005549.tif,Dataset/noisy/005549.tif,णउकुले
Dataset/clean/005550.tif,Dataset/noisy/005550.tif,वारुवुवुंब​
Dataset/clean/005551.tif,Dataset/noisy/005551.tif,नितंबवति
Dataset/clean/005552.tif,Dataset/noisy/005552.tif,लि
Dataset/clean/005553.tif,Dataset/noisy/005553.tif,तवैतरल
Dataset/clean/005554.tif,Dataset/noisy/005554.tif,॥
Dataset/clean/005555.tif,Dataset/noisy/005555.tif,करतलता
Dataset/clean/005556.tif,Dataset/noisy/005556.tif,॥
Dataset/clean/005557.tif,Dataset/noisy/005557.tif,६॥
Dataset/clean/005558.tif,Dataset/noisy/005558.tif,कैरनुकुले
Dataset/clean/005559.tif,Dataset/noisy/005559.tif,नुंपुल
Dataset/clean/005560.tif,Dataset/noisy/005560.tif,दयी
Dataset/clean/005561.tif,Dataset/noisy/005561.tif,श्लिष्पति
Dataset/clean/005562.tif,Dataset/noisy/005562.tif,पिबुंब​तिकाम
Dataset/clean/005563.tif,Dataset/noisy/005563.tif,पिरमयति।
Dataset/clean/005564.tif,Dataset/noisy/005564.tif,कामपिएमं
Dataset/clean/005565.tif,Dataset/noisy/005565.tif,पश्यतिसस्मि
Dataset/clean/005566.tif,Dataset/noisy/005566.tif,॥
Dataset/clean/005567.tif,Dataset/noisy/005567.tif,वलयावनिक
Dataset/clean/005568.tif,Dataset/noisy/005568.tif,६॥
Dataset/clean/005569.tif,Dataset/noisy/005569.tif,संसे॥
Dataset/clean/005570.tif,Dataset/noisy/005570.tif,पश​
Dataset/clean/005571.tif,Dataset/noisy/005571.tif,पराह​रिणायुवति
Dataset/clean/005572.tif,Dataset/noisy/005572.tif,हनृत्प
Dataset/clean/005573.tif,Dataset/noisy/005573.tif,जयौ
Dataset/clean/005574.tif,Dataset/noisy/005574.tif,जयपरा
Dataset/clean/005575.tif,Dataset/noisy/005575.tif,युध्दे
Dataset/clean/005576.tif,Dataset/noisy/005576.tif,ज्ञानं
Dataset/clean/005577.tif,Dataset/noisy/005577.tif,ष्हि
Dataset/clean/005578.tif,Dataset/noisy/005578.tif,याव
Dataset/clean/005579.tif,Dataset/noisy/005579.tif,अथश्वचैष्ट
Dataset/clean/005580.tif,Dataset/noisy/005580.tif,३६
Dataset/clean/005581.tif,Dataset/noisy/005581.tif,रणं
Dataset/clean/005582.tif,Dataset/noisy/005582.tif,मनु
Dataset/clean/005583.tif,Dataset/noisy/005583.tif,वूषि
Dataset/clean/005584.tif,Dataset/noisy/005584.tif,अथ
Dataset/clean/005585.tif,Dataset/noisy/005585.tif,स्य
Dataset/clean/005586.tif,Dataset/noisy/005586.tif,अथविवाहेत​
Dataset/clean/005587.tif,Dataset/noisy/005587.tif,तद्विधिश्रव
Dataset/clean/005588.tif,Dataset/noisy/005588.tif,नेग्राद्य:
Dataset/clean/005589.tif,Dataset/noisy/005589.tif,३३
Dataset/clean/005590.tif,Dataset/noisy/005590.tif,श्पु
Dataset/clean/005591.tif,Dataset/noisy/005591.tif,वूहण:
Dataset/clean/005592.tif,Dataset/noisy/005592.tif,तत्र​
Dataset/clean/005593.tif,Dataset/noisy/005593.tif,जाति:
Dataset/clean/005594.tif,Dataset/noisy/005594.tif,तस्यविप्रााद​
Dataset/clean/005595.tif,Dataset/noisy/005595.tif,शकुन:
Dataset/clean/005596.tif,Dataset/noisy/005596.tif,तदीत्य
Dataset/clean/005597.tif,Dataset/noisy/005597.tif,३५
Dataset/clean/005598.tif,Dataset/noisy/005598.tif,अथश्रुन:
Dataset/clean/005599.tif,Dataset/noisy/005599.tif,वारूतं
Dataset/clean/005600.tif,Dataset/noisy/005600.tif,यात्रायाशि
Dataset/clean/005601.tif,Dataset/noisy/005601.tif,फल
Dataset/clean/005602.tif,Dataset/noisy/005602.tif,दिशा
Dataset/clean/005603.tif,Dataset/noisy/005603.tif,शांत
Dataset/clean/005604.tif,Dataset/noisy/005604.tif,त्रधमि
Dataset/clean/005605.tif,Dataset/noisy/005605.tif,त
Dataset/clean/005606.tif,Dataset/noisy/005606.tif,जणदंबाप्रसाद​:
Dataset/clean/005607.tif,Dataset/noisy/005607.tif,यात्रायाशि
Dataset/clean/005608.tif,Dataset/noisy/005608.tif,छागी
Dataset/clean/005609.tif,Dataset/noisy/005609.tif,गर्दभ​:
Dataset/clean/005610.tif,Dataset/noisy/005610.tif,गौ:
Dataset/clean/005611.tif,Dataset/noisy/005611.tif,अथ
Dataset/clean/005612.tif,Dataset/noisy/005612.tif,त
Dataset/clean/005613.tif,Dataset/noisy/005613.tif,भेङ:
Dataset/clean/005614.tif,Dataset/noisy/005614.tif,फङक:
Dataset/clean/005615.tif,Dataset/noisy/005615.tif,उष्र​:
Dataset/clean/005616.tif,Dataset/noisy/005616.tif,छुछुंदश
Dataset/clean/005617.tif,Dataset/noisy/005617.tif,बिडालः
Dataset/clean/005618.tif,Dataset/noisy/005618.tif,अथवन्याः
Dataset/clean/005619.tif,Dataset/noisy/005619.tif,हरिणः
Dataset/clean/005620.tif,Dataset/noisy/005620.tif,अश्वर
Dataset/clean/005621.tif,Dataset/noisy/005621.tif,त्रग्राम्याः
Dataset/clean/005622.tif,Dataset/noisy/005622.tif,वृषभ​:
Dataset/clean/005623.tif,Dataset/noisy/005623.tif,महिप​:
Dataset/clean/005624.tif,Dataset/noisy/005624.tif,छाग​:
Dataset/clean/005625.tif,Dataset/noisy/005625.tif,श्री
Dataset/clean/005626.tif,Dataset/noisy/005626.tif,सप​भ:
Dataset/clean/005627.tif,Dataset/noisy/005627.tif,पुर्व​:
Dataset/clean/005628.tif,Dataset/noisy/005628.tif,गरे
Dataset/clean/005629.tif,Dataset/noisy/005629.tif,मंद्‌
Dataset/clean/005630.tif,Dataset/noisy/005630.tif,६
Dataset/clean/005631.tif,Dataset/noisy/005631.tif,स्फदि
Dataset/clean/005632.tif,Dataset/noisy/005632.tif,चैत्र​
Dataset/clean/005633.tif,Dataset/noisy/005633.tif,१७७४
Dataset/clean/005634.tif,Dataset/noisy/005634.tif,शक
Dataset/clean/005635.tif,Dataset/noisy/005635.tif,संग्रह​:
Dataset/clean/005636.tif,Dataset/noisy/005636.tif,नैसार
Dataset/clean/005637.tif,Dataset/noisy/005637.tif,शाकु
Dataset/clean/005638.tif,Dataset/noisy/005638.tif,वसतंराज​
Dataset/clean/005639.tif,Dataset/noisy/005639.tif,इति
Dataset/clean/005640.tif,Dataset/noisy/005640.tif,ज्ञानं
Dataset/clean/005641.tif,Dataset/noisy/005641.tif,श्रुम
Dataset/clean/005642.tif,Dataset/noisy/005642.tif,अथयात्रायाश्रुमा
Dataset/clean/005643.tif,Dataset/noisy/005643.tif,श्रुमाश्रुमं
Dataset/clean/005644.tif,Dataset/noisy/005644.tif,स्तकरी
Dataset/clean/005645.tif,Dataset/noisy/005645.tif,चेष्टया
Dataset/clean/005646.tif,Dataset/noisy/005646.tif,त​
Dataset/clean/005647.tif,Dataset/noisy/005647.tif,मदं
Dataset/clean/005648.tif,Dataset/noisy/005648.tif,सेन्यसा
Dataset/clean/005649.tif,Dataset/noisy/005649.tif,वारे
Dataset/clean/005650.tif,Dataset/noisy/005650.tif,स्यस्छनिस्छितस्य
Dataset/clean/005651.tif,Dataset/noisy/005651.tif,श्रुभाश्रुमत्वं
Dataset/clean/005652.tif,Dataset/noisy/005652.tif,उकस्णाल
Dataset/clean/005653.tif,Dataset/noisy/005653.tif,सिह
Dataset/clean/005654.tif,Dataset/noisy/005654.tif,२६
Dataset/clean/005655.tif,Dataset/noisy/005655.tif,सूकरी
Dataset/clean/005656.tif,Dataset/noisy/005656.tif,द्विविधः
Dataset/clean/005657.tif,Dataset/noisy/005657.tif,त्रलोहितः
Dataset/clean/005658.tif,Dataset/noisy/005658.tif,चि
Dataset/clean/005659.tif,Dataset/noisy/005659.tif,मूषक:
Dataset/clean/005660.tif,Dataset/noisy/005660.tif,२६
Dataset/clean/005661.tif,Dataset/noisy/005661.tif,हस्ती
Dataset/clean/005662.tif,Dataset/noisy/005662.tif,चतुष्यदा
Dataset/clean/005663.tif,Dataset/noisy/005663.tif,२५
Dataset/clean/005664.tif,Dataset/noisy/005664.tif,शिवारूल
Dataset/clean/005665.tif,Dataset/noisy/005665.tif,अथ
Dataset/clean/005666.tif,Dataset/noisy/005666.tif,३०
Dataset/clean/005667.tif,Dataset/noisy/005667.tif,ललीप्रकर​णं
Dataset/clean/005668.tif,Dataset/noisy/005668.tif,अथप​
Dataset/clean/005669.tif,Dataset/noisy/005669.tif,वर्णा:
Dataset/clean/005670.tif,Dataset/noisy/005670.tif,कपिल
Dataset/clean/005671.tif,Dataset/noisy/005671.tif,पिपीलिकास्छूला:
Dataset/clean/005672.tif,Dataset/noisy/005672.tif,अपदा:
Dataset/clean/005673.tif,Dataset/noisy/005673.tif,नाद्या
Dataset/clean/005674.tif,Dataset/noisy/005674.tif,मी
Dataset/clean/005675.tif,Dataset/noisy/005675.tif,अथसर्पडुंडुमौ
Dataset/clean/005676.tif,Dataset/noisy/005676.tif,खार्जुरीका
Dataset/clean/005677.tif,Dataset/noisy/005677.tif,ल
Dataset/clean/005678.tif,Dataset/noisy/005678.tif,मकडीजा
Dataset/clean/005679.tif,Dataset/noisy/005679.tif,शरेभ:
Dataset/clean/005680.tif,Dataset/noisy/005680.tif,२९
Dataset/clean/005681.tif,Dataset/noisy/005681.tif,कर​णं
Dataset/clean/005682.tif,Dataset/noisy/005682.tif,पदम
Dataset/clean/005683.tif,Dataset/noisy/005683.tif,षट्
Dataset/clean/005684.tif,Dataset/noisy/005684.tif,नरौ
Dataset/clean/005685.tif,Dataset/noisy/005685.tif,वा
Dataset/clean/005686.tif,Dataset/noisy/005686.tif,भल्लक
Dataset/clean/005687.tif,Dataset/noisy/005687.tif,लोमशी
Dataset/clean/005688.tif,Dataset/noisy/005688.tif,नकुल​:
Dataset/clean/005689.tif,Dataset/noisy/005689.tif,सगोहरा:
Dataset/clean/005690.tif,Dataset/noisy/005690.tif,व्याघ्रश्रफ
Dataset/clean/005691.tif,Dataset/noisy/005691.tif,कग
Dataset/clean/005692.tif,Dataset/noisy/005692.tif,शश
Dataset/clean/005693.tif,Dataset/noisy/005693.tif,शलल
Dataset/clean/005694.tif,Dataset/noisy/005694.tif,मम्टति
Dataset/clean/005695.tif,Dataset/noisy/005695.tif,नखिन:
Dataset/clean/005696.tif,Dataset/noisy/005696.tif,२७
Dataset/clean/005697.tif,Dataset/noisy/005697.tif,लंब
Dataset/clean/005698.tif,Dataset/noisy/005698.tif,कर्ण
Dataset/clean/005699.tif,Dataset/noisy/005699.tif,सर्प
Dataset/clean/005700.tif,Dataset/noisy/005700.tif,पकल
Dataset/clean/005701.tif,Dataset/noisy/005701.tif,३२
Dataset/clean/005702.tif,Dataset/noisy/005702.tif,वूक
Dataset/clean/005703.tif,Dataset/noisy/005703.tif,ला
Dataset/clean/005704.tif,Dataset/noisy/005704.tif,मृ
Dataset/clean/005705.tif,Dataset/noisy/005705.tif,२
Dataset/clean/005706.tif,Dataset/noisy/005706.tif,११
Dataset/clean/005707.tif,Dataset/noisy/005707.tif,भाव
Dataset/clean/005708.tif,Dataset/noisy/005708.tif,११
Dataset/clean/005709.tif,Dataset/noisy/005709.tif,गु
Dataset/clean/005710.tif,Dataset/noisy/005710.tif,र
Dataset/clean/005711.tif,Dataset/noisy/005711.tif,१
Dataset/clean/005712.tif,Dataset/noisy/005712.tif,३
Dataset/clean/005713.tif,Dataset/noisy/005713.tif,३
Dataset/clean/005714.tif,Dataset/noisy/005714.tif,कुंडली
Dataset/clean/005715.tif,Dataset/noisy/005715.tif,तन्वादय
Dataset/clean/005716.tif,Dataset/noisy/005716.tif,२
Dataset/clean/005717.tif,Dataset/noisy/005717.tif,२
Dataset/clean/005718.tif,Dataset/noisy/005718.tif,मृ
Dataset/clean/005719.tif,Dataset/noisy/005719.tif,७
Dataset/clean/005720.tif,Dataset/noisy/005720.tif,७
Dataset/clean/005721.tif,Dataset/noisy/005721.tif,७
Dataset/clean/005722.tif,Dataset/noisy/005722.tif,७
Dataset/clean/005723.tif,Dataset/noisy/005723.tif,६
Dataset/clean/005724.tif,Dataset/noisy/005724.tif,६
Dataset/clean/005725.tif,Dataset/noisy/005725.tif,१५
Dataset/clean/005726.tif,Dataset/noisy/005726.tif,ल​
Dataset/clean/005727.tif,Dataset/noisy/005727.tif,श
Dataset/clean/005728.tif,Dataset/noisy/005728.tif,गु
Dataset/clean/005729.tif,Dataset/noisy/005729.tif,ल​
Dataset/clean/005730.tif,Dataset/noisy/005730.tif,७
Dataset/clean/005731.tif,Dataset/noisy/005731.tif,२३
Dataset/clean/005732.tif,Dataset/noisy/005732.tif,२४
Dataset/clean/005733.tif,Dataset/noisy/005733.tif,५
Dataset/clean/005734.tif,Dataset/noisy/005734.tif,४१
Dataset/clean/005735.tif,Dataset/noisy/005735.tif,१२
Dataset/clean/005736.tif,Dataset/noisy/005736.tif,१०
Dataset/clean/005737.tif,Dataset/noisy/005737.tif,५१
Dataset/clean/005738.tif,Dataset/noisy/005738.tif,५६
Dataset/clean/005739.tif,Dataset/noisy/005739.tif,१२
Dataset/clean/005740.tif,Dataset/noisy/005740.tif,२७
Dataset/clean/005741.tif,Dataset/noisy/005741.tif,४२
Dataset/clean/005742.tif,Dataset/noisy/005742.tif,१४
Dataset/clean/005743.tif,Dataset/noisy/005743.tif,२२
Dataset/clean/005744.tif,Dataset/noisy/005744.tif,८
Dataset/clean/005745.tif,Dataset/noisy/005745.tif,३०
Dataset/clean/005746.tif,Dataset/noisy/005746.tif,२२
Dataset/clean/005747.tif,Dataset/noisy/005747.tif,२७
Dataset/clean/005748.tif,Dataset/noisy/005748.tif,४
Dataset/clean/005749.tif,Dataset/noisy/005749.tif,२३
Dataset/clean/005750.tif,Dataset/noisy/005750.tif,२१
Dataset/clean/005751.tif,Dataset/noisy/005751.tif,१२
Dataset/clean/005752.tif,Dataset/noisy/005752.tif,४
Dataset/clean/005753.tif,Dataset/noisy/005753.tif,१७
Dataset/clean/005754.tif,Dataset/noisy/005754.tif,२०
Dataset/clean/005755.tif,Dataset/noisy/005755.tif,३
Dataset/clean/005756.tif,Dataset/noisy/005756.tif,१२
Dataset/clean/005757.tif,Dataset/noisy/005757.tif,३
Dataset/clean/005758.tif,Dataset/noisy/005758.tif,३
Dataset/clean/005759.tif,Dataset/noisy/005759.tif,१८
Dataset/clean/005760.tif,Dataset/noisy/005760.tif,२७
Dataset/clean/005761.tif,Dataset/noisy/005761.tif,५७
Dataset/clean/005762.tif,Dataset/noisy/005762.tif,१३
Dataset/clean/005763.tif,Dataset/noisy/005763.tif,१२
Dataset/clean/005764.tif,Dataset/noisy/005764.tif,३
Dataset/clean/005765.tif,Dataset/noisy/005765.tif,१८
Dataset/clean/005766.tif,Dataset/noisy/005766.tif,२७
Dataset/clean/005767.tif,Dataset/noisy/005767.tif,१
Dataset/clean/005768.tif,Dataset/noisy/005768.tif,१०
Dataset/clean/005769.tif,Dataset/noisy/005769.tif,११
Dataset/clean/005770.tif,Dataset/noisy/005770.tif,१२
Dataset/clean/005771.tif,Dataset/noisy/005771.tif,१
Dataset/clean/005772.tif,Dataset/noisy/005772.tif,१७
Dataset/clean/005773.tif,Dataset/noisy/005773.tif,२०
Dataset/clean/005774.tif,Dataset/noisy/005774.tif,२७
Dataset/clean/005775.tif,Dataset/noisy/005775.tif,०
Dataset/clean/005776.tif,Dataset/noisy/005776.tif,२३
Dataset/clean/005777.tif,Dataset/noisy/005777.tif,२१
Dataset/clean/005778.tif,Dataset/noisy/005778.tif,१२
Dataset/clean/005779.tif,Dataset/noisy/005779.tif,०
Dataset/clean/005780.tif,Dataset/noisy/005780.tif,३०
Dataset/clean/005781.tif,Dataset/noisy/005781.tif,२२
Dataset/clean/005782.tif,Dataset/noisy/005782.tif,२७
Dataset/clean/005783.tif,Dataset/noisy/005783.tif,११
Dataset/clean/005784.tif,Dataset/noisy/005784.tif,३७
Dataset/clean/005785.tif,Dataset/noisy/005785.tif,२३
Dataset/clean/005786.tif,Dataset/noisy/005786.tif,१२
Dataset/clean/005787.tif,Dataset/noisy/005787.tif,११
Dataset/clean/005788.tif,Dataset/noisy/005788.tif,१०
Dataset/clean/005789.tif,Dataset/noisy/005789.tif,१७
Dataset/clean/005790.tif,Dataset/noisy/005790.tif,५७
Dataset/clean/005791.tif,Dataset/noisy/005791.tif,३०
Dataset/clean/005792.tif,Dataset/noisy/005792.tif,२२
Dataset/clean/005793.tif,Dataset/noisy/005793.tif,४
Dataset/clean/005794.tif,Dataset/noisy/005794.tif,७
Dataset/clean/005795.tif,Dataset/noisy/005795.tif,५
Dataset/clean/005796.tif,Dataset/noisy/005796.tif,८
Dataset/clean/005797.tif,Dataset/noisy/005797.tif,७
Dataset/clean/005798.tif,Dataset/noisy/005798.tif,१२
Dataset/clean/005799.tif,Dataset/noisy/005799.tif,१०
Dataset/clean/005800.tif,Dataset/noisy/005800.tif,७
Dataset/clean/005801.tif,Dataset/noisy/005801.tif,८
Dataset/clean/005802.tif,Dataset/noisy/005802.tif,७
Dataset/clean/005803.tif,Dataset/noisy/005803.tif,१०
Dataset/clean/005804.tif,Dataset/noisy/005804.tif,१२
Dataset/clean/005805.tif,Dataset/noisy/005805.tif,५
Dataset/clean/005806.tif,Dataset/noisy/005806.tif,१
Dataset/clean/005807.tif,Dataset/noisy/005807.tif,३
Dataset/clean/005808.tif,Dataset/noisy/005808.tif,६
Dataset/clean/005809.tif,Dataset/noisy/005809.tif,३
Dataset/clean/005810.tif,Dataset/noisy/005810.tif,७
Dataset/clean/005811.tif,Dataset/noisy/005811.tif,२७
Dataset/clean/005812.tif,Dataset/noisy/005812.tif,१०
Dataset/clean/005813.tif,Dataset/noisy/005813.tif,२३
Dataset/clean/005814.tif,Dataset/noisy/005814.tif,२१
Dataset/clean/005815.tif,Dataset/noisy/005815.tif,१२
Dataset/clean/005816.tif,Dataset/noisy/005816.tif,२०
Dataset/clean/005817.tif,Dataset/noisy/005817.tif,२७
Dataset/clean/005818.tif,Dataset/noisy/005818.tif,१०
Dataset/clean/005819.tif,Dataset/noisy/005819.tif,११
Dataset/clean/005820.tif,Dataset/noisy/005820.tif,१२
Dataset/clean/005821.tif,Dataset/noisy/005821.tif,३
Dataset/clean/005822.tif,Dataset/noisy/005822.tif,१८
Dataset/clean/005823.tif,Dataset/noisy/005823.tif,२७
Dataset/clean/005824.tif,Dataset/noisy/005824.tif,८
Dataset/clean/005825.tif,Dataset/noisy/005825.tif,१३
Dataset/clean/005826.tif,Dataset/noisy/005826.tif,१२
Dataset/clean/005827.tif,Dataset/noisy/005827.tif,८
Dataset/clean/005828.tif,Dataset/noisy/005828.tif,३
Dataset/clean/005829.tif,Dataset/noisy/005829.tif,१८
Dataset/clean/005830.tif,Dataset/noisy/005830.tif,२७
Dataset/clean/005831.tif,Dataset/noisy/005831.tif,१०
Dataset/clean/005832.tif,Dataset/noisy/005832.tif,११
Dataset/clean/005833.tif,Dataset/noisy/005833.tif,१२
Dataset/clean/005834.tif,Dataset/noisy/005834.tif,१७
Dataset/clean/005835.tif,Dataset/noisy/005835.tif,२०
Dataset/clean/005836.tif,Dataset/noisy/005836.tif,२७
Dataset/clean/005837.tif,Dataset/noisy/005837.tif,२३
Dataset/clean/005838.tif,Dataset/noisy/005838.tif,२१
Dataset/clean/005839.tif,Dataset/noisy/005839.tif,१२
Dataset/clean/005840.tif,Dataset/noisy/005840.tif,३०
Dataset/clean/005841.tif,Dataset/noisy/005841.tif,२२
Dataset/clean/005842.tif,Dataset/noisy/005842.tif,२७
Dataset/clean/005843.tif,Dataset/noisy/005843.tif,३७
Dataset/clean/005844.tif,Dataset/noisy/005844.tif,२३
Dataset/clean/005845.tif,Dataset/noisy/005845.tif,१२
Dataset/clean/005846.tif,Dataset/noisy/005846.tif,५
Dataset/clean/005847.tif,Dataset/noisy/005847.tif,५
Dataset/clean/005848.tif,Dataset/noisy/005848.tif,१
Dataset/clean/005849.tif,Dataset/noisy/005849.tif,३६
Dataset/clean/005850.tif,Dataset/noisy/005850.tif,११
Dataset/clean/005851.tif,Dataset/noisy/005851.tif,११
Dataset/clean/005852.tif,Dataset/noisy/005852.tif,३५
Dataset/clean/005853.tif,Dataset/noisy/005853.tif,१
Dataset/clean/005854.tif,Dataset/noisy/005854.tif,१०
Dataset/clean/005855.tif,Dataset/noisy/005855.tif,७
Dataset/clean/005856.tif,Dataset/noisy/005856.tif,७
Dataset/clean/005857.tif,Dataset/noisy/005857.tif,१०
Dataset/clean/005858.tif,Dataset/noisy/005858.tif,२२
Dataset/clean/005859.tif,Dataset/noisy/005859.tif,धय:
Dataset/clean/005860.tif,Dataset/noisy/005860.tif,श्रावा
Dataset/clean/005861.tif,Dataset/noisy/005861.tif,२
Dataset/clean/005862.tif,Dataset/noisy/005862.tif,गु
Dataset/clean/005863.tif,Dataset/noisy/005863.tif,कवेची
Dataset/clean/005864.tif,Dataset/noisy/005864.tif,॥१४॥
Dataset/clean/005865.tif,Dataset/noisy/005865.tif,र​
Dataset/clean/005866.tif,Dataset/noisy/005866.tif,च​
Dataset/clean/005867.tif,Dataset/noisy/005867.tif,मं
Dataset/clean/005868.tif,Dataset/noisy/005868.tif,वु
Dataset/clean/005869.tif,Dataset/noisy/005869.tif,गु
Dataset/clean/005870.tif,Dataset/noisy/005870.tif,श्रु
Dataset/clean/005871.tif,Dataset/noisy/005871.tif,श
Dataset/clean/005872.tif,Dataset/noisy/005872.tif,च
Dataset/clean/005873.tif,Dataset/noisy/005873.tif,च
Dataset/clean/005874.tif,Dataset/noisy/005874.tif,च
Dataset/clean/005875.tif,Dataset/noisy/005875.tif,च
Dataset/clean/005876.tif,Dataset/noisy/005876.tif,च
Dataset/clean/005877.tif,Dataset/noisy/005877.tif,च
Dataset/clean/005878.tif,Dataset/noisy/005878.tif,क्ष
Dataset/clean/005879.tif,Dataset/noisy/005879.tif,र
Dataset/clean/005880.tif,Dataset/noisy/005880.tif,च
Dataset/clean/005881.tif,Dataset/noisy/005881.tif,म
Dataset/clean/005882.tif,Dataset/noisy/005882.tif,वु
Dataset/clean/005883.tif,Dataset/noisy/005883.tif,श्रु
Dataset/clean/005884.tif,Dataset/noisy/005884.tif,च
Dataset/clean/005885.tif,Dataset/noisy/005885.tif,क्ष
Dataset/clean/005886.tif,Dataset/noisy/005886.tif,क्ष
Dataset/clean/005887.tif,Dataset/noisy/005887.tif,क्ष
Dataset/clean/005888.tif,Dataset/noisy/005888.tif,क्ष
Dataset/clean/005889.tif,Dataset/noisy/005889.tif,च
Dataset/clean/005890.tif,Dataset/noisy/005890.tif,च
Dataset/clean/005891.tif,Dataset/noisy/005891.tif,त
Dataset/clean/005892.tif,Dataset/noisy/005892.tif,ध
Dataset/clean/005893.tif,Dataset/noisy/005893.tif,स
Dataset/clean/005894.tif,Dataset/noisy/005894.tif,सु
Dataset/clean/005895.tif,Dataset/noisy/005895.tif,सु
Dataset/clean/005896.tif,Dataset/noisy/005896.tif,रि
Dataset/clean/005897.tif,Dataset/noisy/005897.tif,अथ​
Dataset/clean/005898.tif,Dataset/noisy/005898.tif,चन्द्रभाव
Dataset/clean/005899.tif,Dataset/noisy/005899.tif,द्वादश
Dataset/clean/005900.tif,Dataset/noisy/005900.tif,रस
Dataset/clean/005901.tif,Dataset/noisy/005901.tif,संधय:
Dataset/clean/005902.tif,Dataset/noisy/005902.tif,श्री राम​
Dataset/clean/005903.tif,Dataset/noisy/005903.tif,॥१४॥
Dataset/clean/005904.tif,Dataset/noisy/005904.tif,प्र.
Dataset/clean/005905.tif,Dataset/noisy/005905.tif,श
Dataset/clean/005906.tif,Dataset/noisy/005906.tif,त​
Dataset/clean/005907.tif,Dataset/noisy/005907.tif,ध
Dataset/clean/005908.tif,Dataset/noisy/005908.tif,स
Dataset/clean/005909.tif,Dataset/noisy/005909.tif,सु
Dataset/clean/005910.tif,Dataset/noisy/005910.tif,सु
Dataset/clean/005911.tif,Dataset/noisy/005911.tif,रि
Dataset/clean/005912.tif,Dataset/noisy/005912.tif,जा
Dataset/clean/005913.tif,Dataset/noisy/005913.tif,मृ
Dataset/clean/005914.tif,Dataset/noisy/005914.tif,ध
Dataset/clean/005915.tif,Dataset/noisy/005915.tif,क
Dataset/clean/005916.tif,Dataset/noisy/005916.tif,अ
Dataset/clean/005917.tif,Dataset/noisy/005917.tif,ध
Dataset/clean/005918.tif,Dataset/noisy/005918.tif,सं
Dataset/clean/005919.tif,Dataset/noisy/005919.tif,रवि
Dataset/clean/005920.tif,Dataset/noisy/005920.tif,द्वादश
Dataset/clean/005921.tif,Dataset/noisy/005921.tif,स्तन्वादय
Dataset/clean/005922.tif,Dataset/noisy/005922.tif,स्सं
Dataset/clean/005923.tif,Dataset/noisy/005923.tif,चन्द्र​
Dataset/clean/005924.tif,Dataset/noisy/005924.tif,भाव
Dataset/clean/005925.tif,Dataset/noisy/005925.tif,जक्षय
Dataset/clean/005926.tif,Dataset/noisy/005926.tif,चयफलानि
Dataset/clean/005927.tif,Dataset/noisy/005927.tif,रवि
Dataset/clean/005928.tif,Dataset/noisy/005928.tif,भाव
Dataset/clean/005929.tif,Dataset/noisy/005929.tif,जक्षय​
Dataset/clean/005930.tif,Dataset/noisy/005930.tif,चयफलानि
Dataset/clean/005931.tif,Dataset/noisy/005931.tif,जा
Dataset/clean/005932.tif,Dataset/noisy/005932.tif,ध
Dataset/clean/005933.tif,Dataset/noisy/005933.tif,क
Dataset/clean/005934.tif,Dataset/noisy/005934.tif,अ
Dataset/clean/005935.tif,Dataset/noisy/005935.tif,व्य
Dataset/clean/005936.tif,Dataset/noisy/005936.tif,रवि
Dataset/clean/005937.tif,Dataset/noisy/005937.tif,भाव
Dataset/clean/005938.tif,Dataset/noisy/005938.tif,चार्लित
Dataset/clean/005939.tif,Dataset/noisy/005939.tif,यम्
Dataset/clean/005940.tif,Dataset/noisy/005940.tif,श्रु
Dataset/clean/005941.tif,Dataset/noisy/005941.tif,वु
Dataset/clean/005942.tif,Dataset/noisy/005942.tif,श
Dataset/clean/005943.tif,Dataset/noisy/005943.tif,चं
Dataset/clean/005944.tif,Dataset/noisy/005944.tif,चन्द्र
Dataset/clean/005945.tif,Dataset/noisy/005945.tif,चार्लित
Dataset/clean/005946.tif,Dataset/noisy/005946.tif,चक्रम्
Dataset/clean/005947.tif,Dataset/noisy/005947.tif,म
Dataset/clean/005948.tif,Dataset/noisy/005948.tif,चं
Dataset/clean/005949.tif,Dataset/noisy/005949.tif,श
Dataset/clean/005950.tif,Dataset/noisy/005950.tif,क
Dataset/clean/005951.tif,Dataset/noisy/005951.tif,मं
Dataset/clean/005952.tif,Dataset/noisy/005952.tif,१
Dataset/clean/005953.tif,Dataset/noisy/005953.tif,०
Dataset/clean/005954.tif,Dataset/noisy/005954.tif,०
Dataset/clean/005955.tif,Dataset/noisy/005955.tif,०
Dataset/clean/005956.tif,Dataset/noisy/005956.tif,१८
Dataset/clean/005957.tif,Dataset/noisy/005957.tif,५
Dataset/clean/005958.tif,Dataset/noisy/005958.tif,०
Dataset/clean/005959.tif,Dataset/noisy/005959.tif,१३
Dataset/clean/005960.tif,Dataset/noisy/005960.tif,२९
Dataset/clean/005961.tif,Dataset/noisy/005961.tif,०
Dataset/clean/005962.tif,Dataset/noisy/005962.tif,३१
Dataset/clean/005963.tif,Dataset/noisy/005963.tif,२३
Dataset/clean/005964.tif,Dataset/noisy/005964.tif,०
Dataset/clean/005965.tif,Dataset/noisy/005965.tif,४६
Dataset/clean/005966.tif,Dataset/noisy/005966.tif,३५
Dataset/clean/005967.tif,Dataset/noisy/005967.tif,०
Dataset/clean/005968.tif,Dataset/noisy/005968.tif,५५
Dataset/clean/005969.tif,Dataset/noisy/005969.tif,४६
Dataset/clean/005970.tif,Dataset/noisy/005970.tif,०
Dataset/clean/005971.tif,Dataset/noisy/005971.tif,३९
Dataset/clean/005972.tif,Dataset/noisy/005972.tif,५८
Dataset/clean/005973.tif,Dataset/noisy/005973.tif,०
Dataset/clean/005974.tif,Dataset/noisy/005974.tif,३९
Dataset/clean/005975.tif,Dataset/noisy/005975.tif,२
Dataset/clean/005976.tif,Dataset/noisy/005976.tif,०
Dataset/clean/005977.tif,Dataset/noisy/005977.tif,१८
Dataset/clean/005978.tif,Dataset/noisy/005978.tif,०
Dataset/clean/005979.tif,Dataset/noisy/005979.tif,१
Dataset/clean/005980.tif,Dataset/noisy/005980.tif,०
Dataset/clean/005981.tif,Dataset/noisy/005981.tif,५०
Dataset/clean/005982.tif,Dataset/noisy/005982.tif,७५
Dataset/clean/005983.tif,Dataset/noisy/005983.tif,०
Dataset/clean/005984.tif,Dataset/noisy/005984.tif,१६
Dataset/clean/005985.tif,Dataset/noisy/005985.tif,४०
Dataset/clean/005986.tif,Dataset/noisy/005986.tif,०
Dataset/clean/005987.tif,Dataset/noisy/005987.tif,३५
Dataset/clean/005988.tif,Dataset/noisy/005988.tif,५०
Dataset/clean/005989.tif,Dataset/noisy/005989.tif,०
Dataset/clean/005990.tif,Dataset/noisy/005990.tif,२
Dataset/clean/005991.tif,Dataset/noisy/005991.tif,२८
Dataset/clean/005992.tif,Dataset/noisy/005992.tif,०
Dataset/clean/005993.tif,Dataset/noisy/005993.tif,३३
Dataset/clean/005994.tif,Dataset/noisy/005994.tif,१
Dataset/clean/005995.tif,Dataset/noisy/005995.tif,०
Dataset/clean/005996.tif,Dataset/noisy/005996.tif,३१
Dataset/clean/005997.tif,Dataset/noisy/005997.tif,२
Dataset/clean/005998.tif,Dataset/noisy/005998.tif,०
Dataset/clean/005999.tif,Dataset/noisy/005999.tif,२
Dataset/clean/006000.tif,Dataset/noisy/006000.tif,१
Dataset/clean/006001.tif,Dataset/noisy/006001.tif,७
Dataset/clean/006002.tif,Dataset/noisy/006002.tif,३५
Dataset/clean/006003.tif,Dataset/noisy/006003.tif,२
Dataset/clean/006004.tif,Dataset/noisy/006004.tif,१४
Dataset/clean/006005.tif,Dataset/noisy/006005.tif,८
Dataset/clean/006006.tif,Dataset/noisy/006006.tif,२
Dataset/clean/006007.tif,Dataset/noisy/006007.tif,२७
Dataset/clean/006008.tif,Dataset/noisy/006008.tif,३६
Dataset/clean/006009.tif,Dataset/noisy/006009.tif,४२
Dataset/clean/006010.tif,Dataset/noisy/006010.tif,३
Dataset/clean/006011.tif,Dataset/noisy/006011.tif,५१
Dataset/clean/006012.tif,Dataset/noisy/006012.tif,५६
Dataset/clean/006013.tif,Dataset/noisy/006013.tif,३
Dataset/clean/006014.tif,Dataset/noisy/006014.tif,२४
Dataset/clean/006015.tif,Dataset/noisy/006015.tif,५
Dataset/clean/006016.tif,Dataset/noisy/006016.tif,४१
Dataset/clean/006017.tif,Dataset/noisy/006017.tif,४
Dataset/clean/006018.tif,Dataset/noisy/006018.tif,२०
Dataset/clean/006019.tif,Dataset/noisy/006019.tif,२३
Dataset/clean/006020.tif,Dataset/noisy/006020.tif,४
Dataset/clean/006021.tif,Dataset/noisy/006021.tif,२०
Dataset/clean/006022.tif,Dataset/noisy/006022.tif,३४
Dataset/clean/006023.tif,Dataset/noisy/006023.tif,५७
Dataset/clean/006024.tif,Dataset/noisy/006024.tif,५
Dataset/clean/006025.tif,Dataset/noisy/006025.tif,२०
Dataset/clean/006026.tif,Dataset/noisy/006026.tif,२३
Dataset/clean/006027.tif,Dataset/noisy/006027.tif,५
Dataset/clean/006028.tif,Dataset/noisy/006028.tif,२४
Dataset/clean/006029.tif,Dataset/noisy/006029.tif,५
Dataset/clean/006030.tif,Dataset/noisy/006030.tif,४१
Dataset/clean/006031.tif,Dataset/noisy/006031.tif,६
Dataset/clean/006032.tif,Dataset/noisy/006032.tif,५१
Dataset/clean/006033.tif,Dataset/noisy/006033.tif,५६
Dataset/clean/006034.tif,Dataset/noisy/006034.tif,६
Dataset/clean/006035.tif,Dataset/noisy/006035.tif,२७
Dataset/clean/006036.tif,Dataset/noisy/006036.tif,३६
Dataset/clean/006037.tif,Dataset/noisy/006037.tif,४२
Dataset/clean/006038.tif,Dataset/noisy/006038.tif,७
Dataset/clean/006039.tif,Dataset/noisy/006039.tif,१४
Dataset/clean/006040.tif,Dataset/noisy/006040.tif,२२
Dataset/clean/006041.tif,Dataset/noisy/006041.tif,८
Dataset/clean/006042.tif,Dataset/noisy/006042.tif,८
Dataset/clean/006043.tif,Dataset/noisy/006043.tif,७
Dataset/clean/006044.tif,Dataset/noisy/006044.tif,८
Dataset/clean/006045.tif,Dataset/noisy/006045.tif,१४
Dataset/clean/006046.tif,Dataset/noisy/006046.tif,२२
Dataset/clean/006047.tif,Dataset/noisy/006047.tif,८
Dataset/clean/006048.tif,Dataset/noisy/006048.tif,१८
Dataset/clean/006049.tif,Dataset/noisy/006049.tif,२७
Dataset/clean/006050.tif,Dataset/noisy/006050.tif,३६
Dataset/clean/006051.tif,Dataset/noisy/006051.tif,४२
Dataset/clean/006052.tif,Dataset/noisy/006052.tif,७
Dataset/clean/006053.tif,Dataset/noisy/006053.tif,१०
Dataset/clean/006054.tif,Dataset/noisy/006054.tif,५१
Dataset/clean/006055.tif,Dataset/noisy/006055.tif,५६
Dataset/clean/006056.tif,Dataset/noisy/006056.tif,७
Dataset/clean/006057.tif,Dataset/noisy/006057.tif,२४
Dataset/clean/006058.tif,Dataset/noisy/006058.tif,५
Dataset/clean/006059.tif,Dataset/noisy/006059.tif,४१
Dataset/clean/006060.tif,Dataset/noisy/006060.tif,१०
Dataset/clean/006061.tif,Dataset/noisy/006061.tif,२०
Dataset/clean/006062.tif,Dataset/noisy/006062.tif,३४
Dataset/clean/006063.tif,Dataset/noisy/006063.tif,५७
Dataset/clean/006064.tif,Dataset/noisy/006064.tif,२०
Dataset/clean/006065.tif,Dataset/noisy/006065.tif,निश्वयः
Dataset/clean/006066.tif,Dataset/noisy/006066.tif,ठस्यदिगु
Dataset/clean/006067.tif,Dataset/noisy/006067.tif,निलकं
Dataset/clean/006068.tif,Dataset/noisy/006068.tif,मध्यमे
Dataset/clean/006069.tif,Dataset/noisy/006069.tif,। छ।।
Dataset/clean/006070.tif,Dataset/noisy/006070.tif,चकुकुटः
Dataset/clean/006071.tif,Dataset/noisy/006071.tif,च्या
Dataset/clean/006072.tif,Dataset/noisy/006072.tif,पश्चिमे
Dataset/clean/006073.tif,Dataset/noisy/006073.tif,कस्त
Dataset/clean/006074.tif,Dataset/noisy/006074.tif,का
Dataset/clean/006075.tif,Dataset/noisy/006075.tif,।
Dataset/clean/006076.tif,Dataset/noisy/006076.tif,नेऋतो
Dataset/clean/006077.tif,Dataset/noisy/006077.tif,लोयाम्य
Dataset/clean/006078.tif,Dataset/noisy/006078.tif,डियापिंग
Dataset/clean/006079.tif,Dataset/noisy/006079.tif,थे
Dataset/clean/006080.tif,Dataset/noisy/006080.tif,योतुत
Dataset/clean/006081.tif,Dataset/noisy/006081.tif,सेनौ
Dataset/clean/006082.tif,Dataset/noisy/006082.tif,८६॥
Dataset/clean/006083.tif,Dataset/noisy/006083.tif,श्रुत्तया
Dataset/clean/006084.tif,Dataset/noisy/006084.tif,प्रोति
Dataset/clean/006085.tif,Dataset/noisy/006085.tif,ड्रोगमा
Dataset/clean/006086.tif,Dataset/noisy/006086.tif,।
Dataset/clean/006087.tif,Dataset/noisy/006087.tif,जानुजद्ययो:
Dataset/clean/006088.tif,Dataset/noisy/006088.tif,क्षेमध्यमे
Dataset/clean/006089.tif,Dataset/noisy/006089.tif,मध्यमेतुकु
Dataset/clean/006090.tif,Dataset/noisy/006090.tif,कुक्षपृष्ट
Dataset/clean/006091.tif,Dataset/noisy/006091.tif,कर्णयोः
Dataset/clean/006092.tif,Dataset/noisy/006092.tif,पाश्चेच
Dataset/clean/006093.tif,Dataset/noisy/006093.tif,तादृक्षि
Dataset/clean/006094.tif,Dataset/noisy/006094.tif,पाश्चैतघाघा
Dataset/clean/006095.tif,Dataset/noisy/006095.tif,चेनिवाम
Dataset/clean/006096.tif,Dataset/noisy/006096.tif,चेष्टया
Dataset/clean/006097.tif,Dataset/noisy/006097.tif,॥
Dataset/clean/006098.tif,Dataset/noisy/006098.tif,लक्षणे
Dataset/clean/006099.tif,Dataset/noisy/006099.tif,विद्यापक्षिपामिृत
Dataset/clean/006100.tif,Dataset/noisy/006100.tif,फल​
Dataset/clean/006101.tif,Dataset/noisy/006101.tif,इत्येवंच
Dataset/clean/006102.tif,Dataset/noisy/006102.tif,॥८४॥
Dataset/clean/006103.tif,Dataset/noisy/006103.tif,शन
Dataset/clean/006104.tif,Dataset/noisy/006104.tif,कार्याबिना
Dataset/clean/006105.tif,Dataset/noisy/006105.tif,सर्व
Dataset/clean/006106.tif,Dataset/noisy/006106.tif,चैव
Dataset/clean/006107.tif,Dataset/noisy/006107.tif,श्रयं
Dataset/clean/006108.tif,Dataset/noisy/006108.tif,त्फ
Dataset/clean/006109.tif,Dataset/noisy/006109.tif,॥
Dataset/clean/006110.tif,Dataset/noisy/006110.tif,दर्शन
Dataset/clean/006111.tif,Dataset/noisy/006111.tif,दृष्टियात्राहानिरद
Dataset/clean/006112.tif,Dataset/noisy/006112.tif,कांर्य
Dataset/clean/006113.tif,Dataset/noisy/006113.tif,।८३॥
Dataset/clean/006114.tif,Dataset/noisy/006114.tif,प्रलक्षणं
Dataset/clean/006115.tif,Dataset/noisy/006115.tif,चपक्षिणांसु
Dataset/clean/006116.tif,Dataset/noisy/006116.tif,मोर्घरोगं
Dataset/clean/006117.tif,Dataset/noisy/006117.tif,अदिश्र
Dataset/clean/006118.tif,Dataset/noisy/006118.tif,कार्याविनाशनां
Dataset/clean/006119.tif,Dataset/noisy/006119.tif,चैवसर्व
Dataset/clean/006120.tif,Dataset/noisy/006120.tif,अपमृत्फश्रय
Dataset/clean/006121.tif,Dataset/noisy/006121.tif,॥८२॥
Dataset/clean/006122.tif,Dataset/noisy/006122.tif,लक्षण
Dataset/clean/006123.tif,Dataset/noisy/006123.tif,दमृतंराज्य
Dataset/clean/006124.tif,Dataset/noisy/006124.tif,सुभिक्षंबहवष्टिस्या
Dataset/clean/006125.tif,Dataset/noisy/006125.tif,रोगनाशनं।
Dataset/clean/006126.tif,Dataset/noisy/006126.tif,अक्षोभ्यां
Dataset/clean/006127.tif,Dataset/noisy/006127.tif,सौख्य
Dataset/clean/006128.tif,Dataset/noisy/006128.tif,जयंलाश्रयश
Dataset/clean/006129.tif,Dataset/noisy/006129.tif,॥८२॥
Dataset/clean/006130.tif,Dataset/noisy/006130.tif,दूरादागमं
Dataset/clean/006131.tif,Dataset/noisy/006131.tif,संचय:।
Dataset/clean/006132.tif,Dataset/noisy/006132.tif,दृषृधन
Dataset/clean/006133.tif,Dataset/noisy/006133.tif,अंधर्ममतिवृद्विस्याद
Dataset/clean/006134.tif,Dataset/noisy/006134.tif,॥८०॥
Dataset/clean/006135.tif,Dataset/noisy/006135.tif,श्रुत्तिलक्षण
Dataset/clean/006136.tif,Dataset/noisy/006136.tif,लाभपक्षिणा
Dataset/clean/006137.tif,Dataset/noisy/006137.tif,रोगमुत्तिर्महा
Dataset/clean/006138.tif,Dataset/noisy/006138.tif,जय॥८०॥
Dataset/clean/006139.tif,Dataset/noisy/006139.tif,नष्टडव्यंसदा
Dataset/clean/006140.tif,Dataset/noisy/006140.tif,रोग्यं
Dataset/clean/006141.tif,Dataset/noisy/006141.tif,सुभिक्षमा
Dataset/clean/006142.tif,Dataset/noisy/006142.tif,राज्य
Dataset/clean/006143.tif,Dataset/noisy/006143.tif,॥
Dataset/clean/006144.tif,Dataset/noisy/006144.tif,पंक्षिणांप्रत्येकफल
Dataset/clean/006145.tif,Dataset/noisy/006145.tif,॥
Dataset/clean/006146.tif,Dataset/noisy/006146.tif,मृत्तपक्षौविचारयेतू
Dataset/clean/006147.tif,Dataset/noisy/006147.tif,रोग
Dataset/clean/006148.tif,Dataset/noisy/006148.tif,ज्वरश्रुलकर
Dataset/clean/006149.tif,Dataset/noisy/006149.tif,॥७८॥
Dataset/clean/006150.tif,Dataset/noisy/006150.tif,चपिपासाचविश्रुचिका
Dataset/clean/006151.tif,Dataset/noisy/006151.tif,कार
Dataset/clean/006152.tif,Dataset/noisy/006152.tif,करवि
Dataset/clean/006153.tif,Dataset/noisy/006153.tif,आजिर्थि
Dataset/clean/006154.tif,Dataset/noisy/006154.tif,॥
Dataset/clean/006155.tif,Dataset/noisy/006155.tif,क्षाविचारयेतू
Dataset/clean/006156.tif,Dataset/noisy/006156.tif,संयुक्तराज्यष
Dataset/clean/006157.tif,Dataset/noisy/006157.tif,दधि
Dataset/clean/006158.tif,Dataset/noisy/006158.tif,मिष्टान्नं
Dataset/clean/006159.tif,Dataset/noisy/006159.tif,॥७८॥
Dataset/clean/006160.tif,Dataset/noisy/006160.tif,चभक्षसमन्वित
Dataset/clean/006161.tif,Dataset/noisy/006161.tif,भपे
Dataset/clean/006162.tif,Dataset/noisy/006162.tif,पायसा
Dataset/clean/006163.tif,Dataset/noisy/006163.tif,घतरूप
Dataset/clean/006164.tif,Dataset/noisy/006164.tif,॥
Dataset/clean/006165.tif,Dataset/noisy/006165.tif,प्रक्षेविचारयेत्
Dataset/clean/006166.tif,Dataset/noisy/006166.tif,द्रा
Dataset/clean/006167.tif,Dataset/noisy/006167.tif,॥७०॥
Dataset/clean/006168.tif,Dataset/noisy/006168.tif,अथगर्श्र
Dataset/clean/006169.tif,Dataset/noisy/006169.tif,विषये
Dataset/clean/006170.tif,Dataset/noisy/006170.tif,॥
Dataset/clean/006171.tif,Dataset/noisy/006171.tif,वारंतिथि
Dataset/clean/006172.tif,Dataset/noisy/006172.tif,स्त्रियोना
Dataset/clean/006173.tif,Dataset/noisy/006173.tif,॥
Dataset/clean/006174.tif,Dataset/noisy/006174.tif,समंज्ञाला
Dataset/clean/006175.tif,Dataset/noisy/006175.tif,तद्दितजेन्मु
Dataset/clean/006176.tif,Dataset/noisy/006176.tif,निनावन्हि
Dataset/clean/006177.tif,Dataset/noisy/006177.tif,नामजेत्
Dataset/clean/006178.tif,Dataset/noisy/006178.tif,॥७१॥
Dataset/clean/006179.tif,Dataset/noisy/006179.tif,एकाकेनश्रवे
Dataset/clean/006180.tif,Dataset/noisy/006180.tif,पुत्रोयुग्माकेन
Dataset/clean/006181.tif,Dataset/noisy/006181.tif,चकन्य
Dataset/clean/006182.tif,Dataset/noisy/006182.tif,।
Dataset/clean/006183.tif,Dataset/noisy/006183.tif,भून्यग
Dataset/clean/006184.tif,Dataset/noisy/006184.tif,र्मृविना
Dataset/clean/006185.tif,Dataset/noisy/006185.tif,शायवरा
Dataset/clean/006186.tif,Dataset/noisy/006186.tif,हमीरोबृवित्।
Dataset/clean/006187.tif,Dataset/noisy/006187.tif,७२॥
Dataset/clean/006188.tif,Dataset/noisy/006188.tif,इफतूपचं
Dataset/clean/006189.tif,Dataset/noisy/006189.tif,पक्षिणालाभ
Dataset/clean/006190.tif,Dataset/noisy/006190.tif,लाभंश्रुभाश्रुते
Dataset/clean/006191.tif,Dataset/noisy/006191.tif,॥
Dataset/clean/006192.tif,Dataset/noisy/006192.tif,६
Dataset/clean/006193.tif,Dataset/noisy/006193.tif,॥ ६।
Dataset/clean/006194.tif,Dataset/noisy/006194.tif,रोगंप्रयाणेपंचपक्षिणां
Dataset/clean/006195.tif,Dataset/noisy/006195.tif,अपमृ
Dataset/clean/006196.tif,Dataset/noisy/006196.tif,। ८५
Dataset/clean/006197.tif,Dataset/noisy/006197.tif,गरैदु
Dataset/clean/006198.tif,Dataset/noisy/006198.tif,दौपक्षिचिंतनो
Dataset/clean/006199.tif,Dataset/noisy/006199.tif,वायुंयतदो
Dataset/clean/006200.tif,Dataset/noisy/006200.tif,दव्यस्छिर
Dataset/clean/006201.tif,Dataset/noisy/006201.tif,सेनेोश्रुम्या
Dataset/clean/006202.tif,Dataset/noisy/006202.tif,धनं
Dataset/clean/006203.tif,Dataset/noisy/006203.tif,घाते
Dataset/clean/006204.tif,Dataset/noisy/006204.tif,शैल७षु
Dataset/clean/006205.tif,Dataset/noisy/006205.tif,चनक्षत्र
Dataset/clean/006206.tif,Dataset/noisy/006206.tif,माक्षरचयतू
Dataset/clean/006207.tif,Dataset/noisy/006207.tif,शराईके
Dataset/clean/006208.tif,Dataset/noisy/006208.tif,येदिपरित
Dataset/clean/006209.tif,Dataset/noisy/006209.tif,श्रुलकेधताचगण
Dataset/clean/006210.tif,Dataset/noisy/006210.tif,दश्रु कुके॥
Dataset/clean/006211.tif,Dataset/noisy/006211.tif,वेनतुचतुरष्टा
Dataset/clean/006212.tif,Dataset/noisy/006212.tif,गण
Dataset/clean/006213.tif,Dataset/noisy/006213.tif,रोजांच
Dataset/clean/006214.tif,Dataset/noisy/006214.tif,८७ ॥
Dataset/clean/006215.tif,Dataset/noisy/006215.tif,नहरितं।
Dataset/clean/006216.tif,Dataset/noisy/006216.tif,संख्ये
Dataset/clean/006217.tif,Dataset/noisy/006217.tif,चौर्य
Dataset/clean/006218.tif,Dataset/noisy/006218.tif,कृत्वा
Dataset/clean/006219.tif,Dataset/noisy/006219.tif,दिगुंणं
Dataset/clean/006220.tif,Dataset/noisy/006220.tif,व्यजन
Dataset/clean/006221.tif,Dataset/noisy/006221.tif,॥
Dataset/clean/006222.tif,Dataset/noisy/006222.tif,दरिदा
Dataset/clean/006223.tif,Dataset/noisy/006223.tif,ब्धि४मिश्रामात्रांक
Dataset/clean/006224.tif,Dataset/noisy/006224.tif,५रुद्रा११
Dataset/clean/006225.tif,Dataset/noisy/006225.tif,वृन्हिर
Dataset/clean/006226.tif,Dataset/noisy/006226.tif,॥
Dataset/clean/006227.tif,Dataset/noisy/006227.tif,चौर्यविषये
Dataset/clean/006228.tif,Dataset/noisy/006228.tif,अथ
Dataset/clean/006229.tif,Dataset/noisy/006229.tif,॥
Dataset/clean/006230.tif,Dataset/noisy/006230.tif,नोहिछ्ने
Dataset/clean/006231.tif,Dataset/noisy/006231.tif,कुकुश्रस्म
Dataset/clean/006232.tif,Dataset/noisy/006232.tif,बायसेश्रगुसं
Dataset/clean/006233.tif,Dataset/noisy/006233.tif,॥८८॥
Dataset/clean/006234.tif,Dataset/noisy/006234.tif,यगुयुक
Dataset/clean/006235.tif,Dataset/noisy/006235.tif,लोजलपि
Dataset/clean/006236.tif,Dataset/noisy/006236.tif,ज्ञयपिग
Dataset/clean/006237.tif,Dataset/noisy/006237.tif,।
Dataset/clean/006238.tif,Dataset/noisy/006238.tif,सोम्द्यएव
Dataset/clean/006239.tif,Dataset/noisy/006239.tif,त्या
Dataset/clean/006240.tif,Dataset/noisy/006240.tif,म्यतपन्त​
Dataset/clean/006241.tif,Dataset/noisy/006241.tif,स्पा
Dataset/clean/006242.tif,Dataset/noisy/006242.tif,मितप्तस्प
Dataset/clean/006243.tif,Dataset/noisy/006243.tif,निरमिद्ये
Dataset/clean/006244.tif,Dataset/noisy/006244.tif,तां
Dataset/clean/006245.tif,Dataset/noisy/006245.tif,कर्णा
Dataset/clean/006246.tif,Dataset/noisy/006246.tif,श्रोत्रा
Dataset/clean/006247.tif,Dataset/noisy/006247.tif,द्दिश
Dataset/clean/006248.tif,Dataset/noisy/006248.tif,स्वङ्गि
Dataset/clean/006249.tif,Dataset/noisy/006249.tif,रमिद्यत
Dataset/clean/006250.tif,Dataset/noisy/006250.tif,त्र​श्वतुर्थोऽव्यवहार्यः
Dataset/clean/006251.tif,Dataset/noisy/006251.tif,प्रपंचोपशमः
Dataset/clean/006252.tif,Dataset/noisy/006252.tif,शिवोऽद्वैतएव
Dataset/clean/006253.tif,Dataset/noisy/006253.tif,मो
Dataset/clean/006254.tif,Dataset/noisy/006254.tif,कार
Dataset/clean/006255.tif,Dataset/noisy/006255.tif,आत्मेब
Dataset/clean/006256.tif,Dataset/noisy/006256.tif,शत्यात्मानं
Dataset/clean/006257.tif,Dataset/noisy/006257.tif,यएवं
Dataset/clean/006258.tif,Dataset/noisy/006258.tif,बेद
Dataset/clean/006259.tif,Dataset/noisy/006259.tif,क्योपनिषत्समाप्ताः
Dataset/clean/006260.tif,Dataset/noisy/006260.tif,आत्मा
Dataset/clean/006261.tif,Dataset/noisy/006261.tif,मर्छयत्तम
Dataset/clean/006262.tif,Dataset/noisy/006262.tif,बाइद
Dataset/clean/006263.tif,Dataset/noisy/006263.tif,मे
Dataset/clean/006264.tif,Dataset/noisy/006264.tif,कए
Dataset/clean/006265.tif,Dataset/noisy/006265.tif,ईक्षत
Dataset/clean/006266.tif,Dataset/noisy/006266.tif,स्टजा
Dataset/clean/006267.tif,Dataset/noisy/006267.tif,कान
Dataset/clean/006268.tif,Dataset/noisy/006268.tif,तेमेनु
Dataset/clean/006269.tif,Dataset/noisy/006269.tif,पुरुषं
Dataset/clean/006270.tif,Dataset/noisy/006270.tif,समुद्व
Dataset/clean/006271.tif,Dataset/noisy/006271.tif,ग्वाचो
Dataset/clean/006272.tif,Dataset/noisy/006272.tif,सि
Dataset/clean/006273.tif,Dataset/noisy/006273.tif,के
Dataset/clean/006274.tif,Dataset/noisy/006274.tif,म्यां
Dataset/clean/006275.tif,Dataset/noisy/006275.tif,रक्षिणी
Dataset/clean/006276.tif,Dataset/noisy/006276.tif,मक्षिम्यां
Dataset/clean/006277.tif,Dataset/noisy/006277.tif,क्षुष
Dataset/clean/006278.tif,Dataset/noisy/006278.tif,आदित्यः
Dataset/clean/006279.tif,Dataset/noisy/006279.tif,म्यां
Dataset/clean/006280.tif,Dataset/noisy/006280.tif,लोमा
Dataset/clean/006281.tif,Dataset/noisy/006281.tif,त्वचो
Dataset/clean/006282.tif,Dataset/noisy/006282.tif,प्राणः
Dataset/clean/006283.tif,Dataset/noisy/006283.tif,प्राण
Dataset/clean/006284.tif,Dataset/noisy/006284.tif,द्वायु
Dataset/clean/006285.tif,Dataset/noisy/006285.tif,निरमिद्येता
Dataset/clean/006286.tif,Dataset/noisy/006286.tif,चक्षुश्व
Dataset/clean/006287.tif,Dataset/noisy/006287.tif,रामः
Dataset/clean/006288.tif,Dataset/noisy/006288.tif,२७
Dataset/clean/006289.tif,Dataset/noisy/006289.tif,उप०१
Dataset/clean/006290.tif,Dataset/noisy/006290.tif,२७
Dataset/clean/006291.tif,Dataset/noisy/006291.tif,संवि
Dataset/clean/006292.tif,Dataset/noisy/006292.tif,४
Dataset/clean/006293.tif,Dataset/noisy/006293.tif,मांडू
Dataset/clean/006294.tif,Dataset/noisy/006294.tif,॥
Dataset/clean/006295.tif,Dataset/noisy/006295.tif,र्ञ
Dataset/clean/006296.tif,Dataset/noisy/006296.tif,नासिका
Dataset/clean/006297.tif,Dataset/noisy/006297.tif,॥
Dataset/clean/006298.tif,Dataset/noisy/006298.tif,वाग
Dataset/clean/006299.tif,Dataset/noisy/006299.tif,श्रासीन्तान्य
Dataset/clean/006300.tif,Dataset/noisy/006300.tif,त्किंचन
Dataset/clean/006301.tif,Dataset/noisy/006301.tif,मिषतूस
Dataset/clean/006302.tif,Dataset/noisy/006302.tif,लोकानु
Dataset/clean/006303.tif,Dataset/noisy/006303.tif,इति
Dataset/clean/006304.tif,Dataset/noisy/006304.tif,सइमा
Dataset/clean/006305.tif,Dataset/noisy/006305.tif,/
Dataset/clean/006306.tif,Dataset/noisy/006306.tif,कर्णो
Dataset/clean/006307.tif,Dataset/noisy/006307.tif,ल्लो
Dataset/clean/006308.tif,Dataset/noisy/006308.tif,स्टजतां
Dataset/clean/006309.tif,Dataset/noisy/006309.tif,मोमरीची
Dataset/clean/006310.tif,Dataset/noisy/006310.tif,र्मर
Dataset/clean/006311.tif,Dataset/noisy/006311.tif,आर्पोदोनः
Dataset/clean/006312.tif,Dataset/noisy/006312.tif,परेण
Dataset/clean/006313.tif,Dataset/noisy/006313.tif,दिवंद्यौः
Dataset/clean/006314.tif,Dataset/noisy/006314.tif,प्रतिष्टां
Dataset/clean/006315.tif,Dataset/noisy/006315.tif,तरितंम
Dataset/clean/006316.tif,Dataset/noisy/006316.tif,रीचयः
Dataset/clean/006317.tif,Dataset/noisy/006317.tif,पृथिवीमरोया
Dataset/clean/006318.tif,Dataset/noisy/006318.tif,अधस्तात्ता
Dataset/clean/006319.tif,Dataset/noisy/006319.tif,आपः
Dataset/clean/006320.tif,Dataset/noisy/006320.tif,सईक्ष
Dataset/clean/006321.tif,Dataset/noisy/006321.tif,लोकात्रो
Dataset/clean/006322.tif,Dataset/noisy/006322.tif,कपाला
Dataset/clean/006323.tif,Dataset/noisy/006323.tif,न्नुस्टजा
Dataset/clean/006324.tif,Dataset/noisy/006324.tif,इति
Dataset/clean/006325.tif,Dataset/noisy/006325.tif,मुखं
Dataset/clean/006326.tif,Dataset/noisy/006326.tif,निरमिद्यतय
Dataset/clean/006327.tif,Dataset/noisy/006327.tif,मुखाद्वा
Dataset/clean/006328.tif,Dataset/noisy/006328.tif,थांडं
Dataset/clean/006329.tif,Dataset/noisy/006329.tif,गिर्ना
Dataset/clean/006330.tif,Dataset/noisy/006330.tif,निरमिद्ये
Dataset/clean/006331.tif,Dataset/noisy/006331.tif,तां
Dataset/clean/006332.tif,Dataset/noisy/006332.tif,तरमाह.​
Dataset/clean/006333.tif,Dataset/noisy/006333.tif,गत्यं
Dataset/clean/006334.tif,Dataset/noisy/006334.tif,४
Dataset/clean/006335.tif,Dataset/noisy/006335.tif,इत्युच्यते
Dataset/clean/006336.tif,Dataset/noisy/006336.tif,धानेश्र्य
Dataset/clean/006337.tif,Dataset/noisy/006337.tif,ऽन्भूतानी
Dataset/clean/006338.tif,Dataset/noisy/006338.tif,श्रृतयो
Dataset/clean/006339.tif,Dataset/noisy/006339.tif,समुद्व
Dataset/clean/006340.tif,Dataset/noisy/006340.tif,ल्यामूर्छय
Dataset/clean/006341.tif,Dataset/noisy/006341.tif,मित्य​
Dataset/clean/006342.tif,Dataset/noisy/006342.tif,इय​
Dataset/clean/006343.tif,Dataset/noisy/006343.tif,एवं
Dataset/clean/006344.tif,Dataset/noisy/006344.tif,स्ते
Dataset/clean/006345.tif,Dataset/noisy/006345.tif,दिमंतंस​
Dataset/clean/006346.tif,Dataset/noisy/006346.tif,आप्रोते
Dataset/clean/006347.tif,Dataset/noisy/006347.tif,लोको
Dataset/clean/006348.tif,Dataset/noisy/006348.tif,रमाप​:
Dataset/clean/006349.tif,Dataset/noisy/006349.tif,चीर्म​
Dataset/clean/006350.tif,Dataset/noisy/006350.tif,मोमरी
Dataset/clean/006351.tif,Dataset/noisy/006351.tif,ममिरेवां
Dataset/clean/006352.tif,Dataset/noisy/006352.tif,न्
Dataset/clean/006353.tif,Dataset/noisy/006353.tif,वा
Dataset/clean/006354.tif,Dataset/noisy/006354.tif,मूर्छित​
Dataset/clean/006355.tif,Dataset/noisy/006355.tif,तू
Dataset/clean/006356.tif,Dataset/noisy/006356.tif,दु;प्रा
Dataset/clean/006357.tif,Dataset/noisy/006357.tif,बाहुल्या
Dataset/clean/006358.tif,Dataset/noisy/006358.tif,अप​
Dataset/clean/006359.tif,Dataset/noisy/006359.tif,मोते
Dataset/clean/006360.tif,Dataset/noisy/006360.tif,अ
Dataset/clean/006361.tif,Dataset/noisy/006361.tif,लोकानां
Dataset/clean/006362.tif,Dataset/noisy/006362.tif,त्वं
Dataset/clean/006363.tif,Dataset/noisy/006363.tif,श्रुतात्मक​
Dataset/clean/006364.tif,Dataset/noisy/006364.tif,पच​
Dataset/clean/006365.tif,Dataset/noisy/006365.tif,यद्यपि
Dataset/clean/006366.tif,Dataset/noisy/006366.tif,र्छय
Dataset/clean/006367.tif,Dataset/noisy/006367.tif,अमू
Dataset/clean/006368.tif,Dataset/noisy/006368.tif,प्टथिव्या
Dataset/clean/006369.tif,Dataset/noisy/006369.tif,कुलाल​:
Dataset/clean/006370.tif,Dataset/noisy/006370.tif,ऽमिव
Dataset/clean/006371.tif,Dataset/noisy/006371.tif,त्पिं
Dataset/clean/006372.tif,Dataset/noisy/006372.tif,प्ट
Dataset/clean/006373.tif,Dataset/noisy/006373.tif,समुपादाय
Dataset/clean/006374.tif,Dataset/noisy/006374.tif,प्र​:
Dataset/clean/006375.tif,Dataset/noisy/006375.tif,मुधुत्या
Dataset/clean/006376.tif,Dataset/noisy/006376.tif,पाण्या
Dataset/clean/006377.tif,Dataset/noisy/006377.tif,कारंशिर:
Dataset/clean/006378.tif,Dataset/noisy/006378.tif,पुरुषा
Dataset/clean/006379.tif,Dataset/noisy/006379.tif,रूषं
Dataset/clean/006380.tif,Dataset/noisy/006380.tif,पु
Dataset/clean/006381.tif,Dataset/noisy/006381.tif,व्यर्थ​:
Dataset/clean/006382.tif,Dataset/noisy/006382.tif,एवे
Dataset/clean/006383.tif,Dataset/noisy/006383.tif,श्र्य
Dataset/clean/006384.tif,Dataset/noisy/006384.tif,सृष्टवां
Dataset/clean/006385.tif,Dataset/noisy/006385.tif,प्रश्रतीनू
Dataset/clean/006386.tif,Dataset/noisy/006386.tif,श्र:
Dataset/clean/006387.tif,Dataset/noisy/006387.tif,ऽ
Dataset/clean/006388.tif,Dataset/noisy/006388.tif,श्र्यो
Dataset/clean/006389.tif,Dataset/noisy/006389.tif,ये
Dataset/clean/006390.tif,Dataset/noisy/006390.tif,तेश्र्यो
Dataset/clean/006391.tif,Dataset/noisy/006391.tif,श्रु
Dataset/clean/006392.tif,Dataset/noisy/006392.tif,पंच
Dataset/clean/006393.tif,Dataset/noisy/006393.tif,धानेश्र्य​
Dataset/clean/006394.tif,Dataset/noisy/006394.tif,अप्प्र
Dataset/clean/006395.tif,Dataset/noisy/006395.tif,एव​
Dataset/clean/006396.tif,Dataset/noisy/006396.tif,सो
Dataset/clean/006397.tif,Dataset/noisy/006397.tif,त्वा
Dataset/clean/006398.tif,Dataset/noisy/006398.tif,क्षि
Dataset/clean/006399.tif,Dataset/noisy/006399.tif,ह​
Dataset/clean/006400.tif,Dataset/noisy/006400.tif,जे
Dataset/clean/006401.tif,Dataset/noisy/006401.tif,जैसृ
Dataset/clean/006402.tif,Dataset/noisy/006402.tif,त्ट्टस
Dataset/clean/006403.tif,Dataset/noisy/006403.tif,पिङत्य
Dataset/clean/006404.tif,Dataset/noisy/006404.tif,हास्य
Dataset/clean/006405.tif,Dataset/noisy/006405.tif,अमित
Dataset/clean/006406.tif,Dataset/noisy/006406.tif,वान्
Dataset/clean/006407.tif,Dataset/noisy/006407.tif,संपीडित
Dataset/clean/006408.tif,Dataset/noisy/006408.tif,॥
Dataset/clean/006409.tif,Dataset/noisy/006409.tif,॥
Dataset/clean/006410.tif,Dataset/noisy/006410.tif,यस्पतिः
Dataset/clean/006411.tif,Dataset/noisy/006411.tif,प्रमाणमाह
Dataset/clean/006412.tif,Dataset/noisy/006412.tif,इत्यत्र
Dataset/clean/006413.tif,Dataset/noisy/006413.tif,तय
Dataset/clean/006414.tif,Dataset/noisy/006414.tif,ज्ञानमेव
Dataset/clean/006415.tif,Dataset/noisy/006415.tif,इतिश्वतै:
Dataset/clean/006416.tif,Dataset/noisy/006416.tif,तप
Dataset/clean/006417.tif,Dataset/noisy/006417.tif,ज्ञानमयं
Dataset/clean/006418.tif,Dataset/noisy/006418.tif,यस्य
Dataset/clean/006419.tif,Dataset/noisy/006419.tif,नित्यर्थः
Dataset/clean/006420.tif,Dataset/noisy/006420.tif,कृतवा
Dataset/clean/006421.tif,Dataset/noisy/006421.tif,संकल्यं
Dataset/clean/006422.tif,Dataset/noisy/006422.tif,नं
Dataset/clean/006423.tif,Dataset/noisy/006423.tif,अभिध्या
Dataset/clean/006424.tif,Dataset/noisy/006424.tif,तू।
Dataset/clean/006425.tif,Dataset/noisy/006425.tif,श्र्यपतू
Dataset/clean/006426.tif,Dataset/noisy/006426.tif,द्दिश्या
Dataset/clean/006427.tif,Dataset/noisy/006427.tif,वे
Dataset/clean/006428.tif,Dataset/noisy/006428.tif,लोकां
Dataset/clean/006429.tif,Dataset/noisy/006429.tif,स्टष्टा
Dataset/clean/006430.tif,Dataset/noisy/006430.tif,तयतू॥
Dataset/clean/006431.tif,Dataset/noisy/006431.tif,मश्र्य
Dataset/clean/006432.tif,Dataset/noisy/006432.tif,तूत​​
Dataset/clean/006433.tif,Dataset/noisy/006433.tif,पुरुषं
Dataset/clean/006434.tif,Dataset/noisy/006434.tif,एव
Dataset/clean/006435.tif,Dataset/noisy/006435.tif,सोइय
Dataset/clean/006436.tif,Dataset/noisy/006436.tif,इति
Dataset/clean/006437.tif,Dataset/noisy/006437.tif,भुसृजा
Dataset/clean/006438.tif,Dataset/noisy/006438.tif,लोकपाकां
Dataset/clean/006439.tif,Dataset/noisy/006439.tif,लोका
Dataset/clean/006440.tif,Dataset/noisy/006440.tif,मेनु
Dataset/clean/006441.tif,Dataset/noisy/006441.tif,स​ईक्षते
Dataset/clean/006442.tif,Dataset/noisy/006442.tif,आप​:
Dataset/clean/006443.tif,Dataset/noisy/006443.tif,स्तान्ता
Dataset/clean/006444.tif,Dataset/noisy/006444.tif,अध​
Dataset/clean/006445.tif,Dataset/noisy/006445.tif,मरोपा
Dataset/clean/006446.tif,Dataset/noisy/006446.tif,प्रथिवी
Dataset/clean/006447.tif,Dataset/noisy/006447.tif,८
Dataset/clean/006448.tif,Dataset/noisy/006448.tif,मया
Dataset/clean/006449.tif,Dataset/noisy/006449.tif,नअ
Dataset/clean/006450.tif,Dataset/noisy/006450.tif,इमेत्वश्र:प्र​
Dataset/clean/006451.tif,Dataset/noisy/006451.tif,रेवेक्षेत
Dataset/clean/006452.tif,Dataset/noisy/006452.tif,ईश्वर:पुन
Dataset/clean/006453.tif,Dataset/noisy/006453.tif,स​
Dataset/clean/006454.tif,Dataset/noisy/006454.tif,न्झष्टा
Dataset/clean/006455.tif,Dataset/noisy/006455.tif,रोलोका
Dataset/clean/006456.tif,Dataset/noisy/006456.tif,तु
Dataset/clean/006457.tif,Dataset/noisy/006457.tif,श्रुतांश्च
Dataset/clean/006458.tif,Dataset/noisy/006458.tif,पदानाधिष्टान
Dataset/clean/006459.tif,Dataset/noisy/006459.tif,कर्मफलो
Dataset/clean/006460.tif,Dataset/noisy/006460.tif,सर्वप्राणि
Dataset/clean/006461.tif,Dataset/noisy/006461.tif,तै
Dataset/clean/006462.tif,Dataset/noisy/006462.tif,च्पं
Dataset/clean/006463.tif,Dataset/noisy/006463.tif,आपउ
Dataset/clean/006464.tif,Dataset/noisy/006464.tif,व्या
Dataset/clean/006465.tif,Dataset/noisy/006465.tif,त्पृथि
Dataset/clean/006466.tif,Dataset/noisy/006466.tif,अधस्ता
Dataset/clean/006467.tif,Dataset/noisy/006467.tif,र:या
Dataset/clean/006468.tif,Dataset/noisy/006468.tif,तिम​
Dataset/clean/006469.tif,Dataset/noisy/006469.tif,म्त्रियंते
Dataset/clean/006470.tif,Dataset/noisy/006470.tif,थिवीमरः
Dataset/clean/006471.tif,Dataset/noisy/006471.tif,त्य
Dataset/clean/006472.tif,Dataset/noisy/006472.tif,संबिंधा
Dataset/clean/006473.tif,Dataset/noisy/006473.tif,रश्मिश्रि:
Dataset/clean/006474.tif,Dataset/noisy/006474.tif,मराचिश्रिवसि
Dataset/clean/006475.tif,Dataset/noisy/006475.tif,त
Dataset/clean/006476.tif,Dataset/noisy/006476.tif,धमु
Dataset/clean/006477.tif,Dataset/noisy/006477.tif,रुषषि
Dataset/clean/006478.tif,Dataset/noisy/006478.tif,पिंड्यु
Dataset/clean/006479.tif,Dataset/noisy/006479.tif,तं
Dataset/clean/006480.tif,Dataset/noisy/006480.tif,​।
Dataset/clean/006481.tif,Dataset/noisy/006481.tif,त्यर्थः
Dataset/clean/006482.tif,Dataset/noisy/006482.tif,ने
Dataset/clean/006483.tif,Dataset/noisy/006483.tif,संयोजन
Dataset/clean/006484.tif,Dataset/noisy/006484.tif,स्वावयव​
Dataset/clean/006485.tif,Dataset/noisy/006485.tif,नांथालयि
Dataset/clean/006486.tif,Dataset/noisy/006486.tif,लोका
Dataset/clean/006487.tif,Dataset/noisy/006487.tif,पालानू
Dataset/clean/006488.tif,Dataset/noisy/006488.tif,न
Dataset/clean/006489.tif,Dataset/noisy/006489.tif,लोक​
Dataset/clean/006490.tif,Dataset/noisy/006490.tif,रक्षणार्थ
Dataset/clean/006491.tif,Dataset/noisy/006491.tif,देषां
Dataset/clean/006492.tif,Dataset/noisy/006492.tif,सतस्मा
Dataset/clean/006493.tif,Dataset/noisy/006493.tif,विनश्येयु
Dataset/clean/006494.tif,Dataset/noisy/006494.tif,वर्जिता
Dataset/clean/006495.tif,Dataset/noisy/006495.tif,लयितृ
Dataset/clean/006496.tif,Dataset/noisy/006496.tif,परिया
Dataset/clean/006497.tif,Dataset/noisy/006497.tif,वाअथ्र
Dataset/clean/006498.tif,Dataset/noisy/006498.tif,ए
Dataset/clean/006499.tif,Dataset/noisy/006499.tif,सोत्ध​
Dataset/clean/006500.tif,Dataset/noisy/006500.tif,॥
Dataset/clean/006501.tif,Dataset/noisy/006501.tif,विवरणं
Dataset/clean/006502.tif,Dataset/noisy/006502.tif,समास​
Dataset/clean/006503.tif,Dataset/noisy/006503.tif,तानीति
Dataset/clean/006504.tif,Dataset/noisy/006504.tif,श्रू
Dataset/clean/006505.tif,Dataset/noisy/006505.tif,स्पाधिष्टान​
Dataset/clean/006506.tif,Dataset/noisy/006506.tif,कारस्त​
Dataset/clean/006507.tif,Dataset/noisy/006507.tif,त्षी
Dataset/clean/006508.tif,Dataset/noisy/006508.tif,दानं
Dataset/clean/006509.tif,Dataset/noisy/006509.tif,उपा
Dataset/clean/006510.tif,Dataset/noisy/006510.tif,तेषा
Dataset/clean/006511.tif,Dataset/noisy/006511.tif,फलानि
Dataset/clean/006512.tif,Dataset/noisy/006512.tif,कर्म​
Dataset/clean/006513.tif,Dataset/noisy/006513.tif,प्राणि
Dataset/clean/006514.tif,Dataset/noisy/006514.tif,निचसर्व​
Dataset/clean/006515.tif,Dataset/noisy/006515.tif,का
Dataset/clean/006516.tif,Dataset/noisy/006516.tif,कर्माणिक
Dataset/clean/006517.tif,Dataset/noisy/006517.tif,प्राणीनां
Dataset/clean/006518.tif,Dataset/noisy/006518.tif,सर्वेषां
Dataset/clean/006519.tif,Dataset/noisy/006519.tif,॥
Dataset/clean/006520.tif,Dataset/noisy/006520.tif,चिश्रिरिति.
Dataset/clean/006521.tif,Dataset/noisy/006521.tif,मरी
Dataset/clean/006522.tif,Dataset/noisy/006522.tif,नीतदेतत्
Dataset/clean/006523.tif,Dataset/noisy/006523.tif,पश्चिमद्वारं
Dataset/clean/006524.tif,Dataset/noisy/006524.tif,तमेतमयान
Dataset/clean/006525.tif,Dataset/noisy/006525.tif,वाग
Dataset/clean/006526.tif,Dataset/noisy/006526.tif,श्चिम
Dataset/clean/006527.tif,Dataset/noisy/006527.tif,ब्रह्रावर्च
Dataset/clean/006528.tif,Dataset/noisy/006528.tif,छां.खं.
Dataset/clean/006529.tif,Dataset/noisy/006529.tif,दिवा
Dataset/clean/006530.tif,Dataset/noisy/006530.tif,सत्रयस्थै
Dataset/clean/006531.tif,Dataset/noisy/006531.tif,नाप्रत्प
Dataset/clean/006532.tif,Dataset/noisy/006532.tif,द्रियमा
Dataset/clean/006533.tif,Dataset/noisy/006533.tif,सोपानः
Dataset/clean/006534.tif,Dataset/noisy/006534.tif,॥४६॥
Dataset/clean/006535.tif,Dataset/noisy/006535.tif,वाक्वागि
Dataset/clean/006536.tif,Dataset/noisy/006536.tif,तद्वाराधिपो
Dataset/clean/006537.tif,Dataset/noisy/006537.tif,य्वाभिमानी
Dataset/clean/006538.tif,Dataset/noisy/006538.tif,जोमानी
Dataset/clean/006539.tif,Dataset/noisy/006539.tif,नीत्युपा
Dataset/clean/006540.tif,Dataset/noisy/006540.tif,सीततत्फ
Dataset/clean/006541.tif,Dataset/noisy/006541.tif,भनः
Dataset/clean/006542.tif,Dataset/noisy/006542.tif,सवायुः
Dataset/clean/006543.tif,Dataset/noisy/006543.tif,ससमानस्त
Dataset/clean/006544.tif,Dataset/noisy/006544.tif,यएवं
Dataset/clean/006545.tif,Dataset/noisy/006545.tif,स्पप्रत्य७.
Dataset/clean/006546.tif,Dataset/noisy/006546.tif,सुषिः
Dataset/clean/006547.tif,Dataset/noisy/006547.tif,सोपानः
Dataset/clean/006548.tif,Dataset/noisy/006548.tif,सुषिः
Dataset/clean/006549.tif,Dataset/noisy/006549.tif,सउदानः
Dataset/clean/006550.tif,Dataset/noisy/006550.tif,उदानवायुमानीसवा
Dataset/clean/006551.tif,Dataset/noisy/006551.tif,द्वारंयमानिं
Dataset/clean/006552.tif,Dataset/noisy/006552.tif,संवेद
Dataset/clean/006553.tif,Dataset/noisy/006553.tif,लध्वते
Dataset/clean/006554.tif,Dataset/noisy/006554.tif,समा
Dataset/clean/006555.tif,Dataset/noisy/006555.tif,तदधियः
Dataset/clean/006556.tif,Dataset/noisy/006556.tif,तत्समानः
Dataset/clean/006557.tif,Dataset/noisy/006557.tif,स्थितद्वारं
Dataset/clean/006558.tif,Dataset/noisy/006558.tif,उदक् सुषिः
Dataset/clean/006559.tif,Dataset/noisy/006559.tif,सांताभावः
Dataset/clean/006560.tif,Dataset/noisy/006560.tif,लोक्तिः
Dataset/clean/006561.tif,Dataset/noisy/006561.tif,ब्रह्रावर्च
Dataset/clean/006562.tif,Dataset/noisy/006562.tif,छांदसः
Dataset/clean/006563.tif,Dataset/noisy/006563.tif,स्वीति
Dataset/clean/006564.tif,Dataset/noisy/006564.tif,मनोभिमानी
Dataset/clean/006565.tif,Dataset/noisy/006565.tif,चपर्जन्यः
Dataset/clean/006566.tif,Dataset/noisy/006566.tif,पर्जत्पनामेदूः
Dataset/clean/006567.tif,Dataset/noisy/006567.tif,उत्तर दिगव
Dataset/clean/006568.tif,Dataset/noisy/006568.tif,तदेतत्
Dataset/clean/006569.tif,Dataset/noisy/006569.tif,समान
Dataset/clean/006570.tif,Dataset/noisy/006570.tif,मनोमानिन
Dataset/clean/006571.tif,Dataset/noisy/006571.tif,उत्तर
Dataset/clean/006572.tif,Dataset/noisy/006572.tif,द्वारयामिद्रं
Dataset/clean/006573.tif,Dataset/noisy/006573.tif,कीर्तिः
Dataset/clean/006574.tif,Dataset/noisy/006574.tif,पुरस्क्तत्प
Dataset/clean/006575.tif,Dataset/noisy/006575.tif,कीर्तिमान्
Dataset/clean/006576.tif,Dataset/noisy/006576.tif,व्युष्टि
Dataset/clean/006577.tif,Dataset/noisy/006577.tif,॥४५॥
Dataset/clean/006578.tif,Dataset/noisy/006578.tif,ऊर्जितमह
Dataset/clean/006579.tif,Dataset/noisy/006579.tif,वायुमाना
Dataset/clean/006580.tif,Dataset/noisy/006580.tif,समान
Dataset/clean/006581.tif,Dataset/noisy/006581.tif,तमेतं
Dataset/clean/006582.tif,Dataset/noisy/006582.tif,उदानः
Dataset/clean/006583.tif,Dataset/noisy/006583.tif,रैश्वर्य
Dataset/clean/006584.tif,Dataset/noisy/006584.tif,वानित्पुपासीत
Dataset/clean/006585.tif,Dataset/noisy/006585.tif,कीर्तिमानि
Dataset/clean/006586.tif,Dataset/noisy/006586.tif,आप्येत्पा
Dataset/clean/006587.tif,Dataset/noisy/006587.tif,क्सुषिः
Dataset/clean/006588.tif,Dataset/noisy/006588.tif,अपानवा
Dataset/clean/006589.tif,Dataset/noisy/006589.tif,अप्ययो
Dataset/clean/006590.tif,Dataset/noisy/006590.tif,अत्राद्यमा
Dataset/clean/006591.tif,Dataset/noisy/006591.tif,स्पप्रत्य७॰
Dataset/clean/006592.tif,Dataset/noisy/006592.tif,भिमानिनंप
Dataset/clean/006593.tif,Dataset/noisy/006593.tif,सावाक्‌
Dataset/clean/006594.tif,Dataset/noisy/006594.tif,सोग्निस्तदेतद्वूह्रा
Dataset/clean/006595.tif,Dataset/noisy/006595.tif,वर्चस्व
Dataset/clean/006596.tif,Dataset/noisy/006596.tif,वर्चसम
Dataset/clean/006597.tif,Dataset/noisy/006597.tif,त्रादिानवति
Dataset/clean/006598.tif,Dataset/noisy/006598.tif,सुपासी
Dataset/clean/006599.tif,Dataset/noisy/006599.tif,तवह्रा
Dataset/clean/006600.tif,Dataset/noisy/006600.tif,वेदाथयो
Dataset/clean/006601.tif,Dataset/noisy/006601.tif,त्योदडा
Dataset/clean/006602.tif,Dataset/noisy/006602.tif,सुषिः
Dataset/clean/006603.tif,Dataset/noisy/006603.tif,सपर्जन्यस्तदेत
Dataset/clean/006604.tif,Dataset/noisy/006604.tif,मानी
Dataset/clean/006605.tif,Dataset/noisy/006605.tif,स्युत
Dataset/clean/006606.tif,Dataset/noisy/006606.tif,यस्या
Dataset/clean/006607.tif,Dataset/noisy/006607.tif,तावद्व
Dataset/clean/006608.tif,Dataset/noisy/006608.tif,यस्कः
Dataset/clean/006609.tif,Dataset/noisy/006609.tif,सन्
Dataset/clean/006610.tif,Dataset/noisy/006610.tif,सर्वा
Dataset/clean/006611.tif,Dataset/noisy/006611.tif,नूवेदा
Dataset/clean/006612.tif,Dataset/noisy/006612.tif,नूअ
Dataset/clean/006613.tif,Dataset/noisy/006613.tif,अनूचा
Dataset/clean/006614.tif,Dataset/noisy/006614.tif,नमीनी
Dataset/clean/006615.tif,Dataset/noisy/006615.tif,सांगवेदा
Dataset/clean/006616.tif,Dataset/noisy/006616.tif,ध्ययन
Dataset/clean/006617.tif,Dataset/noisy/006617.tif,वानहइत्य
Dataset/clean/006618.tif,Dataset/noisy/006618.tif,श्रिमान
Dataset/clean/006619.tif,Dataset/noisy/006619.tif,वान
Dataset/clean/006620.tif,Dataset/noisy/006620.tif,तएवम
Dataset/clean/006621.tif,Dataset/noisy/006621.tif,हानस्मिइ
Dataset/clean/006622.tif,Dataset/noisy/006622.tif,तिमनाे
Dataset/clean/006623.tif,Dataset/noisy/006623.tif,सोमहामनाः
Dataset/clean/006624.tif,Dataset/noisy/006624.tif,अतएव
Dataset/clean/006625.tif,Dataset/noisy/006625.tif,स्त‌ब्धो
Dataset/clean/006626.tif,Dataset/noisy/006626.tif,विनीतः
Dataset/clean/006627.tif,Dataset/noisy/006627.tif,एयायआजगाम
Dataset/clean/006628.tif,Dataset/noisy/006628.tif,तमाग
Dataset/clean/006629.tif,Dataset/noisy/006629.tif,तपुत्रपि
Dataset/clean/006630.tif,Dataset/noisy/006630.tif,तास्तब्धो
Dataset/clean/006631.tif,Dataset/noisy/006631.tif,सीत्य
Dataset/clean/006632.tif,Dataset/noisy/006632.tif,तवाक्यमुवाच
Dataset/clean/006633.tif,Dataset/noisy/006633.tif,।
Dataset/clean/006634.tif,Dataset/noisy/006634.tif,स्त‌ब्धो
Dataset/clean/006635.tif,Dataset/noisy/006635.tif,सीतिइद
Dataset/clean/006636.tif,Dataset/noisy/006636.tif,यभु
Dataset/clean/006637.tif,Dataset/noisy/006637.tif,प
Dataset/clean/006638.tif,Dataset/noisy/006638.tif,किमुइत्त्यर्थः
Dataset/clean/006639.tif,Dataset/noisy/006639.tif,॥
Dataset/clean/006640.tif,Dataset/noisy/006640.tif,येनश्रूते
Dataset/clean/006641.tif,Dataset/noisy/006641.tif,नमते
Dataset/clean/006642.tif,Dataset/noisy/006642.tif,नवि
Dataset/clean/006643.tif,Dataset/noisy/006643.tif,ज्ञाते
Dataset/clean/006644.tif,Dataset/noisy/006644.tif,नान्यदश्र्क
Dataset/clean/006645.tif,Dataset/noisy/006645.tif,तम
Dataset/clean/006646.tif,Dataset/noisy/006646.tif,मतमविज्ञा
Dataset/clean/006647.tif,Dataset/noisy/006647.tif,तमपि
Dataset/clean/006648.tif,Dataset/noisy/006648.tif,श्रूतम
Dataset/clean/006649.tif,Dataset/noisy/006649.tif,तविज्ञात
Dataset/clean/006650.tif,Dataset/noisy/006650.tif,श्रवतित
Dataset/clean/006651.tif,Dataset/noisy/006651.tif,मादेश
Dataset/clean/006652.tif,Dataset/noisy/006652.tif,मुपदिश्य
Dataset/clean/006653.tif,Dataset/noisy/006653.tif,मानार्थ
Dataset/clean/006654.tif,Dataset/noisy/006654.tif,मप्राक्ष्यः
Dataset/clean/006655.tif,Dataset/noisy/006655.tif,ष्टवानभूस्त
Dataset/clean/006656.tif,Dataset/noisy/006656.tif,तत्किय
Dataset/clean/006657.tif,Dataset/noisy/006657.tif,द्विषय
Dataset/clean/006658.tif,Dataset/noisy/006658.tif,श्रवणमन
Dataset/clean/006659.tif,Dataset/noisy/006659.tif,नविज्ञानेन
Dataset/clean/006660.tif,Dataset/noisy/006660.tif,कर्मदेव
Dataset/clean/006661.tif,Dataset/noisy/006661.tif,तादि
Dataset/clean/006662.tif,Dataset/noisy/006662.tif,जगद्वि
Dataset/clean/006663.tif,Dataset/noisy/006663.tif,षय
Dataset/clean/006664.tif,Dataset/noisy/006664.tif,श्रवपाादि
Dataset/clean/006665.tif,Dataset/noisy/006665.tif,श्रवति
Dataset/clean/006666.tif,Dataset/noisy/006666.tif,तद्वस्त्
Dataset/clean/006667.tif,Dataset/noisy/006667.tif,श्रूतवानसिकि
Dataset/clean/006668.tif,Dataset/noisy/006668.tif,प्राये
Dataset/clean/006669.tif,Dataset/noisy/006669.tif,पानश्रूतवान्
Dataset/clean/006670.tif,Dataset/noisy/006670.tif,अन्यथा
Dataset/clean/006671.tif,Dataset/noisy/006671.tif,कथतेम
Dataset/clean/006672.tif,Dataset/noisy/006672.tif,हामनस्वा
Dataset/clean/006673.tif,Dataset/noisy/006673.tif,दिकश्रवेदि
Dataset/clean/006674.tif,Dataset/noisy/006674.tif,तिचो
Dataset/clean/006675.tif,Dataset/noisy/006675.tif,वाचेत्त्यर्थः
Dataset/clean/006676.tif,Dataset/noisy/006676.tif,॥
Dataset/clean/006677.tif,Dataset/noisy/006677.tif,अस्म
Dataset/clean/006678.tif,Dataset/noisy/006678.tif,हेसाेम्य
Dataset/clean/006679.tif,Dataset/noisy/006679.tif,कुतः
Dataset/clean/006680.tif,Dataset/noisy/006680.tif,॥
Dataset/clean/006681.tif,Dataset/noisy/006681.tif,कुर्वित्यर्थः
Dataset/clean/006682.tif,Dataset/noisy/006682.tif,ध्यय
Dataset/clean/006683.tif,Dataset/noisy/006683.tif,कुळेवेदा
Dataset/clean/006684.tif,Dataset/noisy/006684.tif,द्दिश्यवस
Dataset/clean/006685.tif,Dataset/noisy/006685.tif,यनमु
Dataset/clean/006686.tif,Dataset/noisy/006686.tif,ध्य
Dataset/clean/006687.tif,Dataset/noisy/006687.tif,र्यवेदा
Dataset/clean/006688.tif,Dataset/noisy/006688.tif,बह्मच
Dataset/clean/006689.tif,Dataset/noisy/006689.tif,।
Dataset/clean/006690.tif,Dataset/noisy/006690.tif,वाचहा
Dataset/clean/006691.tif,Dataset/noisy/006691.tif,ताउ
Dataset/clean/006692.tif,Dataset/noisy/006692.tif,तश्रपि
Dataset/clean/006693.tif,Dataset/noisy/006693.tif,।
Dataset/clean/006694.tif,Dataset/noisy/006694.tif,प्रसिद्व
Dataset/clean/006695.tif,Dataset/noisy/006695.tif,आसह
Dataset/clean/006696.tif,Dataset/noisy/006696.tif,पोयः
Dataset/clean/006697.tif,Dataset/noisy/006697.tif,आरु
Dataset/clean/006698.tif,Dataset/noisy/006698.tif,पौत्रः
Dataset/clean/006699.tif,Dataset/noisy/006699.tif,स्य
Dataset/clean/006700.tif,Dataset/noisy/006700.tif,र्नामतः
Dataset/clean/006701.tif,Dataset/noisy/006701.tif,श्वेतकेतु
Dataset/clean/006702.tif,Dataset/noisy/006702.tif,नग
Dataset/clean/006703.tif,Dataset/noisy/006703.tif,रित्यादि
Dataset/clean/006704.tif,Dataset/noisy/006704.tif,केतु
Dataset/clean/006705.tif,Dataset/noisy/006705.tif,श्वेत
Dataset/clean/006706.tif,Dataset/noisy/006706.tif,॥
Dataset/clean/006707.tif,Dataset/noisy/006707.tif,माह
Dataset/clean/006708.tif,Dataset/noisy/006708.tif,प्रसत्तिू
Dataset/clean/006709.tif,Dataset/noisy/006709.tif,तेद
Dataset/clean/006710.tif,Dataset/noisy/006710.tif,धनस्या
Dataset/clean/006711.tif,Dataset/noisy/006711.tif,श्रेदबो
Dataset/clean/006712.tif,Dataset/noisy/006712.tif,बोधयन्
Dataset/clean/006713.tif,Dataset/noisy/006713.tif,तोश्रेद
Dataset/clean/006714.tif,Dataset/noisy/006714.tif,नीश्रगव
Dataset/clean/006715.tif,Dataset/noisy/006715.tif,हाूत्यजीवा
Dataset/clean/006716.tif,Dataset/noisy/006716.tif,निमित्ती
Dataset/clean/006717.tif,Dataset/noisy/006717.tif,तकेतुं
Dataset/clean/006718.tif,Dataset/noisy/006718.tif,लुश्र्वे
Dataset/clean/006719.tif,Dataset/noisy/006719.tif,।
Dataset/clean/006720.tif,Dataset/noisy/006720.tif,युक्ति
Dataset/clean/006721.tif,Dataset/noisy/006721.tif,योगी
Dataset/clean/006722.tif,Dataset/noisy/006722.tif,प
Dataset/clean/006723.tif,Dataset/noisy/006723.tif,मोक्षो
Dataset/clean/006724.tif,Dataset/noisy/006724.tif,दो
Dataset/clean/006725.tif,Dataset/noisy/006725.tif,श्वराहे
Dataset/clean/006726.tif,Dataset/noisy/006726.tif,विपर्य
Dataset/clean/006727.tif,Dataset/noisy/006727.tif,दिग्धं
Dataset/clean/006728.tif,Dataset/noisy/006728.tif,तुजीवे
Dataset/clean/006729.tif,Dataset/noisy/006729.tif,पूर्वाध्यायेषुषाष्ठ
Dataset/clean/006730.tif,Dataset/noisy/006730.tif,काउपास्त
Dataset/clean/006731.tif,Dataset/noisy/006731.tif,मोक्षफळ
Dataset/clean/006732.tif,Dataset/noisy/006732.tif,ती
Dataset/clean/006733.tif,Dataset/noisy/006733.tif,भगव
Dataset/clean/006734.tif,Dataset/noisy/006734.tif,तोधिक
Dataset/clean/006735.tif,Dataset/noisy/006735.tif,त
Dataset/clean/006736.tif,Dataset/noisy/006736.tif,स्मादु
Dataset/clean/006737.tif,Dataset/noisy/006737.tif,हैव
Dataset/clean/006738.tif,Dataset/noisy/006738.tif,विद्यद्यपि
Dataset/clean/006739.tif,Dataset/noisy/006739.tif,चांडायो
Dataset/clean/006740.tif,Dataset/noisy/006740.tif,छिष्ट
Dataset/clean/006741.tif,Dataset/noisy/006741.tif,प्रयछेदात्मनि
Dataset/clean/006742.tif,Dataset/noisy/006742.tif,स्यादिति
Dataset/clean/006743.tif,Dataset/noisy/006743.tif,तदेष
Dataset/clean/006744.tif,Dataset/noisy/006744.tif,श्र्लोको
Dataset/clean/006745.tif,Dataset/noisy/006745.tif,यथेह
Dataset/clean/006746.tif,Dataset/noisy/006746.tif,क्षुधिता
Dataset/clean/006747.tif,Dataset/noisy/006747.tif,घाळामा
Dataset/clean/006748.tif,Dataset/noisy/006748.tif,तरपर्युपास
Dataset/clean/006749.tif,Dataset/noisy/006749.tif,त
Dataset/clean/006750.tif,Dataset/noisy/006750.tif,एवं
Dataset/clean/006751.tif,Dataset/noisy/006751.tif,सर्वाणिश्रूत
Dataset/clean/006752.tif,Dataset/noisy/006752.tif,॥
Dataset/clean/006753.tif,Dataset/noisy/006753.tif,।
Dataset/clean/006754.tif,Dataset/noisy/006754.tif,॥
Dataset/clean/006755.tif,Dataset/noisy/006755.tif,खं०२४
Dataset/clean/006756.tif,Dataset/noisy/006756.tif,॥
Dataset/clean/006757.tif,Dataset/noisy/006757.tif,इति
Dataset/clean/006758.tif,Dataset/noisy/006758.tif,सप्तमः
Dataset/clean/006759.tif,Dataset/noisy/006759.tif,प्रपाठकः
Dataset/clean/006760.tif,Dataset/noisy/006760.tif,पूर्णः
Dataset/clean/006761.tif,Dataset/noisy/006761.tif,॥
Dataset/clean/006762.tif,Dataset/noisy/006762.tif,रिष्थिन्फक्तै
Dataset/clean/006763.tif,Dataset/noisy/006763.tif,रिषीकल
Dataset/clean/006764.tif,Dataset/noisy/006764.tif,ळमितिभाव्य
Dataset/clean/006765.tif,Dataset/noisy/006765.tif,त्वातू
Dataset/clean/006766.tif,Dataset/noisy/006766.tif,न्यग्नि
Dataset/clean/006767.tif,Dataset/noisy/006767.tif,होत्रमु
Dataset/clean/006768.tif,Dataset/noisy/006768.tif,पास
Dataset/clean/006769.tif,Dataset/noisy/006769.tif,तइत्थग्नि
Dataset/clean/006770.tif,Dataset/noisy/006770.tif,होत्र
Dataset/clean/006771.tif,Dataset/noisy/006771.tif,मुपासत
Dataset/clean/006772.tif,Dataset/noisy/006772.tif,पूर्वानुष्ठाने
Dataset/clean/006773.tif,Dataset/noisy/006773.tif,पळोतिूरथ
Dataset/clean/006774.tif,Dataset/noisy/006774.tif,पादिकम
Dataset/clean/006775.tif,Dataset/noisy/006775.tif,तुत्थनिष्य
Dataset/clean/006776.tif,Dataset/noisy/006776.tif,ळमिति
Dataset/clean/006777.tif,Dataset/noisy/006777.tif,।
Dataset/clean/006778.tif,Dataset/noisy/006778.tif,ज्ञान
Dataset/clean/006779.tif,Dataset/noisy/006779.tif,यावत्
Dataset/clean/006780.tif,Dataset/noisy/006780.tif,विद्वान
Dataset/clean/006781.tif,Dataset/noisy/006781.tif,जान
Dataset/clean/006782.tif,Dataset/noisy/006782.tif,न्प्रापााग्नि
Dataset/clean/006783.tif,Dataset/noisy/006783.tif,करोति
Dataset/clean/006784.tif,Dataset/noisy/006784.tif,अंगारा
Dataset/clean/006785.tif,Dataset/noisy/006785.tif,तस्मादुत्करी
Dataset/clean/006786.tif,Dataset/noisy/006786.tif,सावैश्वानर
Dataset/clean/006787.tif,Dataset/noisy/006787.tif,ज्ञानस्य
Dataset/clean/006788.tif,Dataset/noisy/006788.tif,सर्व
Dataset/clean/006789.tif,Dataset/noisy/006789.tif,पापक्षया
Dataset/clean/006790.tif,Dataset/noisy/006790.tif,दिहे
Dataset/clean/006791.tif,Dataset/noisy/006791.tif,तुत्वादुष्दिप्ट
Dataset/clean/006792.tif,Dataset/noisy/006792.tif,मप्य
Dataset/clean/006793.tif,Dataset/noisy/006793.tif,पात्रेदत्त
Dataset/clean/006794.tif,Dataset/noisy/006794.tif,वैश्वानरेआ
Dataset/clean/006795.tif,Dataset/noisy/006795.tif,तदेषइति
Dataset/clean/006796.tif,Dataset/noisy/006796.tif,त्मनि
Dataset/clean/006797.tif,Dataset/noisy/006797.tif,अस्यानेनत
Dataset/clean/006798.tif,Dataset/noisy/006798.tif,स्यात्
Dataset/clean/006799.tif,Dataset/noisy/006799.tif,वैश्वानर
Dataset/clean/006800.tif,Dataset/noisy/006800.tif,ज्ञानपूर्वक
Dataset/clean/006801.tif,Dataset/noisy/006801.tif,हाूतंप्रापााग्नि
Dataset/clean/006802.tif,Dataset/noisy/006802.tif,सर्वाश्रीष्ट
Dataset/clean/006803.tif,Dataset/noisy/006803.tif,प्रदमिन्फत्कमर्थ
Dataset/clean/006804.tif,Dataset/noisy/006804.tif,मंत्रे
Dataset/clean/006805.tif,Dataset/noisy/006805.tif,पासवा
Dataset/clean/006806.tif,Dataset/noisy/006806.tif,दयति
Dataset/clean/006807.tif,Dataset/noisy/006807.tif,।
Dataset/clean/006808.tif,Dataset/noisy/006808.tif,इहलो
Dataset/clean/006809.tif,Dataset/noisy/006809.tif,केसर्वापिा
Dataset/clean/006810.tif,Dataset/noisy/006810.tif,श्रूतान्य
Dataset/clean/006811.tif,Dataset/noisy/006811.tif,श्रीष्टापेक्षापिा
Dataset/clean/006812.tif,Dataset/noisy/006812.tif,प्रापााग्नि
Dataset/clean/006813.tif,Dataset/noisy/006813.tif,हो
Dataset/clean/006814.tif,Dataset/noisy/006814.tif,त्रमुपासते
Dataset/clean/006815.tif,Dataset/noisy/006815.tif,।
Dataset/clean/006816.tif,Dataset/noisy/006816.tif,द्विरुत्तिूर
Dataset/clean/006817.tif,Dataset/noisy/006817.tif,ध्यायस
Dataset/clean/006818.tif,Dataset/noisy/006818.tif,मात्प्यर्था
Dataset/clean/006819.tif,Dataset/noisy/006819.tif,खडार्थः
Dataset/clean/006820.tif,Dataset/noisy/006820.tif,२४
Dataset/clean/006821.tif,Dataset/noisy/006821.tif,श्रीमद्राघ
Dataset/clean/006822.tif,Dataset/noisy/006822.tif,वेद्रपूज्यपाद
Dataset/clean/006823.tif,Dataset/noisy/006823.tif,हाूते
Dataset/clean/006824.tif,Dataset/noisy/006824.tif,पंचमः
Dataset/clean/006825.tif,Dataset/noisy/006825.tif,॥
Dataset/clean/006826.tif,Dataset/noisy/006826.tif,होत्रं
Dataset/clean/006827.tif,Dataset/noisy/006827.tif,त्धुत
Dataset/clean/006828.tif,Dataset/noisy/006828.tif,श्र्यरभेद
Dataset/clean/006829.tif,Dataset/noisy/006829.tif,नयोत्घ
Dataset/clean/006830.tif,Dataset/noisy/006830.tif,परित्यज्य
Dataset/clean/006831.tif,Dataset/noisy/006831.tif,श्रस्मनि
Dataset/clean/006832.tif,Dataset/noisy/006832.tif,यथा
Dataset/clean/006833.tif,Dataset/noisy/006833.tif,जुहुयातू
Dataset/clean/006834.tif,Dataset/noisy/006834.tif,होत्रता
Dataset/clean/006835.tif,Dataset/noisy/006835.tif,हकूत
Dataset/clean/006836.tif,Dataset/noisy/006836.tif,।
Dataset/clean/006837.tif,Dataset/noisy/006837.tif,अज्ञान
Dataset/clean/006838.tif,Dataset/noisy/006838.tif,हाूतं
Dataset/clean/006839.tif,Dataset/noisy/006839.tif,प्राणाग्नि
Dataset/clean/006840.tif,Dataset/noisy/006840.tif,एव
Dataset/clean/006841.tif,Dataset/noisy/006841.tif,तद्
Dataset/clean/006842.tif,Dataset/noisy/006842.tif,ज्ञान
Dataset/clean/006843.tif,Dataset/noisy/006843.tif,पूर्वक
Dataset/clean/006844.tif,Dataset/noisy/006844.tif,तीत्यर्थः
Dataset/clean/006845.tif,Dataset/noisy/006845.tif,तस्यते
Dataset/clean/006846.tif,Dataset/noisy/006846.tif,नहुन
Dataset/clean/006847.tif,Dataset/noisy/006847.tif,श्रवतीत्यन्वयः
Dataset/clean/006848.tif,Dataset/noisy/006848.tif,।
Dataset/clean/006849.tif,Dataset/noisy/006849.tif,यद्वा
Dataset/clean/006850.tif,Dataset/noisy/006850.tif,सर्वलोकादिषुहुतं
Dataset/clean/006851.tif,Dataset/noisy/006851.tif,तस्यैवश्रव
Dataset/clean/006852.tif,Dataset/noisy/006852.tif,॥
Dataset/clean/006853.tif,Dataset/noisy/006853.tif,।
Dataset/clean/006854.tif,Dataset/noisy/006854.tif,फळीतरी
Dataset/clean/006855.tif,Dataset/noisy/006855.tif,चाहत
Dataset/clean/006856.tif,Dataset/noisy/006856.tif,घथेति
Dataset/clean/006857.tif,Dataset/noisy/006857.tif,॥
Dataset/clean/006858.tif,Dataset/noisy/006858.tif,यएतदिति
Dataset/clean/006859.tif,Dataset/noisy/006859.tif,भुसाेम्येद
Dataset/clean/006860.tif,Dataset/noisy/006860.tif,वक्ष्यमापानि
Dataset/clean/006861.tif,Dataset/noisy/006861.tif,दर्शन
Dataset/clean/006862.tif,Dataset/noisy/006862.tif,।
Dataset/clean/006863.tif,Dataset/noisy/006863.tif,यथा
Dataset/clean/006864.tif,Dataset/noisy/006864.tif,ईषिकातूळ
Dataset/clean/006865.tif,Dataset/noisy/006865.tif,मिति
Dataset/clean/006866.tif,Dataset/noisy/006866.tif,।
Dataset/clean/006867.tif,Dataset/noisy/006867.tif,छादसोह
Dataset/clean/006868.tif,Dataset/noisy/006868.tif,स्वाश्रारः
Dataset/clean/006869.tif,Dataset/noisy/006869.tif,।
Dataset/clean/006870.tif,Dataset/noisy/006870.tif,इष्ठं
Dataset/clean/006871.tif,Dataset/noisy/006871.tif,केशिका
Dataset/clean/006872.tif,Dataset/noisy/006872.tif,मालानां
Dataset/clean/006873.tif,Dataset/noisy/006873.tif,व्रितलळश्रा
Dataset/clean/006874.tif,Dataset/noisy/006874.tif,अथ
Dataset/clean/006875.tif,Dataset/noisy/006875.tif,यइद‌म
Dataset/clean/006876.tif,Dataset/noisy/006876.tif,विद्वानग्निहोत्रनु
Dataset/clean/006877.tif,Dataset/noisy/006877.tif,होतियथी
Dataset/clean/006878.tif,Dataset/noisy/006878.tif,गारान
Dataset/clean/006879.tif,Dataset/noisy/006879.tif,पोत्घश्रस्मनिजु
Dataset/clean/006880.tif,Dataset/noisy/006880.tif,हुयात्तादकूतत्स्या
Dataset/clean/006881.tif,Dataset/noisy/006881.tif,दथयएतदेव
Dataset/clean/006882.tif,Dataset/noisy/006882.tif,विद्वा
Dataset/clean/006883.tif,Dataset/noisy/006883.tif,लोकेषु
Dataset/clean/006884.tif,Dataset/noisy/006884.tif,सर्वेषुभूतेषु
Dataset/clean/006885.tif,Dataset/noisy/006885.tif,नग्निहो
Dataset/clean/006886.tif,Dataset/noisy/006886.tif,त्रजु
Dataset/clean/006887.tif,Dataset/noisy/006887.tif,होतितस्य
Dataset/clean/006888.tif,Dataset/noisy/006888.tif,सर्वेषु
Dataset/clean/006889.tif,Dataset/noisy/006889.tif,सर्वेष्वा
Dataset/clean/006890.tif,Dataset/noisy/006890.tif,त्मसुहुत
Dataset/clean/006891.tif,Dataset/noisy/006891.tif,बुद्दाः
Dataset/clean/006892.tif,Dataset/noisy/006892.tif,द्याकल्पि
Dataset/clean/006893.tif,Dataset/noisy/006893.tif,तेचात्रास्ति
Dataset/clean/006894.tif,Dataset/noisy/006894.tif,परमार्थ
Dataset/clean/006895.tif,Dataset/noisy/006895.tif,वर्जिनं
Dataset/clean/006896.tif,Dataset/noisy/006896.tif,कोति
Dataset/clean/006897.tif,Dataset/noisy/006897.tif,वडुः
Dataset/clean/006898.tif,Dataset/noisy/006898.tif,त्र्कंज्ञेयं
Dataset/clean/006899.tif,Dataset/noisy/006899.tif,यदु
Dataset/clean/006900.tif,Dataset/noisy/006900.tif,दाकाश
Dataset/clean/006901.tif,Dataset/noisy/006901.tif,आकाशव
Dataset/clean/006902.tif,Dataset/noisy/006902.tif,स्वभावतः
Dataset/clean/006903.tif,Dataset/noisy/006903.tif,प्रत्रत्पा
Dataset/clean/006904.tif,Dataset/noisy/006904.tif,तस्क
Dataset/clean/006905.tif,Dataset/noisy/006905.tif,चुल्पाः
Dataset/clean/006906.tif,Dataset/noisy/006906.tif,त्पर्थः
Dataset/clean/006907.tif,Dataset/noisy/006907.tif,॥
Dataset/clean/006908.tif,Dataset/noisy/006908.tif,हेया
Dataset/clean/006909.tif,Dataset/noisy/006909.tif,दीनांर
Dataset/clean/006910.tif,Dataset/noisy/006910.tif,जुस
Dataset/clean/006911.tif,Dataset/noisy/006911.tif,र्पवदवि
Dataset/clean/006912.tif,Dataset/noisy/006912.tif,वशंकेति
Dataset/clean/006913.tif,Dataset/noisy/006913.tif,॥
Dataset/clean/006914.tif,Dataset/noisy/006914.tif,भाव॰।
Dataset/clean/006915.tif,Dataset/noisy/006915.tif,।
Dataset/clean/006916.tif,Dataset/noisy/006916.tif,पूरमार्थ
Dataset/clean/006917.tif,Dataset/noisy/006917.tif,त्पेति
Dataset/clean/006918.tif,Dataset/noisy/006918.tif,यितिप्रत्र
Dataset/clean/006919.tif,Dataset/noisy/006919.tif,स्फुटय
Dataset/clean/006920.tif,Dataset/noisy/006920.tif,तदिदानां
Dataset/clean/006921.tif,Dataset/noisy/006921.tif,तव्वमिति
Dataset/clean/006922.tif,Dataset/noisy/006922.tif,परमार्थ
Dataset/clean/006923.tif,Dataset/noisy/006923.tif,तात्मनान्प
Dataset/clean/006924.tif,Dataset/noisy/006924.tif,स्फुर
Dataset/clean/006925.tif,Dataset/noisy/006925.tif,यथोत्र्क
Dataset/clean/006926.tif,Dataset/noisy/006926.tif,रात्पा
Dataset/clean/006927.tif,Dataset/noisy/006927.tif,समुत्पभ
Dataset/clean/006928.tif,Dataset/noisy/006928.tif,ज्ञान
Dataset/clean/006929.tif,Dataset/noisy/006929.tif,स्पफलमा
Dataset/clean/006930.tif,Dataset/noisy/006930.tif,हम
Dataset/clean/006931.tif,Dataset/noisy/006931.tif,स्पेति
Dataset/clean/006932.tif,Dataset/noisy/006932.tif,तचैः
Dataset/clean/006933.tif,Dataset/noisy/006933.tif,सर्वग
Dataset/clean/006934.tif,Dataset/noisy/006934.tif,नित्पनि
Dataset/clean/006935.tif,Dataset/noisy/006935.tif,कर्त्रव्पो
Dataset/clean/006936.tif,Dataset/noisy/006936.tif,निश्वयः
Dataset/clean/006937.tif,Dataset/noisy/006937.tif,तेषां
Dataset/clean/006938.tif,Dataset/noisy/006938.tif,श्वितानव
Dataset/clean/006939.tif,Dataset/noisy/006939.tif,।
Dataset/clean/006940.tif,Dataset/noisy/006940.tif,सुनि
Dataset/clean/006941.tif,Dataset/noisy/006941.tif,न्मानः
Dataset/clean/006942.tif,Dataset/noisy/006942.tif,निवारात्र
Dataset/clean/006943.tif,Dataset/noisy/006943.tif,रुप
Dataset/clean/006944.tif,Dataset/noisy/006944.tif,त्वस्प
Dataset/clean/006945.tif,Dataset/noisy/006945.tif,प्रागेव
Dataset/clean/006946.tif,Dataset/noisy/006946.tif,ध्माधितत्व
Dataset/clean/006947.tif,Dataset/noisy/006947.tif,दित्यर्थः
Dataset/clean/006948.tif,Dataset/noisy/006948.tif,॥
Dataset/clean/006949.tif,Dataset/noisy/006949.tif,यस्प
Dataset/clean/006950.tif,Dataset/noisy/006950.tif,मुमु
Dataset/clean/006951.tif,Dataset/noisy/006951.tif,क्षौरे
Dataset/clean/006952.tif,Dataset/noisy/006952.tif,वंय
Dataset/clean/006953.tif,Dataset/noisy/006953.tif,थोक्त
Dataset/clean/006954.tif,Dataset/noisy/006954.tif,प्रकारेणय्म
Dataset/clean/006955.tif,Dataset/noisy/006955.tif,र्वदा
Dataset/clean/006956.tif,Dataset/noisy/006956.tif,बोध
Dataset/clean/006957.tif,Dataset/noisy/006957.tif,र्निश्वय
Dataset/clean/006958.tif,Dataset/noisy/006958.tif,निर
Dataset/clean/006959.tif,Dataset/noisy/006959.tif,पेक्षताऽ।
Dataset/clean/006960.tif,Dataset/noisy/006960.tif,त्मार्थ
Dataset/clean/006961.tif,Dataset/noisy/006961.tif,परार्थ
Dataset/clean/006962.tif,Dataset/noisy/006962.tif,वा
Dataset/clean/006963.tif,Dataset/noisy/006963.tif,यथा
Dataset/clean/006964.tif,Dataset/noisy/006964.tif,सविता
Dataset/clean/006965.tif,Dataset/noisy/006965.tif,निव्पं
Dataset/clean/006966.tif,Dataset/noisy/006966.tif,प्रकाशां
Dataset/clean/006967.tif,Dataset/noisy/006967.tif,तरनि
Dataset/clean/006968.tif,Dataset/noisy/006968.tif,रयेत्दः
Dataset/clean/006969.tif,Dataset/noisy/006969.tif,स्वार्थ
Dataset/clean/006970.tif,Dataset/noisy/006970.tif,परार्थ
Dataset/clean/006971.tif,Dataset/noisy/006971.tif,वैत्पे
Dataset/clean/006972.tif,Dataset/noisy/006972.tif,वंभवति
Dataset/clean/006973.tif,Dataset/noisy/006973.tif,क्षांतिः
Dataset/clean/006974.tif,Dataset/noisy/006974.tif,क्षमा
Dataset/clean/006975.tif,Dataset/noisy/006975.tif,बोधक
Dataset/clean/006976.tif,Dataset/noisy/006976.tif,त्रव्पता
Dataset/clean/006977.tif,Dataset/noisy/006977.tif,निरपेक्ष
Dataset/clean/006978.tif,Dataset/noisy/006978.tif,ता
Dataset/clean/006979.tif,Dataset/noisy/006979.tif,सर्व
Dataset/clean/006980.tif,Dataset/noisy/006980.tif,॥
Dataset/clean/006981.tif,Dataset/noisy/006981.tif,॥
Dataset/clean/006982.tif,Dataset/noisy/006982.tif,भवनित्पर्थः
Dataset/clean/006983.tif,Dataset/noisy/006983.tif,समर्थो
Dataset/clean/006984.tif,Dataset/noisy/006984.tif,मोक्षाय
Dataset/clean/006985.tif,Dataset/noisy/006985.tif,कल्पते
Dataset/clean/006986.tif,Dataset/noisy/006986.tif,भावाय
Dataset/clean/006987.tif,Dataset/noisy/006987.tif,वास्वात्म
Dataset/clean/006988.tif,Dataset/noisy/006988.tif,निसो
Dataset/clean/006989.tif,Dataset/noisy/006989.tif,मतत्वा
Dataset/clean/006990.tif,Dataset/noisy/006990.tif,मत
Dataset/clean/006991.tif,Dataset/noisy/006991.tif,या
Dataset/clean/006992.tif,Dataset/noisy/006992.tif,सोमन
Dataset/clean/006993.tif,Dataset/noisy/006993.tif,चाय
Dataset/clean/006994.tif,Dataset/noisy/006994.tif,कल्पत
Dataset/clean/006995.tif,Dataset/noisy/006995.tif,इत्पादि
Dataset/clean/006996.tif,Dataset/noisy/006996.tif,व
Dataset/clean/006997.tif,Dataset/noisy/006997.tif,वनादा
Dataset/clean/006998.tif,Dataset/noisy/006998.tif,गंत्रुक
Dataset/clean/006999.tif,Dataset/noisy/006999.tif,तत्वं
Dataset/clean/007000.tif,Dataset/noisy/007000.tif,प्राप्तं
Dataset/clean/007001.tif,Dataset/noisy/007001.tif,तप्प्रत्फ
Dataset/clean/007002.tif,Dataset/noisy/007002.tif,दस्पत्पा
Dataset/clean/007003.tif,Dataset/noisy/007003.tif,दिशाता
Dataset/clean/007004.tif,Dataset/noisy/007004.tif,स्मादा
Dataset/clean/007005.tif,Dataset/noisy/007005.tif,दिशां
Dataset/clean/007006.tif,Dataset/noisy/007006.tif,तानित्प
Dataset/clean/007007.tif,Dataset/noisy/007007.tif,मेव
Dataset/clean/007008.tif,Dataset/noisy/007008.tif,शांताअ
Dataset/clean/007009.tif,Dataset/noisy/007009.tif,इेति
Dataset/clean/007010.tif,Dataset/noisy/007010.tif,तथा
Dataset/clean/007011.tif,Dataset/noisy/007011.tif,नापि
Dataset/clean/007012.tif,Dataset/noisy/007012.tif,शांति
Dataset/clean/007013.tif,Dataset/noisy/007013.tif,कर्त्तव्य
Dataset/clean/007014.tif,Dataset/noisy/007014.tif,तस्प
Dataset/clean/007015.tif,Dataset/noisy/007015.tif,त्रुमलं
Dataset/clean/007016.tif,Dataset/noisy/007016.tif,भवि
Dataset/clean/007017.tif,Dataset/noisy/007017.tif,स्वरूपो
Dataset/clean/007018.tif,Dataset/noisy/007018.tif,ह्यमान
Dataset/clean/007019.tif,Dataset/noisy/007019.tif,तिसंदि
Dataset/clean/007020.tif,Dataset/noisy/007020.tif,वंनैवमि
Dataset/clean/007021.tif,Dataset/noisy/007021.tif,यामे
Dataset/clean/007022.tif,Dataset/noisy/007022.tif,सत्ता
Dataset/clean/007023.tif,Dataset/noisy/007023.tif,स्व
Dataset/clean/007024.tif,Dataset/noisy/007024.tif,त्मा
Dataset/clean/007025.tif,Dataset/noisy/007025.tif,नखल्वा
Dataset/clean/007026.tif,Dataset/noisy/007026.tif,रेति
Dataset/clean/007027.tif,Dataset/noisy/007027.tif,एवंनैवं
Dataset/clean/007028.tif,Dataset/noisy/007028.tif,ग्धस्वरूपा
Dataset/clean/007029.tif,Dataset/noisy/007029.tif,नसंदि
Dataset/clean/007030.tif,Dataset/noisy/007030.tif,इत्पर्थः
Dataset/clean/007031.tif,Dataset/noisy/007031.tif,स्वरूपा
Dataset/clean/007032.tif,Dataset/noisy/007032.tif,श्वित
Dataset/clean/007033.tif,Dataset/noisy/007033.tif,सर्वआ
Dataset/clean/007034.tif,Dataset/noisy/007034.tif,णाव्य
Dataset/clean/007035.tif,Dataset/noisy/007035.tif,धर्माः
Dataset/clean/007036.tif,Dataset/noisy/007036.tif,सर्वे
Dataset/clean/007037.tif,Dataset/noisy/007037.tif,॥
Dataset/clean/007038.tif,Dataset/noisy/007038.tif,इत्यर्थः
Dataset/clean/007039.tif,Dataset/noisy/007039.tif,रूपा
Dataset/clean/007040.tif,Dataset/noisy/007040.tif,बोधस्व
Dataset/clean/007041.tif,Dataset/noisy/007041.tif,नित्प
Dataset/clean/007042.tif,Dataset/noisy/007042.tif,सवितैवं
Dataset/clean/007043.tif,Dataset/noisy/007043.tif,स्वरूपः
Dataset/clean/007044.tif,Dataset/noisy/007044.tif,तित्पप्रकाश
Dataset/clean/007045.tif,Dataset/noisy/007045.tif,पूवपथा
Dataset/clean/007046.tif,Dataset/noisy/007046.tif,भावत
Dataset/clean/007047.tif,Dataset/noisy/007047.tif,त्पास्व
Dataset/clean/007048.tif,Dataset/noisy/007048.tif,प्रत्र
Dataset/clean/007049.tif,Dataset/noisy/007049.tif,आदि
Dataset/clean/007050.tif,Dataset/noisy/007050.tif,बुद्वा
Dataset/clean/007051.tif,Dataset/noisy/007051.tif,दौ
Dataset/clean/007052.tif,Dataset/noisy/007052.tif,स्मादा
Dataset/clean/007053.tif,Dataset/noisy/007053.tif,हय
Dataset/clean/007054.tif,Dataset/noisy/007054.tif,इत्पा
Dataset/clean/007055.tif,Dataset/noisy/007055.tif,मार्थत
Dataset/clean/007056.tif,Dataset/noisy/007056.tif,पर
Dataset/clean/007057.tif,Dataset/noisy/007057.tif,त्पैवन
Dataset/clean/007058.tif,Dataset/noisy/007058.tif,त्पै
Dataset/clean/007059.tif,Dataset/noisy/007059.tif,एाांसंवृ
Dataset/clean/007060.tif,Dataset/noisy/007060.tif,पिधर्मा
Dataset/clean/007061.tif,Dataset/noisy/007061.tif,ज्ञेयता
Dataset/clean/007062.tif,Dataset/noisy/007062.tif,।
Dataset/clean/007063.tif,Dataset/noisy/007063.tif,इति
Dataset/clean/007064.tif,Dataset/noisy/007064.tif,दिबुद्वा
Dataset/clean/007065.tif,Dataset/noisy/007065.tif,त्पुदस्पत्पा
Dataset/clean/007066.tif,Dataset/noisy/007066.tif,त्वंप्रा
Dataset/clean/007067.tif,Dataset/noisy/007067.tif,मेवज्ञेय
Dataset/clean/007068.tif,Dataset/noisy/007068.tif,न्मुखा
Dataset/clean/007069.tif,Dataset/noisy/007069.tif,विद्यते
Dataset/clean/007070.tif,Dataset/noisy/007070.tif,वतेषां
Dataset/clean/007071.tif,Dataset/noisy/007071.tif,प्रयुक्तं
Dataset/clean/007072.tif,Dataset/noisy/007072.tif,।
Dataset/clean/007073.tif,Dataset/noisy/007073.tif,।
Dataset/clean/007074.tif,Dataset/noisy/007074.tif,प्रयोगा
Dataset/clean/007075.tif,Dataset/noisy/007075.tif,शष्ह
Dataset/clean/007076.tif,Dataset/noisy/007076.tif,ज्ञेम
Dataset/clean/007077.tif,Dataset/noisy/007077.tif,लावस्ठा
Dataset/clean/007078.tif,Dataset/noisy/007078.tif,देशका
Dataset/clean/007079.tif,Dataset/noisy/007079.tif,वनेनि
Dataset/clean/007080.tif,Dataset/noisy/007080.tif,घ्क
Dataset/clean/007081.tif,Dataset/noisy/007081.tif,॥
Dataset/clean/007082.tif,Dataset/noisy/007082.tif,मित्पार्थः
Dataset/clean/007083.tif,Dataset/noisy/007083.tif,ववन
Dataset/clean/007084.tif,Dataset/noisy/007084.tif,बडु
Dataset/clean/007085.tif,Dataset/noisy/007085.tif,निबंधनं
Dataset/clean/007086.tif,Dataset/noisy/007086.tif,भेद
Dataset/clean/007087.tif,Dataset/noisy/007087.tif,कता
Dataset/clean/007088.tif,Dataset/noisy/007088.tif,॥
Dataset/clean/007089.tif,Dataset/noisy/007089.tif,द्यतइति
Dataset/clean/007090.tif,Dataset/noisy/007090.tif,दिशतिवि
Dataset/clean/007091.tif,Dataset/noisy/007091.tif,प्रत्पा
Dataset/clean/007092.tif,Dataset/noisy/007092.tif,दाेषं
Dataset/clean/007093.tif,Dataset/noisy/007093.tif,गप्राप्तं
Dataset/clean/007094.tif,Dataset/noisy/007094.tif,वनप्रके
Dataset/clean/007095.tif,Dataset/noisy/007095.tif,वड्कुव
Dataset/clean/007096.tif,Dataset/noisy/007096.tif,।
Dataset/clean/007097.tif,Dataset/noisy/007097.tif,नित्पा
Dataset/clean/007098.tif,Dataset/noisy/007098.tif,रनादयो
Dataset/clean/007099.tif,Dataset/noisy/007099.tif,॥
Dataset/clean/007100.tif,Dataset/noisy/007100.tif,ज्ञेयामु
Dataset/clean/007101.tif,Dataset/noisy/007101.tif,आन्मनो
Dataset/clean/007102.tif,Dataset/noisy/007102.tif,सर्वेधर्मा
Dataset/clean/007103.tif,Dataset/noisy/007103.tif,प्रं
Dataset/clean/007104.tif,Dataset/noisy/007104.tif,प्र
Dataset/clean/007105.tif,Dataset/noisy/007105.tif,नानाश्नं
Dataset/clean/007106.tif,Dataset/noisy/007106.tif,२२८॥
Dataset/clean/007107.tif,Dataset/noisy/007107.tif,पर
Dataset/clean/007108.tif,Dataset/noisy/007108.tif,स्तात्
Dataset/clean/007109.tif,Dataset/noisy/007109.tif,नाप्रः
Dataset/clean/007110.tif,Dataset/noisy/007110.tif,सएषाेंत
Dataset/clean/007111.tif,Dataset/noisy/007111.tif,श्वरतेवड्ऊ
Dataset/clean/007112.tif,Dataset/noisy/007112.tif,धाजाय
Dataset/clean/007113.tif,Dataset/noisy/007113.tif,मानः
Dataset/clean/007114.tif,Dataset/noisy/007114.tif,॥
Dataset/clean/007115.tif,Dataset/noisy/007115.tif,र्उमित्ये
Dataset/clean/007116.tif,Dataset/noisy/007116.tif,वंध्या
Dataset/clean/007117.tif,Dataset/noisy/007117.tif,॥
Dataset/clean/007118.tif,Dataset/noisy/007118.tif,यः
Dataset/clean/007119.tif,Dataset/noisy/007119.tif,सर्वज्ञः
Dataset/clean/007120.tif,Dataset/noisy/007120.tif,तदे
Dataset/clean/007121.tif,Dataset/noisy/007121.tif,सर्व
Dataset/clean/007122.tif,Dataset/noisy/007122.tif,विद्यस्यै
Dataset/clean/007123.tif,Dataset/noisy/007123.tif,हिमा
Dataset/clean/007124.tif,Dataset/noisy/007124.tif,तदेत
Dataset/clean/007125.tif,Dataset/noisy/007125.tif,चेवेशरोमे
Dataset/clean/007126.tif,Dataset/noisy/007126.tif,दिवो
Dataset/clean/007127.tif,Dataset/noisy/007127.tif,व्रह्म
Dataset/clean/007128.tif,Dataset/noisy/007128.tif,पुरेह्वे
Dataset/clean/007129.tif,Dataset/noisy/007129.tif,प्रतिष्टित
Dataset/clean/007130.tif,Dataset/noisy/007130.tif,षव्याे
Dataset/clean/007131.tif,Dataset/noisy/007131.tif,म्न्पात्मा
Dataset/clean/007132.tif,Dataset/noisy/007132.tif,यः
Dataset/clean/007133.tif,Dataset/noisy/007133.tif,प्राएा
Dataset/clean/007134.tif,Dataset/noisy/007134.tif,शरीरनेता
Dataset/clean/007135.tif,Dataset/noisy/007135.tif,प्रतिष्टि
Dataset/clean/007136.tif,Dataset/noisy/007136.tif,तो
Dataset/clean/007137.tif,Dataset/noisy/007137.tif,भ
Dataset/clean/007138.tif,Dataset/noisy/007138.tif,हदयं
Dataset/clean/007139.tif,Dataset/noisy/007139.tif,सभि
Dataset/clean/007140.tif,Dataset/noisy/007140.tif,क्षरंब्रह्म
Dataset/clean/007141.tif,Dataset/noisy/007141.tif,स
Dataset/clean/007142.tif,Dataset/noisy/007142.tif,प्राएा
Dataset/clean/007143.tif,Dataset/noisy/007143.tif,रत
Dataset/clean/007144.tif,Dataset/noisy/007144.tif,विंधि
Dataset/clean/007145.tif,Dataset/noisy/007145.tif,साेम्य
Dataset/clean/007146.tif,Dataset/noisy/007146.tif,द्वोद्वव्यं
Dataset/clean/007147.tif,Dataset/noisy/007147.tif,मृतंत
Dataset/clean/007148.tif,Dataset/noisy/007148.tif,तद‌
Dataset/clean/007149.tif,Dataset/noisy/007149.tif,सत्यं
Dataset/clean/007150.tif,Dataset/noisy/007150.tif,१
Dataset/clean/007151.tif,Dataset/noisy/007151.tif,दंमहा
Dataset/clean/007152.tif,Dataset/noisy/007152.tif,पनिष
Dataset/clean/007153.tif,Dataset/noisy/007153.tif,त्वौ
Dataset/clean/007154.tif,Dataset/noisy/007154.tif,र्गृही
Dataset/clean/007155.tif,Dataset/noisy/007155.tif,धनु
Dataset/clean/007156.tif,Dataset/noisy/007156.tif,॥
Dataset/clean/007157.tif,Dataset/noisy/007157.tif,दुवाङ्मन
Dataset/clean/007158.tif,Dataset/noisy/007158.tif,राम
Dataset/clean/007159.tif,Dataset/noisy/007159.tif,४
Dataset/clean/007160.tif,Dataset/noisy/007160.tif,म्य
Dataset/clean/007161.tif,Dataset/noisy/007161.tif,॥
Dataset/clean/007162.tif,Dataset/noisy/007162.tif,आविः
Dataset/clean/007163.tif,Dataset/noisy/007163.tif,संनि
Dataset/clean/007164.tif,Dataset/noisy/007164.tif,हितं
Dataset/clean/007165.tif,Dataset/noisy/007165.tif,गुहा
Dataset/clean/007166.tif,Dataset/noisy/007166.tif,दे
Dataset/clean/007167.tif,Dataset/noisy/007167.tif,त
Dataset/clean/007168.tif,Dataset/noisy/007168.tif,चर
Dataset/clean/007169.tif,Dataset/noisy/007169.tif,भा
Dataset/clean/007170.tif,Dataset/noisy/007170.tif,ममहत्पदं
Dataset/clean/007171.tif,Dataset/noisy/007171.tif,॥
Dataset/clean/007172.tif,Dataset/noisy/007172.tif,अत्रैत
Dataset/clean/007173.tif,Dataset/noisy/007173.tif,त्सर्वमर्पि
Dataset/clean/007174.tif,Dataset/noisy/007174.tif,तमेज
Dataset/clean/007175.tif,Dataset/noisy/007175.tif,त्प्राएाभि
Dataset/clean/007176.tif,Dataset/noisy/007176.tif,मिषच्चयत्
Dataset/clean/007177.tif,Dataset/noisy/007177.tif,॥
Dataset/clean/007178.tif,Dataset/noisy/007178.tif,धाय
Dataset/clean/007179.tif,Dataset/noisy/007179.tif,॥
Dataset/clean/007180.tif,Dataset/noisy/007180.tif,तद्वि
Dataset/clean/007181.tif,Dataset/noisy/007181.tif,ज्ञाने
Dataset/clean/007182.tif,Dataset/noisy/007182.tif,नप
Dataset/clean/007183.tif,Dataset/noisy/007183.tif,सर्व
Dataset/clean/007184.tif,Dataset/noisy/007184.tif,तो
Dataset/clean/007185.tif,Dataset/noisy/007185.tif,मुखः
Dataset/clean/007186.tif,Dataset/noisy/007186.tif,॥
Dataset/clean/007187.tif,Dataset/noisy/007187.tif,वेद्वा
Dataset/clean/007188.tif,Dataset/noisy/007188.tif,सर्वगत
Dataset/clean/007189.tif,Dataset/noisy/007189.tif,श्र्वैव
Dataset/clean/007190.tif,Dataset/noisy/007190.tif,द्विद्वघ्त्र
Dataset/clean/007191.tif,Dataset/noisy/007191.tif,क्षंन
Dataset/clean/007192.tif,Dataset/noisy/007192.tif,संशयः
Dataset/clean/007193.tif,Dataset/noisy/007193.tif,१
Dataset/clean/007194.tif,Dataset/noisy/007194.tif,नम
Dataset/clean/007195.tif,Dataset/noisy/007195.tif,त्म
Dataset/clean/007196.tif,Dataset/noisy/007196.tif,आ
Dataset/clean/007197.tif,Dataset/noisy/007197.tif,मल
Dataset/clean/007198.tif,Dataset/noisy/007198.tif,॥७॥
Dataset/clean/007199.tif,Dataset/noisy/007199.tif,रत्रंशरं
Dataset/clean/007200.tif,Dataset/noisy/007200.tif,ह्क
Dataset/clean/007201.tif,Dataset/noisy/007201.tif,पासा
Dataset/clean/007202.tif,Dataset/noisy/007202.tif,निशितं
Dataset/clean/007203.tif,Dataset/noisy/007203.tif,संध
Dataset/clean/007204.tif,Dataset/noisy/007204.tif,यीत
Dataset/clean/007205.tif,Dataset/noisy/007205.tif,॥
Dataset/clean/007206.tif,Dataset/noisy/007206.tif,आमम्प
Dataset/clean/007207.tif,Dataset/noisy/007207.tif,एतज्जानथ
Dataset/clean/007208.tif,Dataset/noisy/007208.tif,सदसा
Dataset/clean/007209.tif,Dataset/noisy/007209.tif,द्वरे
Dataset/clean/007210.tif,Dataset/noisy/007210.tif,एप
Dataset/clean/007211.tif,Dataset/noisy/007211.tif,परं
Dataset/clean/007212.tif,Dataset/noisy/007212.tif,॥
Dataset/clean/007213.tif,Dataset/noisy/007213.tif,यद
Dataset/clean/007214.tif,Dataset/noisy/007214.tif,र्चिमद्यद
Dataset/clean/007215.tif,Dataset/noisy/007215.tif,एाुम्याे
Dataset/clean/007216.tif,Dataset/noisy/007216.tif,एाुवय
Dataset/clean/007217.tif,Dataset/noisy/007217.tif,स्मित्लोका
Dataset/clean/007218.tif,Dataset/noisy/007218.tif,नि
Dataset/clean/007219.tif,Dataset/noisy/007219.tif,॥
Dataset/clean/007220.tif,Dataset/noisy/007220.tif,स्तदेत
Dataset/clean/007221.tif,Dataset/noisy/007221.tif,हितालो
Dataset/clean/007222.tif,Dataset/noisy/007222.tif,किनश्व
Dataset/clean/007223.tif,Dataset/noisy/007223.tif,॥
Dataset/clean/007224.tif,Dataset/noisy/007224.tif,द
Dataset/clean/007225.tif,Dataset/noisy/007225.tif,विज्ञा
Dataset/clean/007226.tif,Dataset/noisy/007226.tif,प्रजा
Dataset/clean/007227.tif,Dataset/noisy/007227.tif,नां
Dataset/clean/007228.tif,Dataset/noisy/007228.tif,नाद्य
Dataset/clean/007229.tif,Dataset/noisy/007229.tif,द्वरिष्ठं
Dataset/clean/007230.tif,Dataset/noisy/007230.tif,सो
Dataset/clean/007231.tif,Dataset/noisy/007231.tif,घेषुचरंति
Dataset/clean/007232.tif,Dataset/noisy/007232.tif,प्रा
Dataset/clean/007233.tif,Dataset/noisy/007233.tif,णागु
Dataset/clean/007234.tif,Dataset/noisy/007234.tif,हाश
Dataset/clean/007235.tif,Dataset/noisy/007235.tif,यान्नि
Dataset/clean/007236.tif,Dataset/noisy/007236.tif,हिताः
Dataset/clean/007237.tif,Dataset/noisy/007237.tif,सप्त
Dataset/clean/007238.tif,Dataset/noisy/007238.tif,सप्ताअतः
Dataset/clean/007239.tif,Dataset/noisy/007239.tif,समुद्रा
Dataset/clean/007240.tif,Dataset/noisy/007240.tif,गिरय
Dataset/clean/007241.tif,Dataset/noisy/007241.tif,श्व
Dataset/clean/007242.tif,Dataset/noisy/007242.tif,सर्वे
Dataset/clean/007243.tif,Dataset/noisy/007243.tif,स्मा
Dataset/clean/007244.tif,Dataset/noisy/007244.tif,स्यंदंते
Dataset/clean/007245.tif,Dataset/noisy/007245.tif,सिंधवः
Dataset/clean/007246.tif,Dataset/noisy/007246.tif,सर्वरूपाः
Dataset/clean/007247.tif,Dataset/noisy/007247.tif,॥
Dataset/clean/007248.tif,Dataset/noisy/007248.tif,अत
Dataset/clean/007249.tif,Dataset/noisy/007249.tif,श्व
Dataset/clean/007250.tif,Dataset/noisy/007250.tif,सर्वा
Dataset/clean/007251.tif,Dataset/noisy/007251.tif,औषध
Dataset/clean/007252.tif,Dataset/noisy/007252.tif,घोर
Dataset/clean/007253.tif,Dataset/noisy/007253.tif,स
Dataset/clean/007254.tif,Dataset/noisy/007254.tif,।
Dataset/clean/007255.tif,Dataset/noisy/007255.tif,श्वये
Dataset/clean/007256.tif,Dataset/noisy/007256.tif,नैषभूतै
Dataset/clean/007257.tif,Dataset/noisy/007257.tif,स्तिष्ठते
Dataset/clean/007258.tif,Dataset/noisy/007258.tif,त्वं
Dataset/clean/007259.tif,Dataset/noisy/007259.tif,तरात्माा
Dataset/clean/007260.tif,Dataset/noisy/007260.tif,।
Dataset/clean/007261.tif,Dataset/noisy/007261.tif,पुरुषएवेदं
Dataset/clean/007262.tif,Dataset/noisy/007262.tif,विश्वं
Dataset/clean/007263.tif,Dataset/noisy/007263.tif,कर्म
Dataset/clean/007264.tif,Dataset/noisy/007264.tif,तपोघ्र
Dataset/clean/007265.tif,Dataset/noisy/007265.tif,ह्म
Dataset/clean/007266.tif,Dataset/noisy/007266.tif,परा
Dataset/clean/007267.tif,Dataset/noisy/007267.tif,१
Dataset/clean/007268.tif,Dataset/noisy/007268.tif,मृतं
Dataset/clean/007269.tif,Dataset/noisy/007269.tif,॥
Dataset/clean/007270.tif,Dataset/noisy/007270.tif,एतद्योवेद
Dataset/clean/007271.tif,Dataset/noisy/007271.tif,निहितं
Dataset/clean/007272.tif,Dataset/noisy/007272.tif,गुहायां
Dataset/clean/007273.tif,Dataset/noisy/007273.tif,विद्या
Dataset/clean/007274.tif,Dataset/noisy/007274.tif,ग्रंथि
Dataset/clean/007275.tif,Dataset/noisy/007275.tif,विकिरती
Dataset/clean/007276.tif,Dataset/noisy/007276.tif,देधी
Dataset/clean/007277.tif,Dataset/noisy/007277.tif,तभ्दा
Dataset/clean/007278.tif,Dataset/noisy/007278.tif,वगतेन
Dataset/clean/007279.tif,Dataset/noisy/007279.tif,वेतसा
Dataset/clean/007280.tif,Dataset/noisy/007280.tif,लक्ष्यं
Dataset/clean/007281.tif,Dataset/noisy/007281.tif,तदेवा
Dataset/clean/007282.tif,Dataset/noisy/007282.tif,क्षरंसौम्य
Dataset/clean/007283.tif,Dataset/noisy/007283.tif,मनोम
Dataset/clean/007284.tif,Dataset/noisy/007284.tif,॥
Dataset/clean/007285.tif,Dataset/noisy/007285.tif,षम
Dataset/clean/007286.tif,Dataset/noisy/007286.tif,भुवि
Dataset/clean/007287.tif,Dataset/noisy/007287.tif,॥
Dataset/clean/007288.tif,Dataset/noisy/007288.tif,हसौ
Dataset/clean/007289.tif,Dataset/noisy/007289.tif,सत्यं
Dataset/clean/007290.tif,Dataset/noisy/007290.tif,सर्वगतं
Dataset/clean/007291.tif,Dataset/noisy/007291.tif,विंधि
Dataset/clean/007292.tif,Dataset/noisy/007292.tif,॥
Dataset/clean/007293.tif,Dataset/noisy/007293.tif,प्रएावोधनुः
Dataset/clean/007294.tif,Dataset/noisy/007294.tif,शरो
Dataset/clean/007295.tif,Dataset/noisy/007295.tif,ह्वात्माव्रह्मत्त
Dataset/clean/007296.tif,Dataset/noisy/007296.tif,हत्र
Dataset/clean/007297.tif,Dataset/noisy/007297.tif,॥
Dataset/clean/007298.tif,Dataset/noisy/007298.tif,यस्मिन्
Dataset/clean/007299.tif,Dataset/noisy/007299.tif,द्यौ
Dataset/clean/007300.tif,Dataset/noisy/007300.tif,क्ष्यमुच्यतो
Dataset/clean/007301.tif,Dataset/noisy/007301.tif,।
Dataset/clean/007302.tif,Dataset/noisy/007302.tif,अप्रमत्तेन
Dataset/clean/007303.tif,Dataset/noisy/007303.tif,वौद्व
Dataset/clean/007304.tif,Dataset/noisy/007304.tif,व्यंशर
Dataset/clean/007305.tif,Dataset/noisy/007305.tif,वत्तन्मयो
Dataset/clean/007306.tif,Dataset/noisy/007306.tif,भवेत्
Dataset/clean/007307.tif,Dataset/noisy/007307.tif,तमेवैकं
Dataset/clean/007308.tif,Dataset/noisy/007308.tif,जानथा
Dataset/clean/007309.tif,Dataset/noisy/007309.tif,॥
Dataset/clean/007310.tif,Dataset/noisy/007310.tif,सर्वैः
Dataset/clean/007311.tif,Dataset/noisy/007311.tif,सहप्राएौश्र्व
Dataset/clean/007312.tif,Dataset/noisy/007312.tif,मनः
Dataset/clean/007313.tif,Dataset/noisy/007313.tif,पृथिवीचां
Dataset/clean/007314.tif,Dataset/noisy/007314.tif,तरिक्ष्ल
Dataset/clean/007315.tif,Dataset/noisy/007315.tif,मोतं
Dataset/clean/007316.tif,Dataset/noisy/007316.tif,न्यावाचो
Dataset/clean/007317.tif,Dataset/noisy/007317.tif,विमुं
Dataset/clean/007318.tif,Dataset/noisy/007318.tif,वर्था
Dataset/clean/007319.tif,Dataset/noisy/007319.tif,मृत
Dataset/clean/007320.tif,Dataset/noisy/007320.tif,स्यैष
Dataset/clean/007321.tif,Dataset/noisy/007321.tif,सेतुः
Dataset/clean/007322.tif,Dataset/noisy/007322.tif,॥
Dataset/clean/007323.tif,Dataset/noisy/007323.tif,अराइ
Dataset/clean/007324.tif,Dataset/noisy/007324.tif,वरथना
Dataset/clean/007325.tif,Dataset/noisy/007325.tif,भौ
Dataset/clean/007326.tif,Dataset/noisy/007326.tif,संहता
Dataset/clean/007327.tif,Dataset/noisy/007327.tif,यत्र
Dataset/clean/007328.tif,Dataset/noisy/007328.tif,यथआ
Dataset/clean/007329.tif,Dataset/noisy/007329.tif,त्मानं
Dataset/clean/007330.tif,Dataset/noisy/007330.tif,स्चस्ति
Dataset/clean/007331.tif,Dataset/noisy/007331.tif,वापा
Dataset/clean/007332.tif,Dataset/noisy/007332.tif,रायतमसः
Dataset/clean/007333.tif,Dataset/noisy/007333.tif,विश्वरुयि१
Dataset/clean/007334.tif,Dataset/noisy/007334.tif,रतेभ्त्राजमाने
Dataset/clean/007335.tif,Dataset/noisy/007335.tif,पतिरेशे
Dataset/clean/007336.tif,Dataset/noisy/007336.tif,यत्कर्मिएाो
Dataset/clean/007337.tif,Dataset/noisy/007337.tif,॥ढ॥२॥
Dataset/clean/007338.tif,Dataset/noisy/007338.tif,।
Dataset/clean/007339.tif,Dataset/noisy/007339.tif,येनाक्षरं
Dataset/clean/007340.tif,Dataset/noisy/007340.tif,पुरुषं
Dataset/clean/007341.tif,Dataset/noisy/007341.tif,वेदसत्यं ।
Dataset/clean/007342.tif,Dataset/noisy/007342.tif,प्रोवाय
Dataset/clean/007343.tif,Dataset/noisy/007343.tif,तत्वाता
Dataset/clean/007344.tif,Dataset/noisy/007344.tif,ब्रह्मविद्यां
Dataset/clean/007345.tif,Dataset/noisy/007345.tif,तदेत
Dataset/clean/007346.tif,Dataset/noisy/007346.tif,न्सन्पं
Dataset/clean/007347.tif,Dataset/noisy/007347.tif,यथासु
Dataset/clean/007348.tif,Dataset/noisy/007348.tif,दीत्पात्यावश
Dataset/clean/007349.tif,Dataset/noisy/007349.tif,द्विस्युलिंगाः
Dataset/clean/007350.tif,Dataset/noisy/007350.tif,सहस्रशः
Dataset/clean/007351.tif,Dataset/noisy/007351.tif,तो
Dataset/clean/007352.tif,Dataset/noisy/007352.tif,भान्विताय
Dataset/clean/007353.tif,Dataset/noisy/007353.tif,च
Dataset/clean/007354.tif,Dataset/noisy/007354.tif,१
Dataset/clean/007355.tif,Dataset/noisy/007355.tif,क्ष्यर्य्यांर
Dataset/clean/007356.tif,Dataset/noisy/007356.tif,।
Dataset/clean/007357.tif,Dataset/noisy/007357.tif,प्रमूढाः
Dataset/clean/007358.tif,Dataset/noisy/007358.tif,।
Dataset/clean/007359.tif,Dataset/noisy/007359.tif,नाऊस्य
Dataset/clean/007360.tif,Dataset/noisy/007360.tif,पृ
Dataset/clean/007361.tif,Dataset/noisy/007361.tif,तेसुक्रतेनु
Dataset/clean/007362.tif,Dataset/noisy/007362.tif,भुत्वेमं
Dataset/clean/007363.tif,Dataset/noisy/007363.tif,लोफंहीन
Dataset/clean/007364.tif,Dataset/noisy/007364.tif,तरंवाविशं
Dataset/clean/007365.tif,Dataset/noisy/007365.tif,ति
Dataset/clean/007366.tif,Dataset/noisy/007366.tif,।
Dataset/clean/007367.tif,Dataset/noisy/007367.tif,तपः
Dataset/clean/007368.tif,Dataset/noisy/007368.tif,श्रद्धेये
Dataset/clean/007369.tif,Dataset/noisy/007369.tif,ह्युपसंत्यर
Dataset/clean/007370.tif,Dataset/noisy/007370.tif,एयेशीता
Dataset/clean/007371.tif,Dataset/noisy/007371.tif,तः
Dataset/clean/007372.tif,Dataset/noisy/007372.tif,।
Dataset/clean/007373.tif,Dataset/noisy/007373.tif,सूर्य
Dataset/clean/007374.tif,Dataset/noisy/007374.tif,द्वारएांत
Dataset/clean/007375.tif,Dataset/noisy/007375.tif,विरजाः
Dataset/clean/007376.tif,Dataset/noisy/007376.tif,प्रयोतियत्रामृतंः
Dataset/clean/007377.tif,Dataset/noisy/007377.tif,पुरुषो
Dataset/clean/007378.tif,Dataset/noisy/007378.tif,ह्यव्ययात्मा
Dataset/clean/007379.tif,Dataset/noisy/007379.tif,।
Dataset/clean/007380.tif,Dataset/noisy/007380.tif,परीक्ष्य
Dataset/clean/007381.tif,Dataset/noisy/007381.tif,लोशन्कर्मयिता
Dataset/clean/007382.tif,Dataset/noisy/007382.tif,तेनात
Dataset/clean/007383.tif,Dataset/noisy/007383.tif,द्विज्ञानांर्थ
Dataset/clean/007384.tif,Dataset/noisy/007384.tif,सगुरु
Dataset/clean/007385.tif,Dataset/noisy/007385.tif,मेवाभिगाछ
Dataset/clean/007386.tif,Dataset/noisy/007386.tif,न्समित्याएिा
Dataset/clean/007387.tif,Dataset/noisy/007387.tif,श्रोत्रियं
Dataset/clean/007388.tif,Dataset/noisy/007388.tif,ब्रह्मनिष्टं
Dataset/clean/007389.tif,Dataset/noisy/007389.tif,तास्मे
Dataset/clean/007390.tif,Dataset/noisy/007390.tif,सविघानु
Dataset/clean/007391.tif,Dataset/noisy/007391.tif,पसत्राय
Dataset/clean/007392.tif,Dataset/noisy/007392.tif,सम्यंक्य्रा
Dataset/clean/007393.tif,Dataset/noisy/007393.tif,शांतयित्राय
Dataset/clean/007394.tif,Dataset/noisy/007394.tif,श
Dataset/clean/007395.tif,Dataset/noisy/007395.tif,विद्यां
Dataset/clean/007396.tif,Dataset/noisy/007396.tif,दमायान्नास्त्य
Dataset/clean/007397.tif,Dataset/noisy/007397.tif,क्रतःक्र
Dataset/clean/007398.tif,Dataset/noisy/007398.tif,न्ब्राह्मणोनिार्घ
Dataset/clean/007399.tif,Dataset/noisy/007399.tif,मन्यंति बाटनाः
Dataset/clean/007400.tif,Dataset/noisy/007400.tif,।
Dataset/clean/007401.tif,Dataset/noisy/007401.tif,नत्रवेदयंति
Dataset/clean/007402.tif,Dataset/noisy/007402.tif,रागात्तेना
Dataset/clean/007403.tif,Dataset/noisy/007403.tif,तुराझीएाह्मो
Dataset/clean/007404.tif,Dataset/noisy/007404.tif,काश्रव्यवते।
Dataset/clean/007405.tif,Dataset/noisy/007405.tif,इष्टापूर्त्त
Dataset/clean/007406.tif,Dataset/noisy/007406.tif,मन्यभाना
Dataset/clean/007407.tif,Dataset/noisy/007407.tif,वरिष्टं
Dataset/clean/007408.tif,Dataset/noisy/007408.tif,नान्यछ्रेाया
Dataset/clean/007409.tif,Dataset/noisy/007409.tif,वेदयंते
Dataset/clean/007410.tif,Dataset/noisy/007410.tif,नायथांधाः
Dataset/clean/007411.tif,Dataset/noisy/007411.tif,।
Dataset/clean/007412.tif,Dataset/noisy/007412.tif,अविद्यायां
Dataset/clean/007413.tif,Dataset/noisy/007413.tif,वा
Dataset/clean/007414.tif,Dataset/noisy/007414.tif,बहुला
Dataset/clean/007415.tif,Dataset/noisy/007415.tif,वर्त्तमाना
Dataset/clean/007416.tif,Dataset/noisy/007416.tif,वयंत्र्कतार्था
Dataset/clean/007417.tif,Dataset/noisy/007417.tif,इत्येभि
Dataset/clean/007418.tif,Dataset/noisy/007418.tif,एामतिथि
Dataset/clean/007419.tif,Dataset/noisy/007419.tif,नूहितस्ति
Dataset/clean/007420.tif,Dataset/noisy/007420.tif,।
Dataset/clean/007421.tif,Dataset/noisy/007421.tif,शटनीपराली
Dataset/clean/007422.tif,Dataset/noisy/007422.tif,यमनो
Dataset/clean/007423.tif,Dataset/noisy/007423.tif,तमासप्तमा
Dataset/clean/007424.tif,Dataset/noisy/007424.tif,त्तस्य
Dataset/clean/007425.tif,Dataset/noisy/007425.tif,लोश
Dataset/clean/007426.tif,Dataset/noisy/007426.tif,तर्ज्जितंय
Dataset/clean/007427.tif,Dataset/noisy/007427.tif,॥
Dataset/clean/007428.tif,Dataset/noisy/007428.tif,अहु
Dataset/clean/007429.tif,Dataset/noisy/007429.tif,तमावश्व
Dataset/clean/007430.tif,Dataset/noisy/007430.tif,देवम
Dataset/clean/007431.tif,Dataset/noisy/007431.tif,विधिनाहु
Dataset/clean/007432.tif,Dataset/noisy/007432.tif,तमश्र
Dataset/clean/007433.tif,Dataset/noisy/007433.tif,द्वयाहु
Dataset/clean/007434.tif,Dataset/noisy/007434.tif,जवा
Dataset/clean/007435.tif,Dataset/noisy/007435.tif,यसु
Dataset/clean/007436.tif,Dataset/noisy/007436.tif,लो
Dataset/clean/007437.tif,Dataset/noisy/007437.tif,य
Dataset/clean/007438.tif,Dataset/noisy/007438.tif,हिताया
Dataset/clean/007439.tif,Dataset/noisy/007439.tif,वसुधभ्र
Dataset/clean/007440.tif,Dataset/noisy/007440.tif,वर्णा॥
Dataset/clean/007441.tif,Dataset/noisy/007441.tif,स्यु
Dataset/clean/007442.tif,Dataset/noisy/007442.tif,लिंगिनी
Dataset/clean/007443.tif,Dataset/noisy/007443.tif,वाद
Dataset/clean/007444.tif,Dataset/noisy/007444.tif,वीले
Dataset/clean/007445.tif,Dataset/noisy/007445.tif,लारमा
Dataset/clean/007446.tif,Dataset/noisy/007446.tif,नाइतिस
Dataset/clean/007447.tif,Dataset/noisy/007447.tif,प्रजिक्वाः
Dataset/clean/007448.tif,Dataset/noisy/007448.tif,।
Dataset/clean/007449.tif,Dataset/noisy/007449.tif,एतेषुयश्च
Dataset/clean/007450.tif,Dataset/noisy/007450.tif,षुयथासपा
Dataset/clean/007451.tif,Dataset/noisy/007451.tif,याहुतयो
Dataset/clean/007452.tif,Dataset/noisy/007452.tif,घाददायनू।
Dataset/clean/007453.tif,Dataset/noisy/007453.tif,त् न्नयत्मे
Dataset/clean/007454.tif,Dataset/noisy/007454.tif,ताः
Dataset/clean/007455.tif,Dataset/noisy/007455.tif,सूर्य्यरश्मयो
Dataset/clean/007456.tif,Dataset/noisy/007456.tif,यत्र
Dataset/clean/007457.tif,Dataset/noisy/007457.tif,देवानी
Dataset/clean/007458.tif,Dataset/noisy/007458.tif,धिवासः
Dataset/clean/007459.tif,Dataset/noisy/007459.tif,।
Dataset/clean/007460.tif,Dataset/noisy/007460.tif,एत्द्यहीतित
Dataset/clean/007461.tif,Dataset/noisy/007461.tif,भाहु
Dataset/clean/007462.tif,Dataset/noisy/007462.tif,तयः
Dataset/clean/007463.tif,Dataset/noisy/007463.tif,सुवर्द्यस
Dataset/clean/007464.tif,Dataset/noisy/007464.tif,सूर्यस्य
Dataset/clean/007465.tif,Dataset/noisy/007465.tif,रश्मिभिर्य
Dataset/clean/007466.tif,Dataset/noisy/007466.tif,जमान
Dataset/clean/007467.tif,Dataset/noisy/007467.tif,वहंति
Dataset/clean/007468.tif,Dataset/noisy/007468.tif,॥
Dataset/clean/007469.tif,Dataset/noisy/007469.tif,त्रियां
Dataset/clean/007470.tif,Dataset/noisy/007470.tif,वायभभिवदं
Dataset/clean/007471.tif,Dataset/noisy/007471.tif,तोर्द्ययं
Dataset/clean/007472.tif,Dataset/noisy/007472.tif,त्येषवः
Dataset/clean/007473.tif,Dataset/noisy/007473.tif,पुण्यः
Dataset/clean/007474.tif,Dataset/noisy/007474.tif,सुक्रतो
Dataset/clean/007475.tif,Dataset/noisy/007475.tif,ब्रत्म
Dataset/clean/007476.tif,Dataset/noisy/007476.tif,लोकाः
Dataset/clean/007477.tif,Dataset/noisy/007477.tif,प्वात्वात्ये
Dataset/clean/007478.tif,Dataset/noisy/007478.tif,अदढायज्ञरुूपा
Dataset/clean/007479.tif,Dataset/noisy/007479.tif,अष्ट
Dataset/clean/007480.tif,Dataset/noisy/007480.tif,दशोक्त
Dataset/clean/007481.tif,Dataset/noisy/007481.tif,त्य
Dataset/clean/007482.tif,Dataset/noisy/007482.tif,उ.मू.
Dataset/clean/007483.tif,Dataset/noisy/007483.tif,४
Dataset/clean/007484.tif,Dataset/noisy/007484.tif,तेवयथापृथि
Dataset/clean/007485.tif,Dataset/noisy/007485.tif,।
Dataset/clean/007486.tif,Dataset/noisy/007486.tif,संभवंति
Dataset/clean/007487.tif,Dataset/noisy/007487.tif,यथासतः
Dataset/clean/007488.tif,Dataset/noisy/007488.tif,पुरुषाक्ते
Dataset/clean/007489.tif,Dataset/noisy/007489.tif,शलोमांनितथा
Dataset/clean/007490.tif,Dataset/noisy/007490.tif,क्षरात्सं
Dataset/clean/007491.tif,Dataset/noisy/007491.tif,हविश्वां
Dataset/clean/007492.tif,Dataset/noisy/007492.tif,तपसाचीयते
Dataset/clean/007493.tif,Dataset/noisy/007493.tif,व्रह्मततो
Dataset/clean/007494.tif,Dataset/noisy/007494.tif,न्नमभिजायते
Dataset/clean/007495.tif,Dataset/noisy/007495.tif,।
Dataset/clean/007496.tif,Dataset/noisy/007496.tif,अन्नात्माणो
Dataset/clean/007497.tif,Dataset/noisy/007497.tif,मनः
Dataset/clean/007498.tif,Dataset/noisy/007498.tif,सर्वज्ञः
Dataset/clean/007499.tif,Dataset/noisy/007499.tif,सर्वविंधस्य
Dataset/clean/007500.tif,Dataset/noisy/007500.tif,ज्ञानमयंसपः
Dataset/clean/007501.tif,Dataset/noisy/007501.tif,।
Dataset/clean/007502.tif,Dataset/noisy/007502.tif,त
Dataset/clean/007503.tif,Dataset/noisy/007503.tif,स्मादेत
Dataset/clean/007504.tif,Dataset/noisy/007504.tif,ब्रह्म
Dataset/clean/007505.tif,Dataset/noisy/007505.tif,नामरूप
Dataset/clean/007506.tif,Dataset/noisy/007506.tif,मन्नंच
Dataset/clean/007507.tif,Dataset/noisy/007507.tif,जायते
Dataset/clean/007508.tif,Dataset/noisy/007508.tif,तहेतत्सत्यं
Dataset/clean/007509.tif,Dataset/noisy/007509.tif,॥१॥
Dataset/clean/007510.tif,Dataset/noisy/007510.tif,मंत्रेषु
Dataset/clean/007511.tif,Dataset/noisy/007511.tif,कर्माणि
Dataset/clean/007512.tif,Dataset/noisy/007512.tif,रुवयेर​
Dataset/clean/007513.tif,Dataset/noisy/007513.tif,रथनियत
Dataset/clean/007514.tif,Dataset/noisy/007514.tif,मूसत्यका
Dataset/clean/007515.tif,Dataset/noisy/007515.tif,स्वानि
Dataset/clean/007516.tif,Dataset/noisy/007516.tif,त्रेतायांबहु
Dataset/clean/007517.tif,Dataset/noisy/007517.tif,धासंततानि
Dataset/clean/007518.tif,Dataset/noisy/007518.tif,।
Dataset/clean/007519.tif,Dataset/noisy/007519.tif,तांन्याच
Dataset/clean/007520.tif,Dataset/noisy/007520.tif,एतेषयश्वरतेश्रा
Dataset/clean/007521.tif,Dataset/noisy/007521.tif,।
Dataset/clean/007522.tif,Dataset/noisy/007522.tif,देवी
Dataset/clean/007523.tif,Dataset/noisy/007523.tif,सप्तजिहूा:
Dataset/clean/007524.tif,Dataset/noisy/007524.tif,लेलायमानाइति
Dataset/clean/007525.tif,Dataset/noisy/007525.tif,लोकान्हिनस्ति
Dataset/clean/007526.tif,Dataset/noisy/007526.tif,।
Dataset/clean/007527.tif,Dataset/noisy/007527.tif,काली
Dataset/clean/007528.tif,Dataset/noisy/007528.tif,कराली
Dataset/clean/007529.tif,Dataset/noisy/007529.tif,चमनोजवा
Dataset/clean/007530.tif,Dataset/noisy/007530.tif,चसुलोहितायाच
Dataset/clean/007531.tif,Dataset/noisy/007531.tif,सुधूम्र
Dataset/clean/007532.tif,Dataset/noisy/007532.tif,व​एर्णस्फु
Dataset/clean/007533.tif,Dataset/noisy/007533.tif,लिंगिनी
Dataset/clean/007534.tif,Dataset/noisy/007534.tif,विश्वरुचीच
Dataset/clean/007535.tif,Dataset/noisy/007535.tif,व्यामोषधय
Dataset/clean/007536.tif,Dataset/noisy/007536.tif,भवती
Dataset/clean/007537.tif,Dataset/noisy/007537.tif,सत्यंलोकाः
Dataset/clean/007538.tif,Dataset/noisy/007538.tif,कर्मसुचामृतांयः
Dataset/clean/007539.tif,Dataset/noisy/007539.tif,यान्मपश्यं
Dataset/clean/007540.tif,Dataset/noisy/007540.tif,मास् षव:
Dataset/clean/007541.tif,Dataset/noisy/007541.tif,पंथासु
Dataset/clean/007542.tif,Dataset/noisy/007542.tif,छलस्यलोके
Dataset/clean/007543.tif,Dataset/noisy/007543.tif,।यदालेलायतैह्मर्चिः
Dataset/clean/007544.tif,Dataset/noisy/007544.tif,समिद्देहव्य
Dataset/clean/007545.tif,Dataset/noisy/007545.tif,वाहनोतदा
Dataset/clean/007546.tif,Dataset/noisy/007546.tif,पौर्णिमासमना
Dataset/clean/007547.tif,Dataset/noisy/007547.tif,ग्रिहोत्रमदर्शम
Dataset/clean/007548.tif,Dataset/noisy/007548.tif,यस्या
Dataset/clean/007549.tif,Dataset/noisy/007549.tif,ज्पमागावं तरेणाहुती: प्रतिपास्येत्।
Dataset/clean/007550.tif,Dataset/noisy/007550.tif,तरेणाहुती:
Dataset/clean/007551.tif,Dataset/noisy/007551.tif,ज्पमागावं
Dataset/clean/007552.tif,Dataset/noisy/007552.tif,मासत्यमांस्तस्य​​
Dataset/clean/007553.tif,Dataset/noisy/007553.tif,नाहुत
Dataset/clean/007554.tif,Dataset/noisy/007554.tif,वैश्व
Dataset/clean/007555.tif,Dataset/noisy/007555.tif,अरुतम
Dataset/clean/007556.tif,Dataset/noisy/007556.tif,च​।
Dataset/clean/007557.tif,Dataset/noisy/007557.tif,वर्जित
Dataset/clean/007558.tif,Dataset/noisy/007558.tif,ग्रथणमतिथि
Dataset/clean/007559.tif,Dataset/noisy/007559.tif,देवमविधि
Dataset/clean/007560.tif,Dataset/noisy/007560.tif,यंत्रदे
Dataset/clean/007561.tif,Dataset/noisy/007561.tif,सूर्यस्यनश्मयो
Dataset/clean/007562.tif,Dataset/noisy/007562.tif,तभयंत्येता:
Dataset/clean/007563.tif,Dataset/noisy/007563.tif,योह्मददायत्।
Dataset/clean/007564.tif,Dataset/noisy/007564.tif,चाहुत
Dataset/clean/007565.tif,Dataset/noisy/007565.tif,भाकालं
Dataset/clean/007566.tif,Dataset/noisy/007566.tif,जमानेषुय
Dataset/clean/007567.tif,Dataset/noisy/007567.tif,रश्मिभिर्यज
Dataset/clean/007568.tif,Dataset/noisy/007568.tif,सूर्यस्य
Dataset/clean/007569.tif,Dataset/noisy/007569.tif,सुवर्चसः
Dataset/clean/007570.tif,Dataset/noisy/007570.tif,तितमाहुतयः
Dataset/clean/007571.tif,Dataset/noisy/007571.tif,एलेही
Dataset/clean/007572.tif,Dataset/noisy/007572.tif,।
Dataset/clean/007573.tif,Dataset/noisy/007573.tif,कोधिवासः
Dataset/clean/007574.tif,Dataset/noisy/007574.tif,बानांपतिरे
Dataset/clean/007575.tif,Dataset/noisy/007575.tif,प्ल​
Dataset/clean/007576.tif,Dataset/noisy/007576.tif,।
Dataset/clean/007577.tif,Dataset/noisy/007577.tif,सुकतोब्रह्मलोकः
Dataset/clean/007578.tif,Dataset/noisy/007578.tif,पंथाः
Dataset/clean/007579.tif,Dataset/noisy/007579.tif,सोर्चयंत्येषनः
Dataset/clean/007580.tif,Dataset/noisy/007580.tif,।
Dataset/clean/007581.tif,Dataset/noisy/007581.tif,प्रियांवाचमभिवदं
Dataset/clean/007582.tif,Dataset/noisy/007582.tif,मानंवहंति
Dataset/clean/007583.tif,Dataset/noisy/007583.tif,येषुकर्म
Dataset/clean/007584.tif,Dataset/noisy/007584.tif,आष्टादशोक्तमवरं
Dataset/clean/007585.tif,Dataset/noisy/007585.tif,अघ्ढायज्ञरुपा
Dataset/clean/007586.tif,Dataset/noisy/007586.tif,बाह्मेते
Dataset/clean/007587.tif,Dataset/noisy/007587.tif,एत योयेमितं
Dataset/clean/007588.tif,Dataset/noisy/007588.tif,दंतिम​ूटाज​
Dataset/clean/007589.tif,Dataset/noisy/007589.tif,।
Dataset/clean/007590.tif,Dataset/noisy/007590.tif,पंडितंभव्य
Dataset/clean/007591.tif,Dataset/noisy/007591.tif,स्वयंधीराः
Dataset/clean/007592.tif,Dataset/noisy/007592.tif,वर्तमानाः
Dataset/clean/007593.tif,Dataset/noisy/007593.tif,अविद्यायामंतरे
Dataset/clean/007594.tif,Dataset/noisy/007594.tif,।
Dataset/clean/007595.tif,Dataset/noisy/007595.tif,पियंति
Dataset/clean/007596.tif,Dataset/noisy/007596.tif,नरेवा
Dataset/clean/007597.tif,Dataset/noisy/007597.tif,तेपु
Dataset/clean/007598.tif,Dataset/noisy/007598.tif,न्यमत्युं
Dataset/clean/007599.tif,Dataset/noisy/007599.tif,नीयमानाय
Dataset/clean/007600.tif,Dataset/noisy/007600.tif,अंधेनैम
Dataset/clean/007601.tif,Dataset/noisy/007601.tif,परियंतिमूका
Dataset/clean/007602.tif,Dataset/noisy/007602.tif,अविद्यम्षा
Dataset/clean/007603.tif,Dataset/noisy/007603.tif,।
Dataset/clean/007604.tif,Dataset/noisy/007604.tif,थांधाः
Dataset/clean/007605.tif,Dataset/noisy/007605.tif,जघन्यमानाः
Dataset/clean/007606.tif,Dataset/noisy/007606.tif,।
Dataset/clean/007607.tif,Dataset/noisy/007607.tif,मानाः
Dataset/clean/007608.tif,Dataset/noisy/007608.tif,यत्कर्मिणेन
Dataset/clean/007609.tif,Dataset/noisy/007609.tif,प्रवेदयंतिरागा
Dataset/clean/007610.tif,Dataset/noisy/007610.tif,।
Dataset/clean/007611.tif,Dataset/noisy/007611.tif,तिवालाः
Dataset/clean/007612.tif,Dataset/noisy/007612.tif,इमिमन्यं
Dataset/clean/007613.tif,Dataset/noisy/007613.tif,वयंकतार्था
Dataset/clean/007614.tif,Dataset/noisy/007614.tif,वर्तमाना
Dataset/clean/007615.tif,Dataset/noisy/007615.tif,बहुधा
Dataset/clean/007616.tif,Dataset/noisy/007616.tif,श्रद्देयेह्मु
Dataset/clean/007617.tif,Dataset/noisy/007617.tif,तप
Dataset/clean/007618.tif,Dataset/noisy/007618.tif,।
Dataset/clean/007619.tif,Dataset/noisy/007619.tif,तरंवाविशंति
Dataset/clean/007620.tif,Dataset/noisy/007620.tif,लोकंहीन
Dataset/clean/007621.tif,Dataset/noisy/007621.tif,नुभूत्वेमं
Dataset/clean/007622.tif,Dataset/noisy/007622.tif,सुकते
Dataset/clean/007623.tif,Dataset/noisy/007623.tif,कस्यष्टष्ठै
Dataset/clean/007624.tif,Dataset/noisy/007624.tif,ना
Dataset/clean/007625.tif,Dataset/noisy/007625.tif,।
Dataset/clean/007626.tif,Dataset/noisy/007626.tif,प्रषूढाः
Dataset/clean/007627.tif,Dataset/noisy/007627.tif,प्रयांति
Dataset/clean/007628.tif,Dataset/noisy/007628.tif,हारे
Dataset/clean/007629.tif,Dataset/noisy/007629.tif,णतेविरजाः
Dataset/clean/007630.tif,Dataset/noisy/007630.tif,सूर्य
Dataset/clean/007631.tif,Dataset/noisy/007631.tif,।
Dataset/clean/007632.tif,Dataset/noisy/007632.tif,मैसचंर्याचरंतः
Dataset/clean/007633.tif,Dataset/noisy/007633.tif,विद्वांसो
Dataset/clean/007634.tif,Dataset/noisy/007634.tif,शांता
Dataset/clean/007635.tif,Dataset/noisy/007635.tif,पवसत्यरएये
Dataset/clean/007636.tif,Dataset/noisy/007636.tif,वितान्ब्राह्मणो
Dataset/clean/007637.tif,Dataset/noisy/007637.tif,निर्वेदमा
Dataset/clean/007638.tif,Dataset/noisy/007638.tif,परीक्ष्यलोकान्कर्म
Dataset/clean/007639.tif,Dataset/noisy/007639.tif,।
Dataset/clean/007640.tif,Dataset/noisy/007640.tif,व्यपासा
Dataset/clean/007641.tif,Dataset/noisy/007641.tif,सपुरुषोहा
Dataset/clean/007642.tif,Dataset/noisy/007642.tif,यत्रामृतः
Dataset/clean/007643.tif,Dataset/noisy/007643.tif,श्रोत्रियं
Dataset/clean/007644.tif,Dataset/noisy/007644.tif,मिसोणिः
Dataset/clean/007645.tif,Dataset/noisy/007645.tif,वाभिगछेत्स
Dataset/clean/007646.tif,Dataset/noisy/007646.tif,रुमे
Dataset/clean/007647.tif,Dataset/noisy/007647.tif,तद्विज्ञानांर्थसगु
Dataset/clean/007648.tif,Dataset/noisy/007648.tif,।
Dataset/clean/007649.tif,Dataset/noisy/007649.tif,कतेन
Dataset/clean/007650.tif,Dataset/noisy/007650.tif,यात्रास्त्यरुतः
Dataset/clean/007651.tif,Dataset/noisy/007651.tif,त्तैनातुरा:
Dataset/clean/007652.tif,Dataset/noisy/007652.tif,इष्टापूंर्त
Dataset/clean/007653.tif,Dataset/noisy/007653.tif,वरिष्ठना
Dataset/clean/007654.tif,Dataset/noisy/007654.tif,मन्यमाना
Dataset/clean/007655.tif,Dataset/noisy/007655.tif,।
Dataset/clean/007656.tif,Dataset/noisy/007656.tif,काश्ववंते
Dataset/clean/007657.tif,Dataset/noisy/007657.tif,क्षीणलो
Dataset/clean/007658.tif,Dataset/noisy/007658.tif,न्यऐयोवेदयंते
Dataset/clean/007659.tif,Dataset/noisy/007659.tif,त​े
Dataset/clean/007660.tif,Dataset/noisy/007660.tif,स्तस्पायने
Dataset/clean/007661.tif,Dataset/noisy/007661.tif,न्वेंषमाणाएषहवैत​
Dataset/clean/007662.tif,Dataset/noisy/007662.tif,वृक्ष्य
Dataset/clean/007663.tif,Dataset/noisy/007663.tif,सऋषि
Dataset/clean/007664.tif,Dataset/noisy/007664.tif,कात्यायभूले
Dataset/clean/007665.tif,Dataset/noisy/007665.tif,चर्येणश्रद्वया
Dataset/clean/007666.tif,Dataset/noisy/007666.tif,ब्रह्म
Dataset/clean/007667.tif,Dataset/noisy/007667.tif,भूयएवतपसा
Dataset/clean/007668.tif,Dataset/noisy/007668.tif,श्रानूप्टछथयदि
Dataset/clean/007669.tif,Dataset/noisy/007669.tif,मंत्र
Dataset/clean/007670.tif,Dataset/noisy/007670.tif,यथा
Dataset/clean/007671.tif,Dataset/noisy/007671.tif,संवत्स्यध
Dataset/clean/007672.tif,Dataset/noisy/007672.tif,संवत्सरं
Dataset/clean/007673.tif,Dataset/noisy/007673.tif,नूकुतोह
Dataset/clean/007674.tif,Dataset/noisy/007674.tif,छ्वभगव
Dataset/clean/007675.tif,Dataset/noisy/007675.tif,न्ञपेत्यपप्र
Dataset/clean/007676.tif,Dataset/noisy/007676.tif,त्याय
Dataset/clean/007677.tif,Dataset/noisy/007677.tif,का
Dataset/clean/007678.tif,Dataset/noisy/007678.tif,वधी
Dataset/clean/007679.tif,Dataset/noisy/007679.tif,थक
Dataset/clean/007680.tif,Dataset/noisy/007680.tif,वोवक्ष्यामइत्य
Dataset/clean/007681.tif,Dataset/noisy/007681.tif,सर्वह
Dataset/clean/007682.tif,Dataset/noisy/007682.tif,विज्ञास्यामः
Dataset/clean/007683.tif,Dataset/noisy/007683.tif,प्रजायं
Dataset/clean/007684.tif,Dataset/noisy/007684.tif,प्रजाः
Dataset/clean/007685.tif,Dataset/noisy/007685.tif,इमाः
Dataset/clean/007686.tif,Dataset/noisy/007686.tif,वा
Dataset/clean/007687.tif,Dataset/noisy/007687.tif,सतपोलप्यतस​
Dataset/clean/007688.tif,Dataset/noisy/007688.tif,प्रजापति:
Dataset/clean/007689.tif,Dataset/noisy/007689.tif,प्रजाकामोवै
Dataset/clean/007690.tif,Dataset/noisy/007690.tif,सहोवाचा
Dataset/clean/007691.tif,Dataset/noisy/007691.tif,तस्मै
Dataset/clean/007692.tif,Dataset/noisy/007692.tif,इति
Dataset/clean/007693.tif,Dataset/noisy/007693.tif,त
Dataset/clean/007694.tif,Dataset/noisy/007694.tif,इसादिसो​
Dataset/clean/007695.tif,Dataset/noisy/007695.tif,बहुधाप्रजा:
Dataset/clean/007696.tif,Dataset/noisy/007696.tif,रयिंच
Dataset/clean/007697.tif,Dataset/noisy/007697.tif,थुनमुत्प​ादयते
Dataset/clean/007698.tif,Dataset/noisy/007698.tif,तपस्तप्त्व​ासमि
Dataset/clean/007699.tif,Dataset/noisy/007699.tif,तस्मा
Dataset/clean/007700.tif,Dataset/noisy/007700.tif,मूर्तच
Dataset/clean/007701.tif,Dataset/noisy/007701.tif,तत्संर्वयभूंर्तचा
Dataset/clean/007702.tif,Dataset/noisy/007702.tif,चंद्रमारथिवएि
Dataset/clean/007703.tif,Dataset/noisy/007703.tif,हवैप्राणोरयिरेव
Dataset/clean/007704.tif,Dataset/noisy/007704.tif,सन्निधतेयदक्षिणांय​
Dataset/clean/007705.tif,Dataset/noisy/007705.tif,प्राच्याञाणात्रश्मिषु
Dataset/clean/007706.tif,Dataset/noisy/007706.tif,विशतितेन
Dataset/clean/007707.tif,Dataset/noisy/007707.tif,चीदिशंप्र
Dataset/clean/007708.tif,Dataset/noisy/007708.tif,उदयन्यञा
Dataset/clean/007709.tif,Dataset/noisy/007709.tif,दित्य
Dataset/clean/007710.tif,Dataset/noisy/007710.tif,सर्वान्प्राणा​​​
Dataset/clean/007711.tif,Dataset/noisy/007711.tif,शयतितेन
Dataset/clean/007712.tif,Dataset/noisy/007712.tif,का
Dataset/clean/007713.tif,Dataset/noisy/007713.tif,त्सर्वत्र
Dataset/clean/007714.tif,Dataset/noisy/007714.tif,दूर्ध्वंयदंतरादिशोय
Dataset/clean/007715.tif,Dataset/noisy/007715.tif,यदघोय
Dataset/clean/007716.tif,Dataset/noisy/007716.tif,यदुदींची
Dataset/clean/007717.tif,Dataset/noisy/007717.tif,त्मतींची
Dataset/clean/007718.tif,Dataset/noisy/007718.tif,प्रालंचत्येत​ौमे
Dataset/clean/007719.tif,Dataset/noisy/007719.tif,करिष्यत
Dataset/clean/007720.tif,Dataset/noisy/007720.tif,न्मूर्तिरेवरयिरथा​
Dataset/clean/007721.tif,Dataset/noisy/007721.tif,का
Dataset/clean/007722.tif,Dataset/noisy/007722.tif,त्ररिमषुसभि
Dataset/clean/007723.tif,Dataset/noisy/007723.tif,।
Dataset/clean/007724.tif,Dataset/noisy/007724.tif,घ्चाम्युक्तं
Dataset/clean/007725.tif,Dataset/noisy/007725.tif,तदेत
Dataset/clean/007726.tif,Dataset/noisy/007726.tif,।
Dataset/clean/007727.tif,Dataset/noisy/007727.tif,रुदयते
Dataset/clean/007728.tif,Dataset/noisy/007728.tif,प्राणोग्रि
Dataset/clean/007729.tif,Dataset/noisy/007729.tif,विश्वरुप:
Dataset/clean/007730.tif,Dataset/noisy/007730.tif,एषवैश्रानरो
Dataset/clean/007731.tif,Dataset/noisy/007731.tif,घभेस
Dataset/clean/007732.tif,Dataset/noisy/007732.tif,सहस्त्ररश्मि
Dataset/clean/007733.tif,Dataset/noisy/007733.tif,।
Dataset/clean/007734.tif,Dataset/noisy/007734.tif,ज्योतिरेकंतपतं
Dataset/clean/007735.tif,Dataset/noisy/007735.tif,परायणं
Dataset/clean/007736.tif,Dataset/noisy/007736.tif,हरिणं
Dataset/clean/007737.tif,Dataset/noisy/007737.tif,विश्वरुपं
Dataset/clean/007738.tif,Dataset/noisy/007738.tif,वदसं
Dataset/clean/007739.tif,Dataset/noisy/007739.tif,जात
Dataset/clean/007740.tif,Dataset/noisy/007740.tif,धावर्वमा
Dataset/clean/007741.tif,Dataset/noisy/007741.tif,शत
Dataset/clean/007742.tif,Dataset/noisy/007742.tif,दक्षिणंचोतंस्वा
Dataset/clean/007743.tif,Dataset/noisy/007743.tif,रुवाच
Dataset/clean/007744.tif,Dataset/noisy/007744.tif,प्रजापति
Dataset/clean/007745.tif,Dataset/noisy/007745.tif,संवत्सरोवै
Dataset/clean/007746.tif,Dataset/noisy/007746.tif,।
Dataset/clean/007747.tif,Dataset/noisy/007747.tif,दयत्येषसूर्य:
Dataset/clean/007748.tif,Dataset/noisy/007748.tif,प्रणप्रजानामु
Dataset/clean/007749.tif,Dataset/noisy/007749.tif,न​:
Dataset/clean/007750.tif,Dataset/noisy/007750.tif,परं
Dataset/clean/007751.tif,Dataset/noisy/007751.tif,ब्रंह्म
Dataset/clean/007752.tif,Dataset/noisy/007752.tif,व्रलपराब्रह्मनिष्ठाः
Dataset/clean/007753.tif,Dataset/noisy/007753.tif,र्गवोवैदर्भिः
Dataset/clean/007754.tif,Dataset/noisy/007754.tif,ते
Dataset/clean/007755.tif,Dataset/noisy/007755.tif,है
Dataset/clean/007756.tif,Dataset/noisy/007756.tif,कबंधी
Dataset/clean/007757.tif,Dataset/noisy/007757.tif,तीतितेहसमित्यालयो
Dataset/clean/007758.tif,Dataset/noisy/007758.tif,भगवं
Dataset/clean/007759.tif,Dataset/noisy/007759.tif,तंपिव्य
Dataset/clean/007760.tif,Dataset/noisy/007760.tif,लाप्सुपस
Dataset/clean/007761.tif,Dataset/noisy/007761.tif,भास्तान्ह
Dataset/clean/007762.tif,Dataset/noisy/007762.tif,॥
Dataset/clean/007763.tif,Dataset/noisy/007763.tif,जय
Dataset/clean/007764.tif,Dataset/noisy/007764.tif,॥
Dataset/clean/007765.tif,Dataset/noisy/007765.tif,डुते
Dataset/clean/007766.tif,Dataset/noisy/007766.tif,डुरूूह
Dataset/clean/007767.tif,Dataset/noisy/007767.tif,केशव
Dataset/clean/007768.tif,Dataset/noisy/007768.tif,।
Dataset/clean/007769.tif,Dataset/noisy/007769.tif,धृतक
Dataset/clean/007770.tif,Dataset/noisy/007770.tif,श्र्लघ्याे
Dataset/clean/007771.tif,Dataset/noisy/007771.tif,शश्एाः
Dataset/clean/007772.tif,Dataset/noisy/007772.tif,गी०
Dataset/clean/007773.tif,Dataset/noisy/007773.tif,रएो
Dataset/clean/007774.tif,Dataset/noisy/007774.tif,हरिस्म
Dataset/clean/007775.tif,Dataset/noisy/007775.tif,यदि
Dataset/clean/007776.tif,Dataset/noisy/007776.tif,।२।
Dataset/clean/007777.tif,Dataset/noisy/007777.tif,प्रवंधां
Dataset/clean/007778.tif,Dataset/noisy/007778.tif,क‌विः
Dataset/clean/007779.tif,Dataset/noisy/007779.tif,देव
Dataset/clean/007780.tif,Dataset/noisy/007780.tif,॥१॥
Dataset/clean/007781.tif,Dataset/noisy/007781.tif,चार्य
Dataset/clean/007782.tif,Dataset/noisy/007782.tif,।
Dataset/clean/007783.tif,Dataset/noisy/007783.tif,स्वनैर
Dataset/clean/007784.tif,Dataset/noisy/007784.tif,वाचः
Dataset/clean/007785.tif,Dataset/noisy/007785.tif,यत्पुमा
Dataset/clean/007786.tif,Dataset/noisy/007786.tif,पतिघरः
Dataset/clean/007787.tif,Dataset/noisy/007787.tif,रुप
Dataset/clean/007788.tif,Dataset/noisy/007788.tif,तः
Dataset/clean/007789.tif,Dataset/noisy/007789.tif,श्र्फति
Dataset/clean/007790.tif,Dataset/noisy/007790.tif,धरो
Dataset/clean/007791.tif,Dataset/noisy/007791.tif,धोयी
Dataset/clean/007792.tif,Dataset/noisy/007792.tif,कविः
Dataset/clean/007793.tif,Dataset/noisy/007793.tif,जय
Dataset/clean/007794.tif,Dataset/noisy/007794.tif,करोति
Dataset/clean/007795.tif,Dataset/noisy/007795.tif,२
Dataset/clean/007796.tif,Dataset/noisy/007796.tif,प्रलय
Dataset/clean/007797.tif,Dataset/noisy/007797.tif,पयो
Dataset/clean/007798.tif,Dataset/noisy/007798.tif,धिजले
Dataset/clean/007799.tif,Dataset/noisy/007799.tif,ष्टत
Dataset/clean/007800.tif,Dataset/noisy/007800.tif,दीशहरे
Dataset/clean/007801.tif,Dataset/noisy/007801.tif,जग
Dataset/clean/007802.tif,Dataset/noisy/007802.tif,सरसं
Dataset/clean/007803.tif,Dataset/noisy/007803.tif,क्ष्माप
Dataset/clean/007804.tif,Dataset/noisy/007804.tif,।
Dataset/clean/007805.tif,Dataset/noisy/007805.tif,तिः
Dataset/clean/007806.tif,Dataset/noisy/007806.tif,॥४॥
Dataset/clean/007807.tif,Dataset/noisy/007807.tif,माल
Dataset/clean/007808.tif,Dataset/noisy/007808.tif,रूप
Dataset/clean/007809.tif,Dataset/noisy/007809.tif,जय
Dataset/clean/007810.tif,Dataset/noisy/007810.tif,जगदीश
Dataset/clean/007811.tif,Dataset/noisy/007811.tif,हरे
Dataset/clean/007812.tif,Dataset/noisy/007812.tif,दंकेश
Dataset/clean/007813.tif,Dataset/noisy/007813.tif,वध्टत
Dataset/clean/007814.tif,Dataset/noisy/007814.tif,मीन
Dataset/clean/007815.tif,Dataset/noisy/007815.tif,शरीर
Dataset/clean/007816.tif,Dataset/noisy/007816.tif,एव
Dataset/clean/007817.tif,Dataset/noisy/007817.tif,जयदेव
Dataset/clean/007818.tif,Dataset/noisy/007818.tif,रांजानीते
Dataset/clean/007819.tif,Dataset/noisy/007819.tif,कांतप
Dataset/clean/007820.tif,Dataset/noisy/007820.tif,कोमल
Dataset/clean/007821.tif,Dataset/noisy/007821.tif,॥३॥
Dataset/clean/007822.tif,Dataset/noisy/007822.tif,सरस्वती
Dataset/clean/007823.tif,Dataset/noisy/007823.tif,यदेव
Dataset/clean/007824.tif,Dataset/noisy/007824.tif,दाज
Dataset/clean/007825.tif,Dataset/noisy/007825.tif,श्रएक᳭त
Dataset/clean/007826.tif,Dataset/noisy/007826.tif,दावली
Dataset/clean/007827.tif,Dataset/noisy/007827.tif,श्रुद्विंगि
Dataset/clean/007828.tif,Dataset/noisy/007828.tif,संदर्भ
Dataset/clean/007829.tif,Dataset/noisy/007829.tif,विश्रु
Dataset/clean/007830.tif,Dataset/noisy/007830.tif,कोपिन
Dataset/clean/007831.tif,Dataset/noisy/007831.tif,स्फ्द्वी
Dataset/clean/007832.tif,Dataset/noisy/007832.tif,गोवर्द्वन
Dataset/clean/007833.tif,Dataset/noisy/007833.tif,मधुर
Dataset/clean/007834.tif,Dataset/noisy/007834.tif,॥
Dataset/clean/007835.tif,Dataset/noisy/007835.tif,हलं
Dataset/clean/007836.tif,Dataset/noisy/007836.tif,सुकुतू
Dataset/clean/007837.tif,Dataset/noisy/007837.tif,वरागे
Dataset/clean/007838.tif,Dataset/noisy/007838.tif,॥
Dataset/clean/007839.tif,Dataset/noisy/007839.tif,कताले
Dataset/clean/007840.tif,Dataset/noisy/007840.tif,त्प्रमेय
Dataset/clean/007841.tif,Dataset/noisy/007841.tif,त्तरस
Dataset/clean/007842.tif,Dataset/noisy/007842.tif,श्रृंगारो
Dataset/clean/007843.tif,Dataset/noisy/007843.tif,सकला
Dataset/clean/007844.tif,Dataset/noisy/007844.tif,दिविला
Dataset/clean/007845.tif,Dataset/noisy/007845.tif,पल्लव
Dataset/clean/007846.tif,Dataset/noisy/007846.tif,पदं
Dataset/clean/007847.tif,Dataset/noisy/007847.tif,ध्कव
Dataset/clean/007848.tif,Dataset/noisy/007848.tif,॥
Dataset/clean/007849.tif,Dataset/noisy/007849.tif,क्षितिरति
Dataset/clean/007850.tif,Dataset/noisy/007850.tif,विपुल
Dataset/clean/007851.tif,Dataset/noisy/007851.tif,मनोय
Dataset/clean/007852.tif,Dataset/noisy/007852.tif,वानसि।
Dataset/clean/007853.tif,Dataset/noisy/007853.tif,वेदं
Dataset/clean/007854.tif,Dataset/noisy/007854.tif,॥
Dataset/clean/007855.tif,Dataset/noisy/007855.tif,विहित
Dataset/clean/007856.tif,Dataset/noisy/007856.tif,वहित्रच
Dataset/clean/007857.tif,Dataset/noisy/007857.tif,रित्रमखे।
Dataset/clean/007858.tif,Dataset/noisy/007858.tif,ळप
Dataset/clean/007859.tif,Dataset/noisy/007859.tif,तरेतव
Dataset/clean/007860.tif,Dataset/noisy/007860.tif,तिष्ठ
Dataset/clean/007861.tif,Dataset/noisy/007861.tif,तिष्ट
Dataset/clean/007862.tif,Dataset/noisy/007862.tif,ष्टेधरएिा
Dataset/clean/007863.tif,Dataset/noisy/007863.tif,धरएा
Dataset/clean/007864.tif,Dataset/noisy/007864.tif,किएाच
Dataset/clean/007865.tif,Dataset/noisy/007865.tif,कगरिष्टे
Dataset/clean/007866.tif,Dataset/noisy/007866.tif,।
Dataset/clean/007867.tif,Dataset/noisy/007867.tif,त्र्कियांयां
Dataset/clean/007868.tif,Dataset/noisy/007868.tif,यत्र
Dataset/clean/007869.tif,Dataset/noisy/007869.tif,नौकावेष्टितं
Dataset/clean/007870.tif,Dataset/noisy/007870.tif,कारण
Dataset/clean/007871.tif,Dataset/noisy/007871.tif,समुद्रतरण
Dataset/clean/007872.tif,Dataset/noisy/007872.tif,चरित्रं
Dataset/clean/007873.tif,Dataset/noisy/007873.tif,वहित्र
Dataset/clean/007874.tif,Dataset/noisy/007874.tif,विहितं
Dataset/clean/007875.tif,Dataset/noisy/007875.tif,थास्यात्तथा
Dataset/clean/007876.tif,Dataset/noisy/007876.tif,कथंय
Dataset/clean/007877.tif,Dataset/noisy/007877.tif,मंयथापुनः
Dataset/clean/007878.tif,Dataset/noisy/007878.tif,अपस्श्रि
Dataset/clean/007879.tif,Dataset/noisy/007879.tif,अखेदं
Dataset/clean/007880.tif,Dataset/noisy/007880.tif,कथं
Dataset/clean/007881.tif,Dataset/noisy/007881.tif,वर्द्ध
Dataset/clean/007882.tif,Dataset/noisy/007882.tif,।
Dataset/clean/007883.tif,Dataset/noisy/007883.tif,॥
Dataset/clean/007884.tif,Dataset/noisy/007884.tif,शहरे
Dataset/clean/007885.tif,Dataset/noisy/007885.tif,धरण्पा
Dataset/clean/007886.tif,Dataset/noisy/007886.tif,भूते
Dataset/clean/007887.tif,Dataset/noisy/007887.tif,कथं
Dataset/clean/007888.tif,Dataset/noisy/007888.tif,पुनः
Dataset/clean/007889.tif,Dataset/noisy/007889.tif,पराथेयिन१
Dataset/clean/007890.tif,Dataset/noisy/007890.tif,विपुलतरः
Dataset/clean/007891.tif,Dataset/noisy/007891.tif,अतित्र्कत्वः
Dataset/clean/007892.tif,Dataset/noisy/007892.tif,विपुलतरे
Dataset/clean/007893.tif,Dataset/noisy/007893.tif,अति
Dataset/clean/007894.tif,Dataset/noisy/007894.tif,भूतेप्टष्टे
Dataset/clean/007895.tif,Dataset/noisy/007895.tif,कथं
Dataset/clean/007896.tif,Dataset/noisy/007896.tif,न्वयः
Dataset/clean/007897.tif,Dataset/noisy/007897.tif,तिष्टतीत्य
Dataset/clean/007898.tif,Dataset/noisy/007898.tif,क्षितिः
Dataset/clean/007899.tif,Dataset/noisy/007899.tif,त्वप्टष्टे
Dataset/clean/007900.tif,Dataset/noisy/007900.tif,वर्द्धयस्व
Dataset/clean/007901.tif,Dataset/noisy/007901.tif,उत्कर्पूेण
Dataset/clean/007902.tif,Dataset/noisy/007902.tif,तय
Dataset/clean/007903.tif,Dataset/noisy/007903.tif,जय
Dataset/clean/007904.tif,Dataset/noisy/007904.tif,हेजगदीशहरे
Dataset/clean/007905.tif,Dataset/noisy/007905.tif,कछपरूपंयेन
Dataset/clean/007906.tif,Dataset/noisy/007906.tif,केशवूधृतं
Dataset/clean/007907.tif,Dataset/noisy/007907.tif,हे
Dataset/clean/007908.tif,Dataset/noisy/007908.tif,।
Dataset/clean/007909.tif,Dataset/noisy/007909.tif,जयजगदीशहरे
Dataset/clean/007910.tif,Dataset/noisy/007910.tif,कररूप
Dataset/clean/007911.tif,Dataset/noisy/007911.tif,क्षितिरिति
Dataset/clean/007912.tif,Dataset/noisy/007912.tif,॥३॥
Dataset/clean/007913.tif,Dataset/noisy/007913.tif,रेखेव
Dataset/clean/007914.tif,Dataset/noisy/007914.tif,॥३॥
Dataset/clean/007915.tif,Dataset/noisy/007915.tif,केशवधृतशूक
Dataset/clean/007916.tif,Dataset/noisy/007916.tif,॥
Dataset/clean/007917.tif,Dataset/noisy/007917.tif,कलेवनिमग्ना
Dataset/clean/007918.tif,Dataset/noisy/007918.tif,कलंक
Dataset/clean/007919.tif,Dataset/noisy/007919.tif,शिनि
Dataset/clean/007920.tif,Dataset/noisy/007920.tif,लग्नाश
Dataset/clean/007921.tif,Dataset/noisy/007921.tif,तव
Dataset/clean/007922.tif,Dataset/noisy/007922.tif,धरणी
Dataset/clean/007923.tif,Dataset/noisy/007923.tif,शिखरे
Dataset/clean/007924.tif,Dataset/noisy/007924.tif,दशन
Dataset/clean/007925.tif,Dataset/noisy/007925.tif,वसति
Dataset/clean/007926.tif,Dataset/noisy/007926.tif,॥२॥
Dataset/clean/007927.tif,Dataset/noisy/007927.tif,गदी
Dataset/clean/007928.tif,Dataset/noisy/007928.tif,जयज
Dataset/clean/007929.tif,Dataset/noisy/007929.tif,रूप
Dataset/clean/007930.tif,Dataset/noisy/007930.tif,धृतकछप
Dataset/clean/007931.tif,Dataset/noisy/007931.tif,केशव
Dataset/clean/007932.tif,Dataset/noisy/007932.tif,॥
Dataset/clean/007933.tif,Dataset/noisy/007933.tif,धरणकिणचत्र्कगरिष्टे
Dataset/clean/007934.tif,Dataset/noisy/007934.tif,धरणि
Dataset/clean/007935.tif,Dataset/noisy/007935.tif,तिप्टष्टे
Dataset/clean/007936.tif,Dataset/noisy/007936.tif,तवतिष्ट
Dataset/clean/007937.tif,Dataset/noisy/007937.tif,विपुलतरे
Dataset/clean/007938.tif,Dataset/noisy/007938.tif,रिति
Dataset/clean/007939.tif,Dataset/noisy/007939.tif,क्षिति
Dataset/clean/007940.tif,Dataset/noisy/007940.tif,मखेदं
Dataset/clean/007941.tif,Dataset/noisy/007941.tif,चरित्र
Dataset/clean/007942.tif,Dataset/noisy/007942.tif,वहित्र
Dataset/clean/007943.tif,Dataset/noisy/007943.tif,विहित
Dataset/clean/007944.tif,Dataset/noisy/007944.tif,सिवेदं
Dataset/clean/007945.tif,Dataset/noisy/007945.tif,धृतवान
Dataset/clean/007946.tif,Dataset/noisy/007946.tif,पयोधिजले
Dataset/clean/007947.tif,Dataset/noisy/007947.tif,प्रलय
Dataset/clean/007948.tif,Dataset/noisy/007948.tif,॥१॥
Dataset/clean/007949.tif,Dataset/noisy/007949.tif,जयजगदीशहरे
Dataset/clean/007950.tif,Dataset/noisy/007950.tif,शरीर
Dataset/clean/007951.tif,Dataset/noisy/007951.tif,केशवधृतमीन
Dataset/clean/007952.tif,Dataset/noisy/007952.tif,कलंक
Dataset/clean/007953.tif,Dataset/noisy/007953.tif,कलेव
Dataset/clean/007954.tif,Dataset/noisy/007954.tif,कलंक
Dataset/clean/007955.tif,Dataset/noisy/007955.tif,स्थिता
Dataset/clean/007956.tif,Dataset/noisy/007956.tif,निचंडेनिमग्नअंतः
Dataset/clean/007957.tif,Dataset/noisy/007957.tif,शशि
Dataset/clean/007958.tif,Dataset/noisy/007958.tif,केवल
Dataset/clean/007959.tif,Dataset/noisy/007959.tif,दृष्टांत:
Dataset/clean/007960.tif,Dataset/noisy/007960.tif,तत्र
Dataset/clean/007961.tif,Dataset/noisy/007961.tif,वसति
Dataset/clean/007962.tif,Dataset/noisy/007962.tif,संवद्धा
Dataset/clean/007963.tif,Dataset/noisy/007963.tif,संलग्ना
Dataset/clean/007964.tif,Dataset/noisy/007964.tif,रणी
Dataset/clean/007965.tif,Dataset/noisy/007965.tif,दंताग्रभागेध
Dataset/clean/007966.tif,Dataset/noisy/007966.tif,शिखरे
Dataset/clean/007967.tif,Dataset/noisy/007967.tif,सेवदशन
Dataset/clean/007968.tif,Dataset/noisy/007968.tif,॥
Dataset/clean/007969.tif,Dataset/noisy/007969.tif,धृतंशूकर
Dataset/clean/007970.tif,Dataset/noisy/007970.tif,॥२॥
Dataset/clean/007971.tif,Dataset/noisy/007971.tif,स्मिन्
Dataset/clean/007972.tif,Dataset/noisy/007972.tif,यस्मिन्त
Dataset/clean/007973.tif,Dataset/noisy/007973.tif,यत्किण
Dataset/clean/007974.tif,Dataset/noisy/007974.tif,वहनेने
Dataset/clean/007975.tif,Dataset/noisy/007975.tif,धरणेन
Dataset/clean/007976.tif,Dataset/noisy/007976.tif,प्रवंधैः
Dataset/clean/007977.tif,Dataset/noisy/007977.tif,रचनेः
Dataset/clean/007978.tif,Dataset/noisy/007978.tif,नितेषां
Dataset/clean/007979.tif,Dataset/noisy/007979.tif,निवाक्या
Dataset/clean/007980.tif,Dataset/noisy/007980.tif,प्रमेया
Dataset/clean/007981.tif,Dataset/noisy/007981.tif,नि
Dataset/clean/007982.tif,Dataset/noisy/007982.tif,उत्कृष्टा
Dataset/clean/007983.tif,Dataset/noisy/007983.tif,निसंति
Dataset/clean/007984.tif,Dataset/noisy/007984.tif,प्रघाना
Dataset/clean/007985.tif,Dataset/noisy/007985.tif,धोयी
Dataset/clean/007986.tif,Dataset/noisy/007986.tif,॥
Dataset/clean/007987.tif,Dataset/noisy/007987.tif,त्पर्थः
Dataset/clean/007988.tif,Dataset/noisy/007988.tif,करोती
Dataset/clean/007989.tif,Dataset/noisy/007989.tif,मेव
Dataset/clean/007990.tif,Dataset/noisy/007990.tif,प्रधान
Dataset/clean/007991.tif,Dataset/noisy/007991.tif,श्रृंगार
Dataset/clean/007992.tif,Dataset/noisy/007992.tif,कविः
Dataset/clean/007993.tif,Dataset/noisy/007993.tif,गोवर्द्धनः
Dataset/clean/007994.tif,Dataset/noisy/007994.tif,चार्य्य
Dataset/clean/007995.tif,Dataset/noisy/007995.tif,आ
Dataset/clean/007996.tif,Dataset/noisy/007996.tif,विश्रुतः
Dataset/clean/007997.tif,Dataset/noisy/007997.tif,पिन
Dataset/clean/007998.tif,Dataset/noisy/007998.tif,को
Dataset/clean/007999.tif,Dataset/noisy/007999.tif,नस्पर्द्धी
Dataset/clean/008000.tif,Dataset/noisy/008000.tif,गोवर्द्ध
Dataset/clean/008001.tif,Dataset/noisy/008001.tif,आ
Dataset/clean/008002.tif,Dataset/noisy/008002.tif,चार्य्य
Dataset/clean/008003.tif,Dataset/noisy/008003.tif,प्रवंधैः
Dataset/clean/008004.tif,Dataset/noisy/008004.tif,चनैः
Dataset/clean/008005.tif,Dataset/noisy/008005.tif,नितेषांर
Dataset/clean/008006.tif,Dataset/noisy/008006.tif,णिवाक्या
Dataset/clean/008007.tif,Dataset/noisy/008007.tif,आचार्या
Dataset/clean/008008.tif,Dataset/noisy/008008.tif,हणे
Dataset/clean/008009.tif,Dataset/noisy/008009.tif,दिग्र
Dataset/clean/008010.tif,Dataset/noisy/008010.tif,नरर्था
Dataset/clean/008011.tif,Dataset/noisy/008011.tif,नपु
Dataset/clean/008012.tif,Dataset/noisy/008012.tif,रयति
Dataset/clean/008013.tif,Dataset/noisy/008013.tif,प्रवीण
Dataset/clean/008014.tif,Dataset/noisy/008014.tif,इति
Dataset/clean/008015.tif,Dataset/noisy/008015.tif,॥४॥
Dataset/clean/008016.tif,Dataset/noisy/008016.tif,२
Dataset/clean/008017.tif,Dataset/noisy/008017.tif,एमः
Dataset/clean/008018.tif,Dataset/noisy/008018.tif,॥४॥
Dataset/clean/008019.tif,Dataset/noisy/008019.tif,क्ष्मापतिः
Dataset/clean/008020.tif,Dataset/noisy/008020.tif,कविः
Dataset/clean/008021.tif,Dataset/noisy/008021.tif,धोयी
Dataset/clean/008022.tif,Dataset/noisy/008022.tif,धरो
Dataset/clean/008023.tif,Dataset/noisy/008023.tif,चार्य्या
Dataset/clean/008024.tif,Dataset/noisy/008024.tif,चनैरा
Dataset/clean/008025.tif,Dataset/noisy/008025.tif,त्प्रमेयर
Dataset/clean/008026.tif,Dataset/noisy/008026.tif,रोत्तरस
Dataset/clean/008027.tif,Dataset/noisy/008027.tif,शृङ्गा
Dataset/clean/008028.tif,Dataset/noisy/008028.tif,॥
Dataset/clean/008029.tif,Dataset/noisy/008029.tif,दुरुूहदुतेः
Dataset/clean/008030.tif,Dataset/noisy/008030.tif,श्र्लाघ्यो
Dataset/clean/008031.tif,Dataset/noisy/008031.tif,णः
Dataset/clean/008032.tif,Dataset/noisy/008032.tif,जय‌दे‌वएवशर
Dataset/clean/008033.tif,Dataset/noisy/008033.tif,नीते
Dataset/clean/008034.tif,Dataset/noisy/008034.tif,गिरांजा
Dataset/clean/008035.tif,Dataset/noisy/008035.tif,र्भश्रुद्विं
Dataset/clean/008036.tif,Dataset/noisy/008036.tif,धरस्त्मन्द
Dataset/clean/008037.tif,Dataset/noisy/008037.tif,मापति
Dataset/clean/008038.tif,Dataset/noisy/008038.tif,यत्पु
Dataset/clean/008039.tif,Dataset/noisy/008039.tif,पल्लव
Dataset/clean/008040.tif,Dataset/noisy/008040.tif,वाचः
Dataset/clean/008041.tif,Dataset/noisy/008041.tif,नविश्र्कतः
Dataset/clean/008042.tif,Dataset/noisy/008042.tif,र्द्वीकोपि
Dataset/clean/008043.tif,Dataset/noisy/008043.tif,॥
Dataset/clean/008044.tif,Dataset/noisy/008044.tif,॥
Dataset/clean/008045.tif,Dataset/noisy/008045.tif,॥
Dataset/clean/008046.tif,Dataset/noisy/008046.tif,॥
Dataset/clean/008047.tif,Dataset/noisy/008047.tif,॥
Dataset/clean/008048.tif,Dataset/noisy/008048.tif,नस्य
Dataset/clean/008049.tif,Dataset/noisy/008049.tif,गोवर्द्व
Dataset/clean/008050.tif,Dataset/noisy/008050.tif,श्रुति
Dataset/clean/008051.tif,Dataset/noisy/008051.tif,श्रृंगार
Dataset/clean/008052.tif,Dataset/noisy/008052.tif,त्तराणि
Dataset/clean/008053.tif,Dataset/noisy/008053.tif,श्रृंगारो
Dataset/clean/008054.tif,Dataset/noisy/008054.tif,।
Dataset/clean/008055.tif,Dataset/noisy/008055.tif,श्रृंगारेति
Dataset/clean/008056.tif,Dataset/noisy/008056.tif,।
Dataset/clean/008057.tif,Dataset/noisy/008057.tif,स्तुत्यः
Dataset/clean/008058.tif,Dataset/noisy/008058.tif,श्र्लाघ्यः
Dataset/clean/008059.tif,Dataset/noisy/008059.tif,णतः
Dataset/clean/008060.tif,Dataset/noisy/008060.tif,च्चारवः
Dataset/clean/008061.tif,Dataset/noisy/008061.tif,स्यशीघ्रो
Dataset/clean/008062.tif,Dataset/noisy/008062.tif,स्यग्रंथ
Dataset/clean/008063.tif,Dataset/noisy/008063.tif,विषम
Dataset/clean/008064.tif,Dataset/noisy/008064.tif,दुतेः
Dataset/clean/008065.tif,Dataset/noisy/008065.tif,दुरुूह
Dataset/clean/008066.tif,Dataset/noisy/008066.tif,कवि
Dataset/clean/008067.tif,Dataset/noisy/008067.tif,शरण
Dataset/clean/008068.tif,Dataset/noisy/008068.tif,इत्पर्थः
Dataset/clean/008069.tif,Dataset/noisy/008069.tif,तेनान्य
Dataset/clean/008070.tif,Dataset/noisy/008070.tif,जानी
Dataset/clean/008071.tif,Dataset/noisy/008071.tif,जयदेव
Dataset/clean/008072.tif,Dataset/noisy/008072.tif,विश्वद्विं
Dataset/clean/008073.tif,Dataset/noisy/008073.tif,श्र्वग्रंथन
Dataset/clean/008074.tif,Dataset/noisy/008074.tif,शव्दत
Dataset/clean/008075.tif,Dataset/noisy/008075.tif,अर्थतः
Dataset/clean/008076.tif,Dataset/noisy/008076.tif,श्रुद्धिं
Dataset/clean/008077.tif,Dataset/noisy/008077.tif,संदर्भ
Dataset/clean/008078.tif,Dataset/noisy/008078.tif,।
Dataset/clean/008079.tif,Dataset/noisy/008079.tif,वच
Dataset/clean/008080.tif,Dataset/noisy/008080.tif,विर्वाचः
Dataset/clean/008081.tif,Dataset/noisy/008081.tif,क
Dataset/clean/008082.tif,Dataset/noisy/008082.tif,तिधरः
Dataset/clean/008083.tif,Dataset/noisy/008083.tif,उमाय
Dataset/clean/008084.tif,Dataset/noisy/008084.tif,वाचइति
Dataset/clean/008085.tif,Dataset/noisy/008085.tif,॥
Dataset/clean/008086.tif,Dataset/noisy/008086.tif,न्नाह
Dataset/clean/008087.tif,Dataset/noisy/008087.tif,न्यह्रंथे
Dataset/clean/008088.tif,Dataset/noisy/008088.tif,कविर
Dataset/clean/008089.tif,Dataset/noisy/008089.tif,तिद्योतय
Dataset/clean/008090.tif,Dataset/noisy/008090.tif,संती
Dataset/clean/008091.tif,Dataset/noisy/008091.tif,वोगुएााः
Dataset/clean/008092.tif,Dataset/noisy/008092.tif,वह
Dataset/clean/008093.tif,Dataset/noisy/008093.tif,मह्रंथे
Dataset/clean/008094.tif,Dataset/noisy/008094.tif,भ्यो
Dataset/clean/008095.tif,Dataset/noisy/008095.tif,णारिवां
Dataset/clean/008096.tif,Dataset/noisy/008096.tif,नतुगु
Dataset/clean/008097.tif,Dataset/noisy/008097.tif,रयति
Dataset/clean/008098.tif,Dataset/noisy/008098.tif,विस्ता
Dataset/clean/008099.tif,Dataset/noisy/008099.tif,वयति
Dataset/clean/008100.tif,Dataset/noisy/008100.tif,नानिपरंपूल्ल
Dataset/clean/008101.tif,Dataset/noisy/008101.tif,॥१॥
Dataset/clean/008102.tif,Dataset/noisy/008102.tif,।
Dataset/clean/008103.tif,Dataset/noisy/008103.tif,२
Dataset/clean/008104.tif,Dataset/noisy/008104.tif,गी०टी०
Dataset/clean/008105.tif,Dataset/noisy/008105.tif,रूूपंयेन
Dataset/clean/008106.tif,Dataset/noisy/008106.tif,चक्रंशूशकवर्ण
Dataset/clean/008107.tif,Dataset/noisy/008107.tif,उत्कर्षेण
Dataset/clean/008108.tif,Dataset/noisy/008108.tif,जय
Dataset/clean/008109.tif,Dataset/noisy/008109.tif,हरे
Dataset/clean/008110.tif,Dataset/noisy/008110.tif,जगदीश
Dataset/clean/008111.tif,Dataset/noisy/008111.tif,हे
Dataset/clean/008112.tif,Dataset/noisy/008112.tif,येन
Dataset/clean/008113.tif,Dataset/noisy/008113.tif,द्वरणार्थ
Dataset/clean/008114.tif,Dataset/noisy/008114.tif,वेदो
Dataset/clean/008115.tif,Dataset/noisy/008115.tif,शरीरं
Dataset/clean/008116.tif,Dataset/noisy/008116.tif,धृतंमीन
Dataset/clean/008117.tif,Dataset/noisy/008117.tif,केशव
Dataset/clean/008118.tif,Dataset/noisy/008118.tif,हे
Dataset/clean/008119.tif,Dataset/noisy/008119.tif,।
Dataset/clean/008120.tif,Dataset/noisy/008120.tif,इत्यंतं
Dataset/clean/008121.tif,Dataset/noisy/008121.tif,जगदीश
Dataset/clean/008122.tif,Dataset/noisy/008122.tif,॥
Dataset/clean/008123.tif,Dataset/noisy/008123.tif,प्रलयत्यादि
Dataset/clean/008124.tif,Dataset/noisy/008124.tif,॥
Dataset/clean/008125.tif,Dataset/noisy/008125.tif,ह
Dataset/clean/008126.tif,Dataset/noisy/008126.tif,नमा
Dataset/clean/008127.tif,Dataset/noisy/008127.tif,रवार्ण
Dataset/clean/008128.tif,Dataset/noisy/008128.tif,शावता
Dataset/clean/008129.tif,Dataset/noisy/008129.tif,चद
Dataset/clean/008130.tif,Dataset/noisy/008130.tif,प्रहांर्थ
Dataset/clean/008131.tif,Dataset/noisy/008131.tif,नाभत्र्यनु
Dataset/clean/008132.tif,Dataset/noisy/008132.tif,कविरधु
Dataset/clean/008133.tif,Dataset/noisy/008133.tif,राजः
Dataset/clean/008134.tif,Dataset/noisy/008134.tif,राग
Dataset/clean/008135.tif,Dataset/noisy/008135.tif,मालव
Dataset/clean/008136.tif,Dataset/noisy/008136.tif,शालां
Dataset/clean/008137.tif,Dataset/noisy/008137.tif,सङ्केत
Dataset/clean/008138.tif,Dataset/noisy/008138.tif,॥
Dataset/clean/008139.tif,Dataset/noisy/008139.tif,न्प्रमत्तः
Dataset/clean/008140.tif,Dataset/noisy/008140.tif,लवा
Dataset/clean/008141.tif,Dataset/noisy/008141.tif,कुण्ड
Dataset/clean/008142.tif,Dataset/noisy/008142.tif,श्रुकध्कतिः
Dataset/clean/008143.tif,Dataset/noisy/008143.tif,वक्रपद्मः
Dataset/clean/008144.tif,Dataset/noisy/008144.tif,चुंवित
Dataset/clean/008145.tif,Dataset/noisy/008145.tif,विनी
Dataset/clean/008146.tif,Dataset/noisy/008146.tif,नितं
Dataset/clean/008147.tif,Dataset/noisy/008147.tif,क्षणं
Dataset/clean/008148.tif,Dataset/noisy/008148.tif,तल्ल
Dataset/clean/008149.tif,Dataset/noisy/008149.tif,॥
Dataset/clean/008150.tif,Dataset/noisy/008150.tif,रागः
Dataset/clean/008151.tif,Dataset/noisy/008151.tif,मालव
Dataset/clean/008152.tif,Dataset/noisy/008152.tif,गीतम्प
Dataset/clean/008153.tif,Dataset/noisy/008153.tif,अस्प
Dataset/clean/008154.tif,Dataset/noisy/008154.tif,धरो
Dataset/clean/008155.tif,Dataset/noisy/008155.tif,माला
Dataset/clean/008156.tif,Dataset/noisy/008156.tif,प्रदोषे
Dataset/clean/008157.tif,Dataset/noisy/008157.tif,विशति
Dataset/clean/008158.tif,Dataset/noisy/008158.tif,यस्व
Dataset/clean/008159.tif,Dataset/noisy/008159.tif,॥
Dataset/clean/008160.tif,Dataset/noisy/008160.tif,कस्मां
Dataset/clean/008161.tif,Dataset/noisy/008161.tif,दित्यतआह
Dataset/clean/008162.tif,Dataset/noisy/008162.tif,।
Dataset/clean/008163.tif,Dataset/noisy/008163.tif,त्वंप्रलय
Dataset/clean/008164.tif,Dataset/noisy/008164.tif,पयोधिजले
Dataset/clean/008165.tif,Dataset/noisy/008165.tif,कल्यांत
Dataset/clean/008166.tif,Dataset/noisy/008166.tif,समुद्रजले
Dataset/clean/008167.tif,Dataset/noisy/008167.tif,वेदंधृतवानसि
Dataset/clean/008168.tif,Dataset/noisy/008168.tif,॥१॥
Dataset/clean/008169.tif,Dataset/noisy/008169.tif,रुप
Dataset/clean/008170.tif,Dataset/noisy/008170.tif,जगदशि
Dataset/clean/008171.tif,Dataset/noisy/008171.tif,तुमजय
Dataset/clean/008172.tif,Dataset/noisy/008172.tif,अति
Dataset/clean/008173.tif,Dataset/noisy/008173.tif,विपुल
Dataset/clean/008174.tif,Dataset/noisy/008174.tif,तरेव
Dataset/clean/008175.tif,Dataset/noisy/008175.tif,हुतहैपाठतो
Dataset/clean/008176.tif,Dataset/noisy/008176.tif,परिक्षिति
Dataset/clean/008177.tif,Dataset/noisy/008177.tif,पृव्था
Dataset/clean/008178.tif,Dataset/noisy/008178.tif,तिष्टति
Dataset/clean/008179.tif,Dataset/noisy/008179.tif,रहतिहै
Dataset/clean/008180.tif,Dataset/noisy/008180.tif,॥
Dataset/clean/008181.tif,Dataset/noisy/008181.tif,पुन:
Dataset/clean/008182.tif,Dataset/noisy/008182.tif,कसी
Dataset/clean/008183.tif,Dataset/noisy/008183.tif,है
Dataset/clean/008184.tif,Dataset/noisy/008184.tif,कौजुउ
Dataset/clean/008185.tif,Dataset/noisy/008185.tif,धारिबौ
Dataset/clean/008186.tif,Dataset/noisy/008186.tif,॥
Dataset/clean/008187.tif,Dataset/noisy/008187.tif,तातै
Dataset/clean/008188.tif,Dataset/noisy/008188.tif,किएाजु
Dataset/clean/008189.tif,Dataset/noisy/008189.tif,है
Dataset/clean/008190.tif,Dataset/noisy/008190.tif,गाठिरक्त
Dataset/clean/008191.tif,Dataset/noisy/008191.tif,यथि
Dataset/clean/008192.tif,Dataset/noisy/008192.tif,वऊत
Dataset/clean/008193.tif,Dataset/noisy/008193.tif,वत्र्तकै
Dataset/clean/008194.tif,Dataset/noisy/008194.tif,आकारिसोलि
Dataset/clean/008195.tif,Dataset/noisy/008195.tif,तुहै
Dataset/clean/008196.tif,Dataset/noisy/008196.tif,॥२॥
Dataset/clean/008197.tif,Dataset/noisy/008197.tif,वस
Dataset/clean/008198.tif,Dataset/noisy/008198.tif,तिदसन
Dataset/clean/008199.tif,Dataset/noisy/008199.tif,शिषरेघर
Dataset/clean/008200.tif,Dataset/noisy/008200.tif,विछ्मापतिः
Dataset/clean/008201.tif,Dataset/noisy/008201.tif,धोईक
Dataset/clean/008202.tif,Dataset/noisy/008202.tif,॥४॥।
Dataset/clean/008203.tif,Dataset/noisy/008203.tif,नि
Dataset/clean/008204.tif,Dataset/noisy/008204.tif,धास्योहेमीन
Dataset/clean/008205.tif,Dataset/noisy/008205.tif,शरीरमत्सा
Dataset/clean/008206.tif,Dataset/noisy/008206.tif,अखेदं
Dataset/clean/008207.tif,Dataset/noisy/008207.tif,श्रमरहित
Dataset/clean/008208.tif,Dataset/noisy/008208.tif,जिनउधरे
Dataset/clean/008209.tif,Dataset/noisy/008209.tif,॥१॥
Dataset/clean/008210.tif,Dataset/noisy/008210.tif,क्षिति
Dataset/clean/008211.tif,Dataset/noisy/008211.tif,रिति
Dataset/clean/008212.tif,Dataset/noisy/008212.tif,विपुल
Dataset/clean/008213.tif,Dataset/noisy/008213.tif,तरेतव
Dataset/clean/008214.tif,Dataset/noisy/008214.tif,तिष्टति
Dataset/clean/008215.tif,Dataset/noisy/008215.tif,विसनू
Dataset/clean/008216.tif,Dataset/noisy/008216.tif,प्रदोषेमाला
Dataset/clean/008217.tif,Dataset/noisy/008217.tif,धरोमालवस
Dataset/clean/008218.tif,Dataset/noisy/008218.tif,तिधर
Dataset/clean/008219.tif,Dataset/noisy/008219.tif,श्रृं
Dataset/clean/008220.tif,Dataset/noisy/008220.tif,एम
Dataset/clean/008221.tif,Dataset/noisy/008221.tif,तवलग्ना
Dataset/clean/008222.tif,Dataset/noisy/008222.tif,शशि
Dataset/clean/008223.tif,Dataset/noisy/008223.tif,निकलंककले
Dataset/clean/008224.tif,Dataset/noisy/008224.tif,वनिमग्ना
Dataset/clean/008225.tif,Dataset/noisy/008225.tif,॥
Dataset/clean/008226.tif,Dataset/noisy/008226.tif,केशव
Dataset/clean/008227.tif,Dataset/noisy/008227.tif,धृतश्रूकररुप​
Dataset/clean/008228.tif,Dataset/noisy/008228.tif,जयजगदीशहरै
Dataset/clean/008229.tif,Dataset/noisy/008229.tif,॥
Dataset/clean/008230.tif,Dataset/noisy/008230.tif,अर्थ
Dataset/clean/008231.tif,Dataset/noisy/008231.tif,॥
Dataset/clean/008232.tif,Dataset/noisy/008232.tif,हेकेशव​
Dataset/clean/008233.tif,Dataset/noisy/008233.tif,धृंतधारेपोहै
Dataset/clean/008234.tif,Dataset/noisy/008234.tif,श्रूकररुप
Dataset/clean/008235.tif,Dataset/noisy/008235.tif,॥
Dataset/clean/008236.tif,Dataset/noisy/008236.tif,॥
Dataset/clean/008237.tif,Dataset/noisy/008237.tif,श्लाघ्योइरुहडुते
Dataset/clean/008238.tif,Dataset/noisy/008238.tif,एवशरण
Dataset/clean/008239.tif,Dataset/noisy/008239.tif,अेसेजग
Dataset/clean/008240.tif,Dataset/noisy/008240.tif,दीसतुम्है
Dataset/clean/008241.tif,Dataset/noisy/008241.tif,जयकारी
Dataset/clean/008242.tif,Dataset/noisy/008242.tif,होऊ
Dataset/clean/008243.tif,Dataset/noisy/008243.tif,॥
Dataset/clean/008244.tif,Dataset/noisy/008244.tif,पुनिकेसैहै
Dataset/clean/008245.tif,Dataset/noisy/008245.tif,श्रूकरदशन
Dataset/clean/008246.tif,Dataset/noisy/008246.tif,जुहैदात
Dataset/clean/008247.tif,Dataset/noisy/008247.tif,कौजु
Dataset/clean/008248.tif,Dataset/noisy/008248.tif,गिराज
Dataset/clean/008249.tif,Dataset/noisy/008249.tif,॥५॥
Dataset/clean/008250.tif,Dataset/noisy/008250.tif,मालवरागे
Dataset/clean/008251.tif,Dataset/noisy/008251.tif,॥ ॥
Dataset/clean/008252.tif,Dataset/noisy/008252.tif,प्रलयय
Dataset/clean/008253.tif,Dataset/noisy/008253.tif,योधिजले
Dataset/clean/008254.tif,Dataset/noisy/008254.tif,धृतवान
Dataset/clean/008255.tif,Dataset/noisy/008255.tif,शिषरदा
Dataset/clean/008256.tif,Dataset/noisy/008256.tif,ढकैअयमाग
Dataset/clean/008257.tif,Dataset/noisy/008257.tif,विषैला
Dataset/clean/008258.tif,Dataset/noisy/008258.tif,गीजुहैधरणी
Dataset/clean/008259.tif,Dataset/noisy/008259.tif,धृतकछय
Dataset/clean/008260.tif,Dataset/noisy/008260.tif,॥
Dataset/clean/008261.tif,Dataset/noisy/008261.tif,केशव
Dataset/clean/008262.tif,Dataset/noisy/008262.tif,रुपजयजगदा​
Dataset/clean/008263.tif,Dataset/noisy/008263.tif,शहरै
Dataset/clean/008264.tif,Dataset/noisy/008264.tif,॥
Dataset/clean/008265.tif,Dataset/noisy/008265.tif,अर्थ
Dataset/clean/008266.tif,Dataset/noisy/008266.tif,॥
Dataset/clean/008267.tif,Dataset/noisy/008267.tif,हेकेशय
Dataset/clean/008268.tif,Dataset/noisy/008268.tif,॥
Dataset/clean/008269.tif,Dataset/noisy/008269.tif,धृतधासौ
Dataset/clean/008270.tif,Dataset/noisy/008270.tif,कारीहोऊ
Dataset/clean/008271.tif,Dataset/noisy/008271.tif,॥
Dataset/clean/008272.tif,Dataset/noisy/008272.tif,जगदीस
Dataset/clean/008273.tif,Dataset/noisy/008273.tif,कछपरुप
Dataset/clean/008274.tif,Dataset/noisy/008274.tif,वि
Dataset/clean/008275.tif,Dataset/noisy/008275.tif,हितव्वी
Dataset/clean/008276.tif,Dataset/noisy/008276.tif,नोदैव
Dataset/clean/008277.tif,Dataset/noisy/008277.tif,दित्रनाव
Dataset/clean/008278.tif,Dataset/noisy/008278.tif,कौवरित्र।
Dataset/clean/008279.tif,Dataset/noisy/008279.tif,श​
Dataset/clean/008280.tif,Dataset/noisy/008280.tif,॥
Dataset/clean/008281.tif,Dataset/noisy/008281.tif,विश्र्तत:
Dataset/clean/008282.tif,Dataset/noisy/008282.tif,बितवक्त्रपद्म
Dataset/clean/008283.tif,Dataset/noisy/008283.tif,सुकद्युति
Dataset/clean/008284.tif,Dataset/noisy/008284.tif,साषांप्र
Dataset/clean/008285.tif,Dataset/noisy/008285.tif,विहत
Dataset/clean/008286.tif,Dataset/noisy/008286.tif,वेद
Dataset/clean/008287.tif,Dataset/noisy/008287.tif,केसेहै
Dataset/clean/008288.tif,Dataset/noisy/008288.tif,पीठिधरिणि
Dataset/clean/008289.tif,Dataset/noisy/008289.tif,अर्थ॥हे
Dataset/clean/008290.tif,Dataset/noisy/008290.tif,वतार
Dataset/clean/008291.tif,Dataset/noisy/008291.tif,॥
Dataset/clean/008292.tif,Dataset/noisy/008292.tif,अैसेजगदीश​
Dataset/clean/008293.tif,Dataset/noisy/008293.tif,तुमजयकारी
Dataset/clean/008294.tif,Dataset/noisy/008294.tif,होऊ
Dataset/clean/008295.tif,Dataset/noisy/008295.tif,॥
Dataset/clean/008296.tif,Dataset/noisy/008296.tif,सिवेदं
Dataset/clean/008297.tif,Dataset/noisy/008297.tif,केशवघृत
Dataset/clean/008298.tif,Dataset/noisy/008298.tif,ते
Dataset/clean/008299.tif,Dataset/noisy/008299.tif,विनावुं
Dataset/clean/008300.tif,Dataset/noisy/008300.tif,कुडलवानू
Dataset/clean/008301.tif,Dataset/noisy/008301.tif,प्रमत्रा
Dataset/clean/008302.tif,Dataset/noisy/008302.tif,नवीन
Dataset/clean/008303.tif,Dataset/noisy/008303.tif,अष्ट॰
Dataset/clean/008304.tif,Dataset/noisy/008304.tif,॥
Dataset/clean/008305.tif,Dataset/noisy/008305.tif,गारोत्तर
Dataset/clean/008306.tif,Dataset/noisy/008306.tif,अह्प्रमेयर​
Dataset/clean/008307.tif,Dataset/noisy/008307.tif,वनैराचार्य
Dataset/clean/008308.tif,Dataset/noisy/008308.tif,गो
Dataset/clean/008309.tif,Dataset/noisy/008309.tif,वर्द्वन​:
Dataset/clean/008310.tif,Dataset/noisy/008310.tif,स्पद्वीकोपिन
Dataset/clean/008311.tif,Dataset/noisy/008311.tif,श्र्त​
Dataset/clean/008312.tif,Dataset/noisy/008312.tif,॥१॥
Dataset/clean/008313.tif,Dataset/noisy/008313.tif,वदित्रवरित्रम
Dataset/clean/008314.tif,Dataset/noisy/008314.tif,खेदं
Dataset/clean/008315.tif,Dataset/noisy/008315.tif,॥​
Dataset/clean/008316.tif,Dataset/noisy/008316.tif,केशव
Dataset/clean/008317.tif,Dataset/noisy/008317.tif,धृतमी​
Dataset/clean/008318.tif,Dataset/noisy/008318.tif,नस्नरी
Dataset/clean/008319.tif,Dataset/noisy/008319.tif,रजययगदी
Dataset/clean/008320.tif,Dataset/noisy/008320.tif,स्नहरे
Dataset/clean/008321.tif,Dataset/noisy/008321.tif,कैसोहैमान
Dataset/clean/008322.tif,Dataset/noisy/008322.tif,शरीरा ​​
Dataset/clean/008323.tif,Dataset/noisy/008323.tif,प्रलकाल
Dataset/clean/008324.tif,Dataset/noisy/008324.tif,विषैधृतधारे
Dataset/clean/008325.tif,Dataset/noisy/008325.tif,दैवेद
Dataset/clean/008326.tif,Dataset/noisy/008326.tif,निउद्वुरै
Dataset/clean/008327.tif,Dataset/noisy/008327.tif,॥
Dataset/clean/008328.tif,Dataset/noisy/008328.tif,पृष्टोधरणि
Dataset/clean/008329.tif,Dataset/noisy/008329.tif,धरण
Dataset/clean/008330.tif,Dataset/noisy/008330.tif,किणवक्र
Dataset/clean/008331.tif,Dataset/noisy/008331.tif,गरिष्टे
Dataset/clean/008332.tif,Dataset/noisy/008332.tif,हैकछप
Dataset/clean/008333.tif,Dataset/noisy/008333.tif,अैस्ने
